Date,Date_Str,Commodity_Norm,Crop_Year,Beginning Stocks,Production,Imports,Food,Industrial,FSR,Exports,Ending Stocks,Yield_BU_AC,Harvested_MLN_AC,Source,Data_Type,CHECK
1997-07-01,1997-07-01,Barley,1996,1740.0,15562.0,18.8,6.9,372.1,10015.0,4007.8,2919.0,,,CMFT_Engine,Balanced,-9.094947017729282e-13
1998-07-01,1998-07-01,Barley,1997,2919.0,13533.9,34.6,9.3,267.7,10972.2,2779.3,2459.0,,,CMFT_Engine,Balanced,-9.094947017729282e-13
1999-07-01,1999-07-01,Barley,1998,2459.0,12708.7,55.4,10.4,351.8,10425.900000000001,1698.0,2737.0,,,CMFT_Engine,Balanced,0.0
2000-07-01,2000-07-01,Barley,1999,2737.0,13196.0,33.1,8.2,384.7,10343.3,2391.9,2838.0,,,CMFT_Engine,Balanced,-4.547473508864641e-13
2001-07-01,2001-07-01,Barley,2000,2838.0,13228.6,39.7,8.3,349.6,10591.400000000001,2641.0,2516.0,,,CMFT_Engine,Balanced,0.0
2002-07-01,2002-07-01,Barley,2001,2516.0,10845.6,111.6,7.6,286.7,9361.7,1769.7,2047.5,,,CMFT_Engine,Balanced,-1.1368683772161603e-12
2003-07-01,2003-07-01,Barley,2002,2047.5,7467.7,258.8,6.1,311.5,7036.599999999999,945.0,1474.8,,,CMFT_Engine,Balanced,2.2737367544323206e-13
2004-07-01,2004-07-01,Barley,2003,1474.8,12164.2,35.5,9.0,277.9,8804.8,2480.8,2102.0,,,CMFT_Engine,Balanced,9.094947017729282e-13
2005-07-01,2005-07-01,Barley,2004,2102.0,12556.7,82.6,9.5,257.6,9175.9,1863.2,3435.1,,,CMFT_Engine,Balanced,1.3642420526593924e-12
2006-07-01,2006-07-01,Barley,2005,3435.1,11677.6,45.8,13.5,153.3,8727.900000000001,2975.1,3288.7,,,CMFT_Engine,Balanced,-4.547473508864641e-13
2007-07-01,2007-07-01,Barley,2006,3288.7,9573.1,43.6,21.5,169.8,9195.099999999999,2028.3,1490.7,,,CMFT_Engine,Balanced,1.8189894035458565e-12
2008-07-01,2008-07-01,Barley,2007,1490.7,10909.8,57.8,15.7,140.3,6822.699999999999,3911.2,1568.4,,,CMFT_Engine,Balanced,4.547473508864641e-13
2009-07-01,2009-07-01,Barley,2008,1568.4,11785.8,41.7,15.6,143.8,7874.199999999999,2398.7,2963.6,,,CMFT_Engine,Balanced,1.3642420526593924e-12
2010-07-01,2010-07-01,Barley,2009,2963.6,9528.2,42.4,10.1,125.0,7748.300000000001,2149.2,2501.6,,,CMFT_Engine,Balanced,-4.547473508864641e-13
2011-07-01,2011-07-01,Barley,2010,2501.6,7627.2,42.7,27.9,127.1,6497.9,2016.7,1501.9,,,CMFT_Engine,Balanced,2.2737367544323206e-13
2012-07-01,2012-07-01,Barley,2011,1501.9,7891.5,13.5,23.6,96.3,6033.0,2058.6,1195.4,,,CMFT_Engine,Balanced,0.0
2013-07-01,2013-07-01,Barley,2012,1195.4,8012.3,19.0,24.9,109.1,5925.000000000001,2184.3,983.4,,,CMFT_Engine,Balanced,-3.410605131648481e-13
2014-07-01,2014-07-01,Barley,2013,983.4,10281.6,9.0,23.9,90.2,6827.0,2390.9,1942.0,,,CMFT_Engine,Balanced,-4.547473508864641e-13
2015-07-01,2015-07-01,Barley,2014,1942.0,7116.8,136.1,18.4,160.7,5335.499999999999,2463.0,1217.3,,,CMFT_Engine,Balanced,2.2737367544323206e-13
2016-07-01,2016-07-01,Barley,2015,1217.3,8256.6,160.9,10.2,126.1,6063.499999999999,1992.3,1442.7,,,CMFT_Engine,Balanced,-9.094947017729282e-13
2017-07-01,2017-07-01,Barley,2016,1442.7,8839.4,63.6,17.5,74.2,5809.500000000001,2322.7,2121.8,,,CMFT_Engine,Balanced,-9.094947017729282e-13
2018-07-01,2018-07-01,Barley,2017,2121.8,7891.3,58.7,21.1,40.5,5943.100000000002,2822.7,1244.4,,,CMFT_Engine,Balanced,-1.3642420526593924e-12
2019-07-01,2019-07-01,Barley,2018,1244.4,8379.7,42.8,16.3,300.9,5429.099999999999,3058.0,862.6,,,CMFT_Engine,Balanced,1.2505552149377763e-12
2020-07-01,2020-07-01,Barley,2019,862.6,10382.6,63.1,18.3,259.7,7122.100000000001,2951.7,956.5,,,CMFT_Engine,Balanced,0.0
2021-07-01,2021-07-01,Barley,2020,956.5,10740.6,293.9,18.6,279.9,6704.3,4277.4,710.8,,,CMFT_Engine,Balanced,2.2737367544323206e-13
2022-07-01,2022-07-01,Barley,2021,710.8,6983.9,227.9,17.7,266.6,4422.299999999999,2673.2,542.8,,,CMFT_Engine,Balanced,2.2737367544323206e-13
2023-07-01,2023-07-01,Barley,2022,542.8,9986.7,25.1,18.5,86.1,5851.900000000001,3889.6,708.5,,,CMFT_Engine,Balanced,-4.547473508864641e-13
2024-07-01,2024-07-01,Barley,2023,708.5,8905.4,117.3,18.6,71.1,5426.699999999999,3063.2,1151.6,,,CMFT_Engine,Balanced,-4.547473508864641e-13
2025-07-01,2025-07-01,Barley,2024,1151.6,8143.9,168.7,18.6,74.3,5280.400000000001,2842.2,1248.7,,,CMFT_Engine,Balanced,6.821210263296962e-13
2026-07-01,2026-07-01,Barley,2025,1248.7,9725.2,153.0,18.6,285.9,5701.700000000002,4180.7,940.0,,,CMFT_Engine,Balanced,0.0
1971-08-01,1971-08-01,Canola,1971,,6.223,,,,,,,,,CMFT_Engine,Balanced,6.223
1971-09-01,1971-09-01,Canola,1971,,8.317,,,,,,,,,CMFT_Engine,Balanced,8.317
1971-10-01,1971-10-01,Canola,1971,,7.639,,,,,,,,,CMFT_Engine,Balanced,7.639
1971-11-01,1971-11-01,Canola,1971,,7.991,,,,,,,,,CMFT_Engine,Balanced,7.991
1971-12-01,1971-12-01,Canola,1971,,7.954,,,,,,,,,CMFT_Engine,Balanced,7.954
1972-01-01,1972-01-01,Canola,1971,,8.374,,,,,,,0.11128107142857142,3.318,CMFT_Engine,Balanced,8.374
1972-02-01,1972-02-01,Canola,1971,,8.153,,,,,,,,,CMFT_Engine,Balanced,8.153
1972-03-01,1972-03-01,Canola,1971,,9.992,,,,,,,,,CMFT_Engine,Balanced,9.992
1972-04-01,1972-04-01,Canola,1971,,8.589,,,,,,,,,CMFT_Engine,Balanced,8.589
1972-05-01,1972-05-01,Canola,1971,,10.343,,,,,,,,,CMFT_Engine,Balanced,10.343
1972-06-01,1972-06-01,Canola,1971,,9.807,,,,,,,,,CMFT_Engine,Balanced,9.807
1972-07-01,1972-07-01,Canola,1971,,12.89,,,,,,,,,CMFT_Engine,Balanced,12.89
1972-08-01,1972-08-01,Canola,1972,,8.082,,,,,,,,,CMFT_Engine,Balanced,8.082
1972-09-01,1972-09-01,Canola,1972,,9.625,,,,,,,,,CMFT_Engine,Balanced,9.625
1972-10-01,1972-10-01,Canola,1972,,8.659,,,,,,,,,CMFT_Engine,Balanced,8.659
1972-11-01,1972-11-01,Canola,1972,,10.666,,,,,,,,,CMFT_Engine,Balanced,10.666
1972-12-01,1972-12-01,Canola,1972,,10.033,,,,,,,,,CMFT_Engine,Balanced,10.033
1973-01-01,1973-01-01,Canola,1972,,11.741,,,,,,,0.1615257542901716,3.205,CMFT_Engine,Balanced,11.741
1973-02-01,1973-02-01,Canola,1972,,12.143,,,,,,,,,CMFT_Engine,Balanced,12.143
1973-03-01,1973-03-01,Canola,1972,,13.844,,,,,,,,,CMFT_Engine,Balanced,13.844
1973-04-01,1973-04-01,Canola,1972,,11.389,,,,,,,,,CMFT_Engine,Balanced,11.389
1973-05-01,1973-05-01,Canola,1972,,12.312,,,,,,,,,CMFT_Engine,Balanced,12.312
1973-06-01,1973-06-01,Canola,1972,,12.772,,,,,,,,,CMFT_Engine,Balanced,12.772
1973-07-01,1973-07-01,Canola,1972,,12.699,,,,,,,,,CMFT_Engine,Balanced,12.699
1973-08-01,1973-08-01,Canola,1973,,8.216,,,,,,,,,CMFT_Engine,Balanced,8.216
1973-09-01,1973-09-01,Canola,1973,,12.158,,,,,,,,,CMFT_Engine,Balanced,12.158
1973-10-01,1973-10-01,Canola,1973,,13.166,,,,,,,,,CMFT_Engine,Balanced,13.166
1973-11-01,1973-11-01,Canola,1973,,11.777,,,,,,,,,CMFT_Engine,Balanced,11.777
1973-12-01,1973-12-01,Canola,1973,,12.363,,,,,,,,,CMFT_Engine,Balanced,12.363
1974-01-01,1974-01-01,Canola,1973,,12.479,,,,,,,0.17412351503164558,3.16,CMFT_Engine,Balanced,12.479
1974-02-01,1974-02-01,Canola,1973,,11.577,,,,,,,,,CMFT_Engine,Balanced,11.577
1974-03-01,1974-03-01,Canola,1973,,11.119,,,,,,,,,CMFT_Engine,Balanced,11.119
1974-04-01,1974-04-01,Canola,1973,,9.833,,,,,,,,,CMFT_Engine,Balanced,9.833
1974-05-01,1974-05-01,Canola,1973,,8.893,,,,,,,,,CMFT_Engine,Balanced,8.893
1974-06-01,1974-06-01,Canola,1973,,7.751,,,,,,,,,CMFT_Engine,Balanced,7.751
1974-07-01,1974-07-01,Canola,1973,,6.298,,,,,,,,,CMFT_Engine,Balanced,6.298
1974-08-01,1974-08-01,Canola,1974,,5.453,,,,,,,,,CMFT_Engine,Balanced,5.453
1974-09-01,1974-09-01,Canola,1974,,9.034,,,,,,,,,CMFT_Engine,Balanced,9.034
1974-10-01,1974-10-01,Canola,1974,,11.454,,,,,,,,,CMFT_Engine,Balanced,11.454
1974-11-01,1974-11-01,Canola,1974,,10.739,,,,,,,,,CMFT_Engine,Balanced,10.739
1974-12-01,1974-12-01,Canola,1974,,8.242,,,,,,,,,CMFT_Engine,Balanced,8.242
1975-01-01,1975-01-01,Canola,1974,,9.053,,,,,,,0.08831181471238939,4.52,CMFT_Engine,Balanced,9.053
1975-02-01,1975-02-01,Canola,1974,,10.674,,,,,,,,,CMFT_Engine,Balanced,10.674
1975-03-01,1975-03-01,Canola,1974,,9.85,,,,,,,,,CMFT_Engine,Balanced,9.85
1975-04-01,1975-04-01,Canola,1974,,11.599,,,,,,,,,CMFT_Engine,Balanced,11.599
1975-05-01,1975-05-01,Canola,1974,,10.198,,,,,,,,,CMFT_Engine,Balanced,10.198
1975-06-01,1975-06-01,Canola,1974,,6.573,,,,,,,,,CMFT_Engine,Balanced,6.573
1975-07-01,1975-07-01,Canola,1974,,5.613,,,,,,,,,CMFT_Engine,Balanced,5.613
1975-08-01,1975-08-01,Canola,1975,,7.354,,,,,,,,,CMFT_Engine,Balanced,7.354
1975-09-01,1975-09-01,Canola,1975,,11.566,,,,,,,,,CMFT_Engine,Balanced,11.566
1975-10-01,1975-10-01,Canola,1975,,15.518,,,,,,,,,CMFT_Engine,Balanced,15.518
1975-11-01,1975-11-01,Canola,1975,,14.993,,,,,,,,,CMFT_Engine,Balanced,14.993
1975-12-01,1975-12-01,Canola,1975,,12.026,,,,,,,,,CMFT_Engine,Balanced,12.026
1976-01-01,1976-01-01,Canola,1975,,13.709,,,,,,,0.3399685503374578,1.778,CMFT_Engine,Balanced,13.709
1976-02-01,1976-02-01,Canola,1975,,13.932,,,,,,,,,CMFT_Engine,Balanced,13.932
1976-03-01,1976-03-01,Canola,1975,,11.792,,,,,,,,,CMFT_Engine,Balanced,11.792
1976-04-01,1976-04-01,Canola,1975,,10.095,,,,,,,,,CMFT_Engine,Balanced,10.095
1976-05-01,1976-05-01,Canola,1975,,9.631,,,,,,,,,CMFT_Engine,Balanced,9.631
1976-06-01,1976-06-01,Canola,1975,,12.472,,,,,,,,,CMFT_Engine,Balanced,12.472
1976-07-01,1976-07-01,Canola,1975,,8.61,,,,,,,,,CMFT_Engine,Balanced,8.61
1976-08-01,1976-08-01,Canola,1976,,15.221,,,,,,,,,CMFT_Engine,Balanced,15.221
1976-09-01,1976-09-01,Canola,1976,,13.472,,,,,,,,,CMFT_Engine,Balanced,13.472
1976-10-01,1976-10-01,Canola,1976,,16.425,,,,,,,,,CMFT_Engine,Balanced,16.425
1976-11-01,1976-11-01,Canola,1976,,15.71,,,,,,,,,CMFT_Engine,Balanced,15.71
1976-12-01,1976-12-01,Canola,1976,,16.069,,,,,,,,,CMFT_Engine,Balanced,16.069
1977-01-01,1977-01-01,Canola,1976,,19.074,,,,,,,0.23426750557103063,3.59,CMFT_Engine,Balanced,19.074
1977-02-01,1977-02-01,Canola,1976,,22.017,,,,,,,,,CMFT_Engine,Balanced,22.017
1977-03-01,1977-03-01,Canola,1976,,23.527,,,,,,,,,CMFT_Engine,Balanced,23.527
1977-04-01,1977-04-01,Canola,1976,,21.566,,,,,,,,,CMFT_Engine,Balanced,21.566
1977-05-01,1977-05-01,Canola,1976,,22.816,,,,,,,,,CMFT_Engine,Balanced,22.816
1977-06-01,1977-06-01,Canola,1976,,22.63,,,,,,,,,CMFT_Engine,Balanced,22.63
1977-07-01,1977-07-01,Canola,1976,,17.276,,,,,,,,,CMFT_Engine,Balanced,17.276
1977-08-01,1977-08-01,Canola,1977,,6.979,,,,,,,,,CMFT_Engine,Balanced,6.979
1977-09-01,1977-09-01,Canola,1977,,23.703,,,,,,,,,CMFT_Engine,Balanced,23.703
1977-10-01,1977-10-01,Canola,1977,,26.227,,,,,,,,,CMFT_Engine,Balanced,26.227
1977-11-01,1977-11-01,Canola,1977,,23.309,,,,,,,,,CMFT_Engine,Balanced,23.309
1977-12-01,1977-12-01,Canola,1977,,21.351,,,,,,,,,CMFT_Engine,Balanced,21.351
1978-01-01,1978-01-01,Canola,1977,,21.256,,,,,,,0.134273664756447,6.98,CMFT_Engine,Balanced,21.256
1978-02-01,1978-02-01,Canola,1977,,22.448,,,,,,,,,CMFT_Engine,Balanced,22.448
1978-03-01,1978-03-01,Canola,1977,,24.693,,,,,,,,,CMFT_Engine,Balanced,24.693
1978-04-01,1978-04-01,Canola,1977,,26.484,,,,,,,,,CMFT_Engine,Balanced,26.484
1978-05-01,1978-05-01,Canola,1977,,23.463,,,,,,,,,CMFT_Engine,Balanced,23.463
1978-06-01,1978-06-01,Canola,1977,,21.058,,,,,,,,,CMFT_Engine,Balanced,21.058
1978-07-01,1978-07-01,Canola,1977,,18.051,,,,,,,,,CMFT_Engine,Balanced,18.051
1978-08-01,1978-08-01,Canola,1978,,9.596,,,,,,,,,CMFT_Engine,Balanced,9.596
1978-09-01,1978-09-01,Canola,1978,,25.75,,,,,,,,,CMFT_Engine,Balanced,25.75
1978-10-01,1978-10-01,Canola,1978,,26.018,,,,,,,,,CMFT_Engine,Balanced,26.018
1978-11-01,1978-11-01,Canola,1978,,24.707,,,,,,,,,CMFT_Engine,Balanced,24.707
1978-12-01,1978-12-01,Canola,1978,,26.317,,,,,,,,,CMFT_Engine,Balanced,26.317
1979-01-01,1979-01-01,Canola,1978,,24.726,,,,,,,0.12948113479809978,8.42,CMFT_Engine,Balanced,24.726
1979-02-01,1979-02-01,Canola,1978,,21.342,,,,,,,,,CMFT_Engine,Balanced,21.342
1979-03-01,1979-03-01,Canola,1978,,28.594,,,,,,,,,CMFT_Engine,Balanced,28.594
1979-04-01,1979-04-01,Canola,1978,,25.87,,,,,,,,,CMFT_Engine,Balanced,25.87
1979-05-01,1979-05-01,Canola,1978,,25.023,,,,,,,,,CMFT_Engine,Balanced,25.023
1979-06-01,1979-06-01,Canola,1978,,30.126,,,,,,,,,CMFT_Engine,Balanced,30.126
1979-07-01,1979-07-01,Canola,1978,,28.268,,,,,,,,,CMFT_Engine,Balanced,28.268
1979-08-01,1979-08-01,Canola,1979,,9.216,,,,,,,,,CMFT_Engine,Balanced,9.216
1979-09-01,1979-09-01,Canola,1979,,29.524,,,,,,,,,CMFT_Engine,Balanced,29.524
1979-10-01,1979-10-01,Canola,1979,,31.492,,,,,,,,,CMFT_Engine,Balanced,31.492
1979-11-01,1979-11-01,Canola,1979,,25.418,,,,,,,,,CMFT_Engine,Balanced,25.418
1979-12-01,1979-12-01,Canola,1979,,34.09,,,,,,,,,CMFT_Engine,Balanced,34.09
1980-01-01,1980-01-01,Canola,1979,,33.607,,,,,,,0.2882911765564202,5.14,CMFT_Engine,Balanced,33.607
1980-02-01,1980-02-01,Canola,1979,,34.639,,,,,,,,,CMFT_Engine,Balanced,34.639
1980-03-01,1980-03-01,Canola,1979,,32.869,,,,,,,,,CMFT_Engine,Balanced,32.869
1980-04-01,1980-04-01,Canola,1979,,33.36,,,,,,,,,CMFT_Engine,Balanced,33.36
1980-05-01,1980-05-01,Canola,1979,,35.939,,,,,,,,,CMFT_Engine,Balanced,35.939
1980-06-01,1980-06-01,Canola,1979,,33.387,,,,,,,,,CMFT_Engine,Balanced,33.387
1980-07-01,1980-07-01,Canola,1979,,31.316,,,,,,,,,CMFT_Engine,Balanced,31.316
1980-08-01,1980-08-01,Canola,1980,,14.354,,,,,,,,,CMFT_Engine,Balanced,14.354
1980-09-01,1980-09-01,Canola,1980,,32.991,,,,,,,,,CMFT_Engine,Balanced,32.991
1980-10-01,1980-10-01,Canola,1980,,38.998,,,,,,,,,CMFT_Engine,Balanced,38.998
1980-11-01,1980-11-01,Canola,1980,,29.974,,,,,,,,,CMFT_Engine,Balanced,29.974
1980-12-01,1980-12-01,Canola,1980,,33.893,,,,,,,,,CMFT_Engine,Balanced,33.893
1981-01-01,1981-01-01,Canola,1980,,34.675,,,,,,,0.4414979605833093,3.463,CMFT_Engine,Balanced,34.675
1981-02-01,1981-02-01,Canola,1980,,34.547,,,,,,,,,CMFT_Engine,Balanced,34.547
1981-03-01,1981-03-01,Canola,1980,,41.406,,,,,,,,,CMFT_Engine,Balanced,41.406
1981-04-01,1981-04-01,Canola,1980,,41.462,,,,,,,,,CMFT_Engine,Balanced,41.462
1981-05-01,1981-05-01,Canola,1980,,37.571,,,,,,,,,CMFT_Engine,Balanced,37.571
1981-06-01,1981-06-01,Canola,1980,,40.221,,,,,,,,,CMFT_Engine,Balanced,40.221
1981-07-01,1981-07-01,Canola,1980,,38.067,,,,,,,,,CMFT_Engine,Balanced,38.067
1981-08-01,1981-08-01,Canola,1981,,16.8,,,,,,,,,CMFT_Engine,Balanced,16.8
1981-09-01,1981-09-01,Canola,1981,,39.328,,,,,,,,,CMFT_Engine,Balanced,39.328
1981-10-01,1981-10-01,Canola,1981,,41.366,,,,,,,,,CMFT_Engine,Balanced,41.366
1981-11-01,1981-11-01,Canola,1981,,37.746,,,,,,,,,CMFT_Engine,Balanced,37.746
1981-12-01,1981-12-01,Canola,1981,,36.492,,,,,,,,,CMFT_Engine,Balanced,36.492
1982-01-01,1982-01-01,Canola,1981,,36.614,,,,,,,0.369428557208238,4.37,CMFT_Engine,Balanced,36.614
1982-02-01,1982-02-01,Canola,1981,,31.621,,,,,,,,,CMFT_Engine,Balanced,31.621
1982-03-01,1982-03-01,Canola,1981,,33.815,,,,,,,,,CMFT_Engine,Balanced,33.815
1982-04-01,1982-04-01,Canola,1981,,24.742,,,,,,,,,CMFT_Engine,Balanced,24.742
1982-05-01,1982-05-01,Canola,1981,,26.919,,,,,,,,,CMFT_Engine,Balanced,26.919
1982-06-01,1982-06-01,Canola,1981,,33.504,,,,,,,,,CMFT_Engine,Balanced,33.504
1982-07-01,1982-07-01,Canola,1981,,23.18,,,,,,,,,CMFT_Engine,Balanced,23.18
1982-08-01,1982-08-01,Canola,1982,,13.848,,,,,,,,,CMFT_Engine,Balanced,13.848
1982-09-01,1982-09-01,Canola,1982,,29.598,,,,,,,,,CMFT_Engine,Balanced,29.598
1982-10-01,1982-10-01,Canola,1982,,40.968,,,,,,,,,CMFT_Engine,Balanced,40.968
1982-11-01,1982-11-01,Canola,1982,,36.482,,,,,,,,,CMFT_Engine,Balanced,36.482
1982-12-01,1982-12-01,Canola,1982,,30.919,,,,,,,,,CMFT_Engine,Balanced,30.919
1983-01-01,1983-01-01,Canola,1982,,33.823,,,,,,,0.26086070097953473,5.717,CMFT_Engine,Balanced,33.823
1983-02-01,1983-02-01,Canola,1982,,37.828,,,,,,,,,CMFT_Engine,Balanced,37.828
1983-03-01,1983-03-01,Canola,1982,,35.885,,,,,,,,,CMFT_Engine,Balanced,35.885
1983-04-01,1983-04-01,Canola,1982,,25.892,,,,,,,,,CMFT_Engine,Balanced,25.892
1983-05-01,1983-05-01,Canola,1982,,24.432,,,,,,,,,CMFT_Engine,Balanced,24.432
1983-06-01,1983-06-01,Canola,1982,,31.802,,,,,,,,,CMFT_Engine,Balanced,31.802
1983-07-01,1983-07-01,Canola,1982,,24.704,,,,,,,,,CMFT_Engine,Balanced,24.704
1983-08-01,1983-08-01,Canola,1983,,14.579,,,,,,,,,CMFT_Engine,Balanced,14.579
1983-09-01,1983-09-01,Canola,1983,,40.398,,,,,,,,,CMFT_Engine,Balanced,40.398
1983-10-01,1983-10-01,Canola,1983,,47.008,,,,,,,,,CMFT_Engine,Balanced,47.008
1983-11-01,1983-11-01,Canola,1983,,48.48,,,,,,,,,CMFT_Engine,Balanced,48.48
1983-12-01,1983-12-01,Canola,1983,,46.418,,,,,,,,,CMFT_Engine,Balanced,46.418
1984-01-01,1984-01-01,Canola,1983,,46.465,,,,,,,0.2699997380732736,7.588,CMFT_Engine,Balanced,46.465
1984-02-01,1984-02-01,Canola,1983,,50.523,,,,,,,,,CMFT_Engine,Balanced,50.523
1984-03-01,1984-03-01,Canola,1983,,49.673,,,,,,,,,CMFT_Engine,Balanced,49.673
1984-04-01,1984-04-01,Canola,1983,,42.08,,,,,,,,,CMFT_Engine,Balanced,42.08
1984-05-01,1984-05-01,Canola,1983,,36.137,,,,,,,,,CMFT_Engine,Balanced,36.137
1984-06-01,1984-06-01,Canola,1983,,24.529,,,,,,,,,CMFT_Engine,Balanced,24.529
1984-07-01,1984-07-01,Canola,1983,,10.151,,,,,,,,,CMFT_Engine,Balanced,10.151
1984-08-01,1984-08-01,Canola,1984,,13.929,,,,,,,,,CMFT_Engine,Balanced,13.929
1984-09-01,1984-09-01,Canola,1984,,44.236,,,,,,,,,CMFT_Engine,Balanced,44.236
1984-10-01,1984-10-01,Canola,1984,,53.102,,,,,,,,,CMFT_Engine,Balanced,53.102
1984-11-01,1984-11-01,Canola,1984,,51.296,,,,,,,,,CMFT_Engine,Balanced,51.296
1984-12-01,1984-12-01,Canola,1984,,40.943,,,,,,,,,CMFT_Engine,Balanced,40.943
1985-01-01,1985-01-01,Canola,1984,,38.39,,,,,,,0.24621252000000002,6.875,CMFT_Engine,Balanced,38.39
1985-02-01,1985-02-01,Canola,1984,,48.749,,,,,,,,,CMFT_Engine,Balanced,48.749
1985-03-01,1985-03-01,Canola,1984,,54.64,,,,,,,,,CMFT_Engine,Balanced,54.64
1985-04-01,1985-04-01,Canola,1984,,38.933,,,,,,,,,CMFT_Engine,Balanced,38.933
1985-05-01,1985-05-01,Canola,1984,,44.657,,,,,,,,,CMFT_Engine,Balanced,44.657
1985-06-01,1985-06-01,Canola,1984,,50.456,,,,,,,,,CMFT_Engine,Balanced,50.456
1985-07-01,1985-07-01,Canola,1984,,35.115,,,,,,,,,CMFT_Engine,Balanced,35.115
1985-08-01,1985-08-01,Canola,1985,,19.769,,,,,,,,,CMFT_Engine,Balanced,19.769
1985-09-01,1985-09-01,Canola,1985,,41.643,,,,,,,,,CMFT_Engine,Balanced,41.643
1985-10-01,1985-10-01,Canola,1985,,52.599,,,,,,,,,CMFT_Engine,Balanced,52.599
1985-11-01,1985-11-01,Canola,1985,,49.987,,,,,,,,,CMFT_Engine,Balanced,49.987
1985-12-01,1985-12-01,Canola,1985,,47.874,,,,,,,,,CMFT_Engine,Balanced,47.874
1986-01-01,1986-01-01,Canola,1985,,41.775,,,,,,,0.28346632617728534,6.498,CMFT_Engine,Balanced,41.775
1986-02-01,1986-02-01,Canola,1985,,42.026,,,,,,,,,CMFT_Engine,Balanced,42.026
1986-03-01,1986-03-01,Canola,1985,,51.905,,,,,,,,,CMFT_Engine,Balanced,51.905
1986-04-01,1986-04-01,Canola,1985,,36.129,,,,,,,,,CMFT_Engine,Balanced,36.129
1986-05-01,1986-05-01,Canola,1985,,33.969,,,,,,,,,CMFT_Engine,Balanced,33.969
1986-06-01,1986-06-01,Canola,1985,,37.553,,,,,,,,,CMFT_Engine,Balanced,37.553
1986-07-01,1986-07-01,Canola,1985,,42.512,,,,,,,,,CMFT_Engine,Balanced,42.512
1986-08-01,1986-08-01,Canola,1986,,31.164,,,,,,,,,CMFT_Engine,Balanced,31.164
1986-09-01,1986-09-01,Canola,1986,,49.102,,,,,,,,,CMFT_Engine,Balanced,49.102
1986-10-01,1986-10-01,Canola,1986,,56.215,,,,,,,,,CMFT_Engine,Balanced,56.215
1986-11-01,1986-11-01,Canola,1986,,53.802,,,,,,,,,CMFT_Engine,Balanced,53.802
1986-12-01,1986-12-01,Canola,1986,,60.197,,,,,,,,,CMFT_Engine,Balanced,60.197
1987-01-01,1987-01-01,Canola,1986,,57.699,,,,,,,0.39382247020123845,6.46,CMFT_Engine,Balanced,57.699
1987-02-01,1987-02-01,Canola,1986,,51.907,,,,,,,,,CMFT_Engine,Balanced,51.907
1987-03-01,1987-03-01,Canola,1986,,59.122,,,,,,,,,CMFT_Engine,Balanced,59.122
1987-04-01,1987-04-01,Canola,1986,,52.915,,,,,,,,,CMFT_Engine,Balanced,52.915
1987-05-01,1987-05-01,Canola,1986,,57.228,,,,,,,,,CMFT_Engine,Balanced,57.228
1987-06-01,1987-06-01,Canola,1986,,57.655,,,,,,,,,CMFT_Engine,Balanced,57.655
1987-07-01,1987-07-01,Canola,1986,,46.147,,,,,,,,,CMFT_Engine,Balanced,46.147
1987-08-01,1987-08-01,Canola,1987,,30.153,,,,,,,,,CMFT_Engine,Balanced,30.153
1987-09-01,1987-09-01,Canola,1987,,52.004,,,,,,,,,CMFT_Engine,Balanced,52.004
1987-10-01,1987-10-01,Canola,1987,,59.641,,,,,,,,,CMFT_Engine,Balanced,59.641
1987-11-01,1987-11-01,Canola,1987,,64.219,,,,,,,,,CMFT_Engine,Balanced,64.219
1987-12-01,1987-12-01,Canola,1987,,61.55,,,,,,,,,CMFT_Engine,Balanced,61.55
1988-01-01,1988-01-01,Canola,1987,,60.888,,,,,,,0.29245143137254903,9.18,CMFT_Engine,Balanced,60.888
1988-02-01,1988-02-01,Canola,1987,,62.191,,,,,,,,,CMFT_Engine,Balanced,62.191
1988-03-01,1988-03-01,Canola,1987,,59.798,,,,,,,,,CMFT_Engine,Balanced,59.798
1988-04-01,1988-04-01,Canola,1987,,55.15,,,,,,,,,CMFT_Engine,Balanced,55.15
1988-05-01,1988-05-01,Canola,1987,,44.382,,,,,,,,,CMFT_Engine,Balanced,44.382
1988-06-01,1988-06-01,Canola,1987,,57.65,,,,,,,,,CMFT_Engine,Balanced,57.65
1988-07-01,1988-07-01,Canola,1987,,46.099,,,,,,,,,CMFT_Engine,Balanced,46.099
1988-08-01,1988-08-01,Canola,1988,,29.618,,,,,,,,,CMFT_Engine,Balanced,29.618
1988-09-01,1988-09-01,Canola,1988,,51.671,,,,,,,,,CMFT_Engine,Balanced,51.671
1988-10-01,1988-10-01,Canola,1988,,53.38,,,,,,,,,CMFT_Engine,Balanced,53.38
1988-11-01,1988-11-01,Canola,1988,,50.95,,,,,,,,,CMFT_Engine,Balanced,50.95
1988-12-01,1988-12-01,Canola,1988,,44.193,,,,,,,,,CMFT_Engine,Balanced,44.193
1989-01-01,1989-01-01,Canola,1988,,39.339,,,,,,,0.24057626317614425,7.21,CMFT_Engine,Balanced,39.339
1989-02-01,1989-02-01,Canola,1988,,37.859,,,,,,,,,CMFT_Engine,Balanced,37.859
1989-03-01,1989-03-01,Canola,1988,,41.825,,,,,,,,,CMFT_Engine,Balanced,41.825
1989-04-01,1989-04-01,Canola,1988,,39.164,,,,,,,,,CMFT_Engine,Balanced,39.164
1989-05-01,1989-05-01,Canola,1988,,57.546,,,,,,,,,CMFT_Engine,Balanced,57.546
1989-06-01,1989-06-01,Canola,1988,,50.766,,,,,,,,,CMFT_Engine,Balanced,50.766
1989-07-01,1989-07-01,Canola,1988,,47.124,,,,,,,,,CMFT_Engine,Balanced,47.124
1989-08-01,1989-08-01,Canola,1989,,41.319,,,,,,,,,CMFT_Engine,Balanced,41.319
1989-09-01,1989-09-01,Canola,1989,,41.515,,,,,,,,,CMFT_Engine,Balanced,41.515
1989-10-01,1989-10-01,Canola,1989,,46.756,,,,,,,,,CMFT_Engine,Balanced,46.756
1989-11-01,1989-11-01,Canola,1989,,48.214,,,,,,,,,CMFT_Engine,Balanced,48.214
1989-12-01,1989-12-01,Canola,1989,,46.857,,,,,,,,,CMFT_Engine,Balanced,46.857
1990-01-01,1990-01-01,Canola,1989,,42.589,,,,,,,0.3004568772,6.25,CMFT_Engine,Balanced,42.589
1990-02-01,1990-02-01,Canola,1989,,39.819,,,,,,,,,CMFT_Engine,Balanced,39.819
1990-03-01,1990-03-01,Canola,1989,,43.553,,,,,,,,,CMFT_Engine,Balanced,43.553
1990-04-01,1990-04-01,Canola,1989,,34.985,,,,,,,,,CMFT_Engine,Balanced,34.985
1990-05-01,1990-05-01,Canola,1989,,32.578,,,,,,,,,CMFT_Engine,Balanced,32.578
1990-06-01,1990-06-01,Canola,1989,,33.061,,,,,,,,,CMFT_Engine,Balanced,33.061
1990-07-01,1990-07-01,Canola,1989,,31.666,,,,,,,,,CMFT_Engine,Balanced,31.666
1990-08-01,1990-08-01,Canola,1990,,37.622,,,,,,,,,CMFT_Engine,Balanced,37.622
1990-09-01,1990-09-01,Canola,1990,,49.996,,,,,,,,,CMFT_Engine,Balanced,49.996
1990-10-01,1990-10-01,Canola,1990,,53.979,,,,,,,,,CMFT_Engine,Balanced,53.979
1990-11-01,1990-11-01,Canola,1990,,52.036,,,,,,,,,CMFT_Engine,Balanced,52.036
1990-12-01,1990-12-01,Canola,1990,,48.275,,,,,,,,,CMFT_Engine,Balanced,48.275
1991-01-01,1991-01-01,Canola,1990,,45.585,,,,,,,0.25900144315884466,7.760407,CMFT_Engine,Balanced,45.585
1991-02-01,1991-02-01,Canola,1990,,47.283,,,,,,,,,CMFT_Engine,Balanced,47.283
1991-03-01,1991-03-01,Canola,1990,,49.517,,,,,,,,,CMFT_Engine,Balanced,49.517
1991-04-01,1991-04-01,Canola,1990,,47.708,,,,,,,,,CMFT_Engine,Balanced,47.708
1991-05-01,1991-05-01,Canola,1990,,50.139,,,,,,,,,CMFT_Engine,Balanced,50.139
1991-06-01,1991-06-01,Canola,1990,,50.521,,,,,,,,,CMFT_Engine,Balanced,50.521
1991-07-01,1991-07-01,Canola,1990,,43.82,,,,,,,,,CMFT_Engine,Balanced,43.82
1991-08-01,1991-08-01,Canola,1991,,37.589,,,,,,,,,CMFT_Engine,Balanced,37.589
1991-09-01,1991-09-01,Canola,1991,,53.985,,,,,,,,,CMFT_Engine,Balanced,53.985
1991-10-01,1991-10-01,Canola,1991,,56.961,,,,,,,,,CMFT_Engine,Balanced,56.961
1991-11-01,1991-11-01,Canola,1991,,56.805,,,,,,,,,CMFT_Engine,Balanced,56.805
1991-12-01,1991-12-01,Canola,1991,,59.264,,,,,,,,,CMFT_Engine,Balanced,59.264
1992-01-01,1992-01-01,Canola,1991,,57.962,,,,,,,0.3396265096345515,7.525,CMFT_Engine,Balanced,57.962
1992-02-01,1992-02-01,Canola,1991,,62.775,,,,,,,,,CMFT_Engine,Balanced,62.775
1992-03-01,1992-03-01,Canola,1991,,60.067,,,,,,,,,CMFT_Engine,Balanced,60.067
1992-04-01,1992-04-01,Canola,1991,,64.302,,,,,,,,,CMFT_Engine,Balanced,64.302
1992-05-01,1992-05-01,Canola,1991,,57.522,,,,,,,,,CMFT_Engine,Balanced,57.522
1992-06-01,1992-06-01,Canola,1991,,62.118,,,,,,,,,CMFT_Engine,Balanced,62.118
1992-07-01,1992-07-01,Canola,1991,,71.006,,,,,,,,,CMFT_Engine,Balanced,71.006
1992-08-01,1992-08-01,Canola,1992,,56.868,,,,,,,,,CMFT_Engine,Balanced,56.868
1992-09-01,1992-09-01,Canola,1992,,61.025,,,,,,,,,CMFT_Engine,Balanced,61.025
1992-10-01,1992-10-01,Canola,1992,,67.774,,,,,,,,,CMFT_Engine,Balanced,67.774
1992-11-01,1992-11-01,Canola,1992,,64.289,,,,,,,,,CMFT_Engine,Balanced,64.289
1992-12-01,1992-12-01,Canola,1992,,74.185,,,,,,,,,CMFT_Engine,Balanced,74.185
1993-01-01,1993-01-01,Canola,1992,,65.629,,,,,,,0.2839790659960746,10.19,CMFT_Engine,Balanced,65.629
1993-02-01,1993-02-01,Canola,1992,,65.786,,,,,,,,,CMFT_Engine,Balanced,65.786
1993-03-01,1993-03-01,Canola,1992,,72.418,,,,,,,,,CMFT_Engine,Balanced,72.418
1993-04-01,1993-04-01,Canola,1992,,65.646,,,,,,,,,CMFT_Engine,Balanced,65.646
1993-05-01,1993-05-01,Canola,1992,,68.477,,,,,,,,,CMFT_Engine,Balanced,68.477
1993-06-01,1993-06-01,Canola,1992,,62.562,,,,,,,,,CMFT_Engine,Balanced,62.562
1993-07-01,1993-07-01,Canola,1992,,68.116,,,,,,,,,CMFT_Engine,Balanced,68.116
1993-08-01,1993-08-01,Canola,1993,,69.186,,,,,,,,,CMFT_Engine,Balanced,69.186
1993-09-01,1993-09-01,Canola,1993,,72.283,,,,,,,,,CMFT_Engine,Balanced,72.283
1993-10-01,1993-10-01,Canola,1993,,77.511,,,,,,,,,CMFT_Engine,Balanced,77.511
1993-11-01,1993-11-01,Canola,1993,,77.634,,,,,,,,,CMFT_Engine,Balanced,77.634
1993-12-01,1993-12-01,Canola,1993,,81.338,,,,,,,,,CMFT_Engine,Balanced,81.338
1994-01-01,1994-01-01,Canola,1993,,80.485,,,,,,,0.2495629298523207,14.22,CMFT_Engine,Balanced,80.485
1994-02-01,1994-02-01,Canola,1993,,69.486,,,,,,,,,CMFT_Engine,Balanced,69.486
1994-03-01,1994-03-01,Canola,1993,,79.235,,,,,,,,,CMFT_Engine,Balanced,79.235
1994-04-01,1994-04-01,Canola,1993,,80.201,,,,,,,,,CMFT_Engine,Balanced,80.201
1994-05-01,1994-05-01,Canola,1993,,76.88,,,,,,,,,CMFT_Engine,Balanced,76.88
1994-06-01,1994-06-01,Canola,1993,,74.214,,,,,,,,,CMFT_Engine,Balanced,74.214
1994-07-01,1994-07-01,Canola,1993,,74.137,,,,,,,,,CMFT_Engine,Balanced,74.137
1994-08-01,1994-08-01,Canola,1994,,58.476,,,,,,,,,CMFT_Engine,Balanced,58.476
1994-09-01,1994-09-01,Canola,1994,,85.045,,,,,,,,,CMFT_Engine,Balanced,85.045
1994-10-01,1994-10-01,Canola,1994,,96.839,,,,,,,,,CMFT_Engine,Balanced,96.839
1994-11-01,1994-11-01,Canola,1994,,99.868,,,,,,,,,CMFT_Engine,Balanced,99.868
1994-12-01,1994-12-01,Canola,1994,,99.558,,,,,,,,,CMFT_Engine,Balanced,99.558
1995-01-01,1995-01-01,Canola,1994,,104.304,,,,,,,0.3530920629558541,13.025,CMFT_Engine,Balanced,104.304
1995-02-01,1995-02-01,Canola,1994,,93.141,,,,,,,,,CMFT_Engine,Balanced,93.141
1995-03-01,1995-03-01,Canola,1994,,96.685,,,,,,,,,CMFT_Engine,Balanced,96.685
1995-04-01,1995-04-01,Canola,1994,,91.509,,,,,,,,,CMFT_Engine,Balanced,91.509
1995-05-01,1995-05-01,Canola,1994,,80.435,,,,,,,,,CMFT_Engine,Balanced,80.435
1995-06-01,1995-06-01,Canola,1994,,86.105,,,,,,,,,CMFT_Engine,Balanced,86.105
1995-07-01,1995-07-01,Canola,1994,,70.57,,,,,,,,,CMFT_Engine,Balanced,70.57
1995-08-01,1995-08-01,Canola,1995,,71.622,,,,,,,,,CMFT_Engine,Balanced,71.622
1995-09-01,1995-09-01,Canola,1995,,92.469,,,,,,,,,CMFT_Engine,Balanced,92.469
1995-10-01,1995-10-01,Canola,1995,,92.266,,,,,,,,,CMFT_Engine,Balanced,92.266
1995-11-01,1995-11-01,Canola,1995,,94.572,,,,,,,,,CMFT_Engine,Balanced,94.572
1995-12-01,1995-12-01,Canola,1995,,99.507,,,,,,,,,CMFT_Engine,Balanced,99.507
1996-01-01,1996-01-01,Canola,1995,,107.209,,,,,,,0.5543439773553487,8.5274,CMFT_Engine,Balanced,107.209
1996-02-01,1996-02-01,Canola,1995,,98.262,,,,,,,,,CMFT_Engine,Balanced,98.262
1996-03-01,1996-03-01,Canola,1995,,102.147,,,,,,,,,CMFT_Engine,Balanced,102.147
1996-04-01,1996-04-01,Canola,1995,,103.539,,,,,,,,,CMFT_Engine,Balanced,103.539
1996-05-01,1996-05-01,Canola,1995,,89.37,,,,,,,,,CMFT_Engine,Balanced,89.37
1996-06-01,1996-06-01,Canola,1995,,93.87,,,,,,,,,CMFT_Engine,Balanced,93.87
1996-07-01,1996-07-01,Canola,1995,,111.283,,,,,,,,,CMFT_Engine,Balanced,111.283
1996-08-01,1996-08-01,Canola,1996,,100.494,,,,,,,,,CMFT_Engine,Balanced,100.494
1996-09-01,1996-09-01,Canola,1996,,113.472,,,,,,,,,CMFT_Engine,Balanced,113.472
1996-10-01,1996-10-01,Canola,1996,,101.769,,,,,,,,,CMFT_Engine,Balanced,101.769
1996-11-01,1996-11-01,Canola,1996,,88.27,,,,,,,,,CMFT_Engine,Balanced,88.27
1996-12-01,1996-12-01,Canola,1996,,88.127,,,,,,,,,CMFT_Engine,Balanced,88.127
1997-01-01,1997-01-01,Canola,1996,,80.327,,,,,,,0.29434697223422646,12.0328,CMFT_Engine,Balanced,80.327
1997-02-01,1997-02-01,Canola,1996,,86.856,,,,,,,,,CMFT_Engine,Balanced,86.856
1997-03-01,1997-03-01,Canola,1996,,98.485,,,,,,,,,CMFT_Engine,Balanced,98.485
1997-04-01,1997-04-01,Canola,1996,,85.543,,,,,,,,,CMFT_Engine,Balanced,85.543
1997-05-01,1997-05-01,Canola,1996,,100.543,,,,,,,,,CMFT_Engine,Balanced,100.543
1997-06-01,1997-06-01,Canola,1996,,101.898,,,,,,,,,CMFT_Engine,Balanced,101.898
1997-07-01,1997-07-01,Canola,1996,1030.0,5062.3,104.0,0.0,,3113.9,2519.4,563.0,,,CMFT_Engine,Balanced,0.0
1997-08-01,1997-08-01,Canola,1997,563.0,85.78,,,,3168.5666666666666,,-2519.786666666667,,,CMFT_Engine,Balanced,0.0
1997-09-01,1997-09-01,Canola,1997,,125.473,,,,3223.2333333333336,,,,,CMFT_Engine,Balanced,-3097.7603333333336
1997-10-01,1997-10-01,Canola,1997,,108.864,,,,3277.9,,,,,CMFT_Engine,Balanced,-3169.036
1997-11-01,1997-11-01,Canola,1997,,106.38,,,,3332.566666666667,,,,,CMFT_Engine,Balanced,-3226.186666666667
1997-12-01,1997-12-01,Canola,1997,,122.921,,,,3387.2333333333336,,,,,CMFT_Engine,Balanced,-3264.3123333333338
1998-01-01,1998-01-01,Canola,1997,,122.024,,,,3441.9000000000005,,,0.401075172197871,13.4148,CMFT_Engine,Balanced,-3319.8760000000007
1998-02-01,1998-02-01,Canola,1997,,118.877,,,,3496.566666666667,,,,,CMFT_Engine,Balanced,-3377.689666666667
1998-03-01,1998-03-01,Canola,1997,,126.856,,,,3551.2333333333336,,,,,CMFT_Engine,Balanced,-3424.377333333334
1998-04-01,1998-04-01,Canola,1997,,125.822,,,,3605.9000000000005,,,,,CMFT_Engine,Balanced,-3480.0780000000004
1998-05-01,1998-05-01,Canola,1997,,108.103,,,,3660.566666666667,,,,,CMFT_Engine,Balanced,-3552.463666666667
1998-06-01,1998-06-01,Canola,1997,,107.995,,,,3715.233333333334,,,,,CMFT_Engine,Balanced,-3607.238333333334
1998-07-01,1998-07-01,Canola,1997,563.0,6393.1,140.5,0.0,,3769.9000000000005,2963.7,363.0,,,CMFT_Engine,Balanced,0.0
1998-08-01,1998-08-01,Canola,1998,363.0,93.165,,,,3758.3750000000005,,-3302.2100000000005,,,CMFT_Engine,Balanced,0.0
1998-09-01,1998-09-01,Canola,1998,,123.736,,,,3746.8500000000004,,,,,CMFT_Engine,Balanced,-3623.1140000000005
1998-10-01,1998-10-01,Canola,1998,,134.961,,,,3735.3250000000007,,,,,CMFT_Engine,Balanced,-3600.3640000000005
1998-11-01,1998-11-01,Canola,1998,,119.847,,,,3723.8000000000006,,,,,CMFT_Engine,Balanced,-3603.9530000000004
1998-12-01,1998-12-01,Canola,1998,,134.704,,,,3712.2750000000005,,,,,CMFT_Engine,Balanced,-3577.5710000000004
1999-01-01,1999-01-01,Canola,1998,,119.127,,,,3700.7500000000005,,,0.38201613471566653,13.7497,CMFT_Engine,Balanced,-3581.6230000000005
1999-02-01,1999-02-01,Canola,1998,,100.152,,,,3689.2250000000004,,,,,CMFT_Engine,Balanced,-3589.0730000000003
1999-03-01,1999-03-01,Canola,1998,,113.835,,,,3677.7000000000003,,,,,CMFT_Engine,Balanced,-3563.8650000000002
1999-04-01,1999-04-01,Canola,1998,,90.633,,,,3666.175,,,,,CMFT_Engine,Balanced,-3575.5420000000004
1999-05-01,1999-05-01,Canola,1998,,93.939,,,,3654.6500000000005,,,,,CMFT_Engine,Balanced,-3560.7110000000007
1999-06-01,1999-06-01,Canola,1998,,81.709,,,,3643.1250000000005,,,,,CMFT_Engine,Balanced,-3561.4160000000006
1999-07-01,1999-07-01,Canola,1998,363.0,7643.3,158.1,0.0,,3631.6000000000004,3899.8,633.0,,,CMFT_Engine,Balanced,0.0
1999-08-01,1999-08-01,Canola,1999,633.0,70.222,,,,3621.8,,-2918.5780000000004,,,CMFT_Engine,Balanced,0.0
1999-09-01,1999-09-01,Canola,1999,,119.667,,,,3612.0000000000005,,,,,CMFT_Engine,Balanced,-3492.3330000000005
1999-10-01,1999-10-01,Canola,1999,,110.59,,,,3602.2000000000003,,,,,CMFT_Engine,Balanced,-3491.61
1999-11-01,1999-11-01,Canola,1999,,102.07,,,,3592.4,,,,,CMFT_Engine,Balanced,-3490.33
1999-12-01,1999-12-01,Canola,1999,,122.271,,,,3582.6000000000004,,,,,CMFT_Engine,Balanced,-3460.329
2000-01-01,2000-01-01,Canola,1999,,112.791,,,,3572.8,,,0.41418101899661874,12.0074,CMFT_Engine,Balanced,-3460.009
2000-02-01,2000-02-01,Canola,1999,,97.409,,,,3563.0,,,,,CMFT_Engine,Balanced,-3465.591
2000-03-01,2000-03-01,Canola,1999,,125.547,,,,3553.2000000000003,,,,,CMFT_Engine,Balanced,-3427.6530000000002
2000-04-01,2000-04-01,Canola,1999,,85.154,,,,3543.4,,,,,CMFT_Engine,Balanced,-3458.246
2000-05-01,2000-05-01,Canola,1999,,110.505,,,,3533.6,,,,,CMFT_Engine,Balanced,-3423.095
2000-06-01,2000-06-01,Canola,1999,,100.748,,,,3523.8,,,,,CMFT_Engine,Balanced,-3423.052
2000-07-01,2000-07-01,Canola,1999,633.0,8798.3,124.2,0.0,,3514.0,3884.5,2157.0,,,CMFT_Engine,Balanced,0.0
2000-08-01,2000-08-01,Canola,2000,2157.0,100.625,,,,3524.491666666667,,-1266.8666666666668,,,CMFT_Engine,Balanced,0.0
2000-09-01,2000-09-01,Canola,2000,,118.014,,,,3534.983333333333,,,,,CMFT_Engine,Balanced,-3416.969333333333
2000-10-01,2000-10-01,Canola,2000,,123.385,,,,3545.4749999999995,,,,,CMFT_Engine,Balanced,-3422.0899999999992
2000-11-01,2000-11-01,Canola,2000,,122.523,,,,3555.9666666666662,,,,,CMFT_Engine,Balanced,-3433.443666666666
2000-12-01,2000-12-01,Canola,2000,,117.751,,,,3566.458333333333,,,,,CMFT_Engine,Balanced,-3448.707333333333
2001-01-01,2001-01-01,Canola,2000,,122.658,,,,3576.9499999999994,,,0.5782173183013664,9.3534,CMFT_Engine,Balanced,-3454.2919999999995
2001-02-01,2001-02-01,Canola,2000,,101.986,,,,3587.4416666666657,,,,,CMFT_Engine,Balanced,-3485.455666666666
2001-03-01,2001-03-01,Canola,2000,,117.823,,,,3597.9333333333325,,,,,CMFT_Engine,Balanced,-3480.1103333333326
2001-04-01,2001-04-01,Canola,2000,,91.801,,,,3608.4249999999993,,,,,CMFT_Engine,Balanced,-3516.6239999999993
2001-05-01,2001-05-01,Canola,2000,,69.662,,,,3618.9166666666656,,,,,CMFT_Engine,Balanced,-3549.254666666666
2001-06-01,2001-06-01,Canola,2000,,91.289,,,,3629.408333333332,,,,,CMFT_Engine,Balanced,-3538.1193333333317
2001-07-01,2001-07-01,Canola,2000,2157.0,7205.3,224.4,0.0,,3639.8999999999987,4858.8,1088.0,,,CMFT_Engine,Balanced,0.0
2001-08-01,2001-08-01,Canola,2001,1088.0,84.177,,,,3549.724999999999,,-2377.547999999999,,,CMFT_Engine,Balanced,0.0
2001-09-01,2001-09-01,Canola,2001,,92.134,,,,3459.549999999999,,,,,CMFT_Engine,Balanced,-3367.415999999999
2001-10-01,2001-10-01,Canola,2001,,89.39,,,,3369.374999999999,,,,,CMFT_Engine,Balanced,-3279.984999999999
2001-11-01,2001-11-01,Canola,2001,,98.719,,,,3279.1999999999994,,,,,CMFT_Engine,Balanced,-3180.4809999999993
2001-12-01,2001-12-01,Canola,2001,,91.513,,,,3189.024999999999,,,,,CMFT_Engine,Balanced,-3097.5119999999993
2002-01-01,2002-01-01,Canola,2001,,90.117,,,,3098.8499999999995,,,0.44323173104809926,8.9648,CMFT_Engine,Balanced,-3008.7329999999993
2002-02-01,2002-02-01,Canola,2001,,77.157,,,,3008.6749999999993,,,,,CMFT_Engine,Balanced,-2931.517999999999
2002-03-01,2002-03-01,Canola,2001,,77.17,,,,2918.4999999999995,,,,,CMFT_Engine,Balanced,-2841.3299999999995
2002-04-01,2002-04-01,Canola,2001,,69.616,,,,2828.325,,,,,CMFT_Engine,Balanced,-2758.709
2002-05-01,2002-05-01,Canola,2001,,67.919,,,,2738.1499999999996,,,,,CMFT_Engine,Balanced,-2670.2309999999998
2002-06-01,2002-06-01,Canola,2001,,68.997,,,,2647.975,,,,,CMFT_Engine,Balanced,-2578.978
2002-07-01,2002-07-01,Canola,2001,1088.0,5017.1,226.2,0.0,,2557.8,2523.9,1249.6,,,CMFT_Engine,Balanced,0.0
2002-08-01,2002-08-01,Canola,2002,1249.6,80.752,,,,2571.4083333333338,,-1241.056333333334,,,CMFT_Engine,Balanced,0.0
2002-09-01,2002-09-01,Canola,2002,,91.584,,,,2585.016666666667,,,,,CMFT_Engine,Balanced,-2493.432666666667
2002-10-01,2002-10-01,Canola,2002,,80.318,,,,2598.625,,,,,CMFT_Engine,Balanced,-2518.307
2002-11-01,2002-11-01,Canola,2002,,68.47,,,,2612.2333333333336,,,,,CMFT_Engine,Balanced,-2543.763333333334
2002-12-01,2002-12-01,Canola,2002,,60.568,,,,2625.841666666667,,,,,CMFT_Engine,Balanced,-2565.273666666667
2003-01-01,2003-01-01,Canola,2002,,60.52,,,,2639.4500000000003,,,0.23029533450704226,11.5872,CMFT_Engine,Balanced,-2578.9300000000003
2003-02-01,2003-02-01,Canola,2002,,76.629,,,,2653.0583333333334,,,,,CMFT_Engine,Balanced,-2576.4293333333335
2003-03-01,2003-03-01,Canola,2002,,80.268,,,,2666.666666666667,,,,,CMFT_Engine,Balanced,-2586.398666666667
2003-04-01,2003-04-01,Canola,2002,,77.84,,,,2680.2750000000005,,,,,CMFT_Engine,Balanced,-2602.4350000000004
2003-05-01,2003-05-01,Canola,2002,,75.807,,,,2693.8833333333337,,,,,CMFT_Engine,Balanced,-2618.076333333334
2003-06-01,2003-06-01,Canola,2002,,81.121,,,,2707.491666666667,,,,,CMFT_Engine,Balanced,-2626.3706666666667
2003-07-01,2003-07-01,Canola,2002,1249.6,4520.5,239.6,0.0,,2721.1000000000004,2394.4,894.2,,,CMFT_Engine,Balanced,2.2737367544323206e-13
2003-08-01,2003-08-01,Canola,2003,894.2,88.22,,,,2789.766666666667,,-1807.3466666666668,,,CMFT_Engine,Balanced,0.0
2003-09-01,2003-09-01,Canola,2003,,122.916,,,,2858.4333333333334,,,,,CMFT_Engine,Balanced,-2735.517333333333
2003-10-01,2003-10-01,Canola,2003,,114.154,,,,2927.1000000000004,,,,,CMFT_Engine,Balanced,-2812.9460000000004
2003-11-01,2003-11-01,Canola,2003,,113.478,,,,2995.766666666667,,,,,CMFT_Engine,Balanced,-2882.288666666667
2003-12-01,2003-12-01,Canola,2003,,120.061,,,,3064.4333333333334,,,,,CMFT_Engine,Balanced,-2944.3723333333332
2004-01-01,2004-01-01,Canola,2003,,123.292,,,,3133.1000000000004,,,0.45201906690170124,12.0266,CMFT_Engine,Balanced,-3009.8080000000004
2004-02-01,2004-02-01,Canola,2003,,111.113,,,,3201.766666666667,,,,,CMFT_Engine,Balanced,-3090.653666666667
2004-03-01,2004-03-01,Canola,2003,,132.518,,,,3270.4333333333334,,,,,CMFT_Engine,Balanced,-3137.9153333333334
2004-04-01,2004-04-01,Canola,2003,,127.105,,,,3339.1,,,,,CMFT_Engine,Balanced,-3211.995
2004-05-01,2004-05-01,Canola,2003,,118.626,,,,3407.7666666666664,,,,,CMFT_Engine,Balanced,-3289.140666666666
2004-06-01,2004-06-01,Canola,2003,,97.544,,,,3476.4333333333334,,,,,CMFT_Engine,Balanced,-3378.8893333333335
2004-07-01,2004-07-01,Canola,2003,894.2,6771.2,242.6,0.0,,3545.1,3754.3,608.6,,,CMFT_Engine,Balanced,-5.684341886080801e-13
2004-08-01,2004-08-01,Canola,2004,608.6,106.562,,,,3532.2833333333333,,-2817.1213333333335,,,CMFT_Engine,Balanced,0.0
2004-09-01,2004-09-01,Canola,2004,,92.32,,,,3519.4666666666667,,,,,CMFT_Engine,Balanced,-3427.1466666666665
2004-10-01,2004-10-01,Canola,2004,,119.778,,,,3506.6500000000005,,,,,CMFT_Engine,Balanced,-3386.8720000000008
2004-11-01,2004-11-01,Canola,2004,,112.658,,,,3493.833333333334,,,,,CMFT_Engine,Balanced,-3381.175333333334
2004-12-01,2004-12-01,Canola,2004,,115.971,,,,3481.0166666666673,,,,,CMFT_Engine,Balanced,-3365.0456666666673
2005-01-01,2005-01-01,Canola,2004,,101.9,,,,3468.2000000000007,,,0.3513305404813662,12.7886,CMFT_Engine,Balanced,-3366.3000000000006
2005-02-01,2005-02-01,Canola,2004,,101.367,,,,3455.383333333334,,,,,CMFT_Engine,Balanced,-3354.016333333334
2005-03-01,2005-03-01,Canola,2004,,113.559,,,,3442.5666666666675,,,,,CMFT_Engine,Balanced,-3329.0076666666673
2005-04-01,2005-04-01,Canola,2004,,101.641,,,,3429.750000000001,,,,,CMFT_Engine,Balanced,-3328.109000000001
2005-05-01,2005-05-01,Canola,2004,,92.258,,,,3416.9333333333348,,,,,CMFT_Engine,Balanced,-3324.675333333335
2005-06-01,2005-06-01,Canola,2004,,81.758,,,,3404.116666666668,,,,,CMFT_Engine,Balanced,-3322.3586666666683
2005-07-01,2005-07-01,Canola,2004,608.6,7673.6,107.6,0.0,,3391.3000000000015,3411.9,1586.6,,,CMFT_Engine,Balanced,0.0
2005-08-01,2005-08-01,Canola,2005,1586.6,97.845,,,,3424.833333333335,,-1740.388333333335,,,CMFT_Engine,Balanced,0.0
2005-09-01,2005-09-01,Canola,2005,,109.823,,,,3458.3666666666677,,,,,CMFT_Engine,Balanced,-3348.543666666668
2005-10-01,2005-10-01,Canola,2005,,126.619,,,,3491.900000000001,,,,,CMFT_Engine,Balanced,-3365.281000000001
2005-11-01,2005-11-01,Canola,2005,,127.174,,,,3525.4333333333343,,,,,CMFT_Engine,Balanced,-3398.2593333333343
2005-12-01,2005-12-01,Canola,2005,,125.661,,,,3558.9666666666676,,,,,CMFT_Engine,Balanced,-3433.3056666666675
2006-01-01,2006-01-01,Canola,2005,,124.671,,,,3592.500000000001,,,0.4246864187873731,12.9438,CMFT_Engine,Balanced,-3467.829000000001
2006-02-01,2006-02-01,Canola,2005,,121.353,,,,3626.0333333333338,,,,,CMFT_Engine,Balanced,-3504.6803333333337
2006-03-01,2006-03-01,Canola,2005,,128.806,,,,3659.566666666667,,,,,CMFT_Engine,Balanced,-3530.760666666667
2006-04-01,2006-04-01,Canola,2005,,126.297,,,,3693.1000000000004,,,,,CMFT_Engine,Balanced,-3566.8030000000003
2006-05-01,2006-05-01,Canola,2005,,108.907,,,,3726.633333333333,,,,,CMFT_Engine,Balanced,-3617.726333333333
2006-06-01,2006-06-01,Canola,2005,,129.73,,,,3760.1666666666665,,,,,CMFT_Engine,Balanced,-3630.4366666666665
2006-07-01,2006-07-01,Canola,2005,1586.6,9483.3,139.5,0.0,,3793.7,5408.7,2007.0,,,CMFT_Engine,Balanced,0.0
2006-08-01,2006-08-01,Canola,2006,2007.0,129.12,,,,3806.7916666666665,,-1670.6716666666666,,,CMFT_Engine,Balanced,0.0
2006-09-01,2006-09-01,Canola,2006,,114.213,,,,3819.883333333333,,,,,CMFT_Engine,Balanced,-3705.670333333333
2006-10-01,2006-10-01,Canola,2006,,140.962,,,,3832.975,,,,,CMFT_Engine,Balanced,-3692.013
2006-11-01,2006-11-01,Canola,2006,,140.453,,,,3846.0666666666666,,,,,CMFT_Engine,Balanced,-3705.6136666666666
2006-12-01,2006-12-01,Canola,2006,,145.538,,,,3859.1583333333333,,,,,CMFT_Engine,Balanced,-3713.6203333333333
2007-01-01,2007-01-01,Canola,2006,,132.321,,,,3872.25,,,0.37282661463991307,15.649,CMFT_Engine,Balanced,-3739.929
2007-02-01,2007-02-01,Canola,2006,,112.411,,,,3885.3416666666662,,,,,CMFT_Engine,Balanced,-3772.930666666666
2007-03-01,2007-03-01,Canola,2006,,122.056,,,,3898.433333333333,,,,,CMFT_Engine,Balanced,-3776.377333333333
2007-04-01,2007-04-01,Canola,2006,,128.132,,,,3911.5249999999996,,,,,CMFT_Engine,Balanced,-3783.3929999999996
2007-05-01,2007-05-01,Canola,2006,,129.55,,,,3924.6166666666663,,,,,CMFT_Engine,Balanced,-3795.066666666666
2007-06-01,2007-06-01,Canola,2006,,127.213,,,,3937.708333333333,,,,,CMFT_Engine,Balanced,-3810.495333333333
2007-07-01,2007-07-01,Canola,2006,2007.0,9000.3,203.0,0.0,,3950.7999999999997,5476.9,1782.6,,,CMFT_Engine,Balanced,4.547473508864641e-13
2007-08-01,2007-08-01,Canola,2007,1782.6,142.747,,,,3992.3916666666664,,-2067.0446666666667,,,CMFT_Engine,Balanced,0.0
2007-09-01,2007-09-01,Canola,2007,,136.003,,,,4033.983333333333,,,,,CMFT_Engine,Balanced,-3897.980333333333
2007-10-01,2007-10-01,Canola,2007,,144.62,,,,4075.575,,,,,CMFT_Engine,Balanced,-3930.955
2007-11-01,2007-11-01,Canola,2007,,149.816,,,,4117.166666666666,,,,,CMFT_Engine,Balanced,-3967.3506666666663
2007-12-01,2007-12-01,Canola,2007,,156.429,,,,4158.758333333333,,,,,CMFT_Engine,Balanced,-4002.329333333333
2008-01-01,2008-01-01,Canola,2007,,147.165,,,,4200.349999999999,,,0.40424076516944935,16.052,CMFT_Engine,Balanced,-4053.1849999999995
2008-02-01,2008-02-01,Canola,2007,,143.025,,,,4241.941666666667,,,,,CMFT_Engine,Balanced,-4098.916666666667
2008-03-01,2008-03-01,Canola,2007,,157.355,,,,4283.533333333333,,,,,CMFT_Engine,Balanced,-4126.178333333333
2008-04-01,2008-04-01,Canola,2007,,137.049,,,,4325.125,,,,,CMFT_Engine,Balanced,-4188.076
2008-05-01,2008-05-01,Canola,2007,,139.315,,,,4366.716666666666,,,,,CMFT_Engine,Balanced,-4227.401666666667
2008-06-01,2008-06-01,Canola,2007,,140.895,,,,4408.308333333333,,,,,CMFT_Engine,Balanced,-4267.413333333333
2008-07-01,2008-07-01,Canola,2007,1782.6,9611.1,178.8,0.0,,4449.9,5661.1,1461.5,,,CMFT_Engine,Balanced,0.0
2008-08-01,2008-08-01,Canola,2008,1461.5,126.328,,,,4443.7,,-2855.872,,,CMFT_Engine,Balanced,0.0
2008-09-01,2008-09-01,Canola,2008,,154.031,,,,4437.5,,,,,CMFT_Engine,Balanced,-4283.469
2008-10-01,2008-10-01,Canola,2008,,168.982,,,,4431.299999999999,,,,,CMFT_Engine,Balanced,-4262.317999999999
2008-11-01,2008-11-01,Canola,2008,,158.086,,,,4425.099999999999,,,,,CMFT_Engine,Balanced,-4267.013999999999
2008-12-01,2008-12-01,Canola,2008,,165.73,,,,4418.9,,,,,CMFT_Engine,Balanced,-4253.17
2009-01-01,2009-01-01,Canola,2008,,155.605,,,,4412.7,,,0.42610491205897516,16.1017,CMFT_Engine,Balanced,-4257.095
2009-02-01,2009-02-01,Canola,2008,,149.154,,,,4406.5,,,,,CMFT_Engine,Balanced,-4257.346
2009-03-01,2009-03-01,Canola,2008,,167.96,,,,4400.3,,,,,CMFT_Engine,Balanced,-4232.34
2009-04-01,2009-04-01,Canola,2008,,153.15,,,,4394.1,,,,,CMFT_Engine,Balanced,-4240.950000000001
2009-05-01,2009-05-01,Canola,2008,,138.734,,,,4387.9,,,,,CMFT_Engine,Balanced,-4249.165999999999
2009-06-01,2009-06-01,Canola,2008,,142.469,,,,4381.7,,,,,CMFT_Engine,Balanced,-4239.231
2009-07-01,2009-07-01,Canola,2008,1461.5,12644.9,120.5,0.0,,4375.5,7907.9,1943.5,,,CMFT_Engine,Balanced,0.0
2009-08-01,2009-08-01,Canola,2009,1943.5,145.801,,,,4432.4,,-2343.0989999999997,,,CMFT_Engine,Balanced,0.0
2009-09-01,2009-09-01,Canola,2009,,144.419,,,,4489.3,,,,,CMFT_Engine,Balanced,-4344.881
2009-10-01,2009-10-01,Canola,2009,,135.433,,,,4546.2,,,,,CMFT_Engine,Balanced,-4410.767
2009-11-01,2009-11-01,Canola,2009,,164.176,,,,4603.1,,,,,CMFT_Engine,Balanced,-4438.924
2009-12-01,2009-12-01,Canola,2009,,155.368,,,,4660.0,,,,,CMFT_Engine,Balanced,-4504.632
2010-01-01,2010-01-01,Canola,2009,,177.93,,,,4716.9,,,0.46296617618420977,16.9459,CMFT_Engine,Balanced,-4538.969999999999
2010-02-01,2010-02-01,Canola,2009,,170.754,,,,4773.8,,,,,CMFT_Engine,Balanced,-4603.046
2010-03-01,2010-03-01,Canola,2009,,208.994,,,,4830.7,,,,,CMFT_Engine,Balanced,-4621.706
2010-04-01,2010-04-01,Canola,2009,,193.466,,,,4887.6,,,,,CMFT_Engine,Balanced,-4694.134
2010-05-01,2010-05-01,Canola,2009,,189.016,,,,4944.5,,,,,CMFT_Engine,Balanced,-4755.484
2010-06-01,2010-06-01,Canola,2009,,200.514,,,,5001.4,,,,,CMFT_Engine,Balanced,-4800.8859999999995
2010-07-01,2010-07-01,Canola,2009,1943.5,12898.1,127.9,0.0,,5058.3,7162.5,2748.7,,,CMFT_Engine,Balanced,9.094947017729282e-13
2010-08-01,2010-08-01,Canola,2010,2748.7,192.227,,,,5175.991666666667,,-2235.064666666667,,,CMFT_Engine,Balanced,0.0
2010-09-01,2010-09-01,Canola,2010,,219.424,,,,5293.683333333333,,,,,CMFT_Engine,Balanced,-5074.259333333333
2010-10-01,2010-10-01,Canola,2010,,239.345,,,,5411.375,,,,,CMFT_Engine,Balanced,-5172.03
2010-11-01,2010-11-01,Canola,2010,,239.87,,,,5529.066666666667,,,,,CMFT_Engine,Balanced,-5289.196666666667
2010-12-01,2010-12-01,Canola,2010,,243.497,,,,5646.758333333333,,,,,CMFT_Engine,Balanced,-5403.261333333333
2011-01-01,2011-01-01,Canola,2010,,221.745,,,,5764.45,,,0.5213498817572972,18.7538,CMFT_Engine,Balanced,-5542.705
2011-02-01,2011-02-01,Canola,2010,,213.452,,,,5882.141666666666,,,,,CMFT_Engine,Balanced,-5668.689666666666
2011-03-01,2011-03-01,Canola,2010,,257.356,,,,5999.833333333333,,,,,CMFT_Engine,Balanced,-5742.477333333333
2011-04-01,2011-04-01,Canola,2010,,236.522,,,,6117.525,,,,,CMFT_Engine,Balanced,-5881.003
2011-05-01,2011-05-01,Canola,2010,,228.137,,,,6235.216666666666,,,,,CMFT_Engine,Balanced,-6007.0796666666665
2011-06-01,2011-06-01,Canola,2010,,229.92,,,,6352.908333333333,,,,,CMFT_Engine,Balanced,-6122.988333333333
2011-07-01,2011-07-01,Canola,2010,2748.7,12788.6,223.7,0.0,,6470.599999999999,7104.6,2185.8,,,CMFT_Engine,Balanced,9.094947017729282e-13
2011-08-01,2011-08-01,Canola,2011,2185.8,196.189,,,,6555.0583333333325,,-4173.069333333333,,,CMFT_Engine,Balanced,0.0
2011-09-01,2011-09-01,Canola,2011,,260.222,,,,6639.516666666666,,,,,CMFT_Engine,Balanced,-6379.294666666667
2011-10-01,2011-10-01,Canola,2011,,262.678,,,,6723.974999999999,,,,,CMFT_Engine,Balanced,-6461.297
2011-11-01,2011-11-01,Canola,2011,,268.876,,,,6808.433333333333,,,,,CMFT_Engine,Balanced,-6539.557333333333
2011-12-01,2011-12-01,Canola,2011,,299.75,,,,6892.891666666666,,,,,CMFT_Engine,Balanced,-6593.141666666666
2012-01-01,2012-01-01,Canola,2011,,284.893,,,,6977.35,,,0.573753510240342,21.8938,CMFT_Engine,Balanced,-6692.457
2012-02-01,2012-02-01,Canola,2011,,264.928,,,,7061.808333333333,,,,,CMFT_Engine,Balanced,-6796.8803333333335
2012-03-01,2012-03-01,Canola,2011,,300.042,,,,7146.266666666666,,,,,CMFT_Engine,Balanced,-6846.224666666666
2012-04-01,2012-04-01,Canola,2011,,275.158,,,,7230.725,,,,,CMFT_Engine,Balanced,-6955.567
2012-05-01,2012-05-01,Canola,2011,,236.879,,,,7315.183333333333,,,,,CMFT_Engine,Balanced,-7078.3043333333335
2012-06-01,2012-06-01,Canola,2011,,216.348,,,,7399.641666666667,,,,,CMFT_Engine,Balanced,-7183.293666666667
2012-07-01,2012-07-01,Canola,2011,2185.8,14608.1,96.6,0.0,,7484.1,8699.0,707.4,,,CMFT_Engine,Balanced,-3.410605131648481e-13
2012-08-01,2012-08-01,Canola,2012,707.4,216.581,,,,7428.216666666667,,-6504.235666666667,,,CMFT_Engine,Balanced,0.0
2012-09-01,2012-09-01,Canola,2012,,270.501,,,,7372.333333333334,,,,,CMFT_Engine,Balanced,-7101.832333333334
2012-10-01,2012-10-01,Canola,2012,,284.9,,,,7316.450000000001,,,,,CMFT_Engine,Balanced,-7031.550000000001
2012-11-01,2012-11-01,Canola,2012,,255.546,,,,7260.566666666667,,,,,CMFT_Engine,Balanced,-7005.020666666666
2012-12-01,2012-12-01,Canola,2012,,282.006,,,,7204.683333333333,,,,,CMFT_Engine,Balanced,-6922.677333333333
2013-01-01,2013-01-01,Canola,2012,,243.475,,,,7148.8,,,0.5276661917365852,20.3451,CMFT_Engine,Balanced,-6905.325
2013-02-01,2013-02-01,Canola,2012,,230.567,,,,7092.916666666667,,,,,CMFT_Engine,Balanced,-6862.349666666667
2013-03-01,2013-03-01,Canola,2012,,261.608,,,,7037.033333333334,,,,,CMFT_Engine,Balanced,-6775.425333333334
2013-04-01,2013-04-01,Canola,2012,,252.302,,,,6981.15,,,,,CMFT_Engine,Balanced,-6728.848
2013-05-01,2013-05-01,Canola,2012,,192.378,,,,6925.266666666666,,,,,CMFT_Engine,Balanced,-6732.888666666667
2013-06-01,2013-06-01,Canola,2012,,209.07,,,,6869.383333333333,,,,,CMFT_Engine,Balanced,-6660.3133333333335
2013-07-01,2013-07-01,Canola,2012,707.4,13868.5,127.6,0.0,,6813.5,7301.9,588.1,,,CMFT_Engine,Balanced,3.410605131648481e-13
2013-08-01,2013-08-01,Canola,2013,588.1,152.453,,,,6837.508333333333,,-6096.955333333333,,,CMFT_Engine,Balanced,0.0
2013-09-01,2013-09-01,Canola,2013,,245.685,,,,6861.516666666666,,,,,CMFT_Engine,Balanced,-6615.831666666666
2013-10-01,2013-10-01,Canola,2013,,275.937,,,,6885.525,,,,,CMFT_Engine,Balanced,-6609.588
2013-11-01,2013-11-01,Canola,2013,,267.181,,,,6909.533333333332,,,,,CMFT_Engine,Balanced,-6642.352333333332
2013-12-01,2013-12-01,Canola,2013,,277.087,,,,6933.541666666665,,,,,CMFT_Engine,Balanced,-6656.454666666665
2014-01-01,2014-01-01,Canola,2013,,260.23,,,,6957.549999999998,,,0.5532903821950903,20.7381,CMFT_Engine,Balanced,-6697.319999999998
2014-02-01,2014-02-01,Canola,2013,,234.43,,,,6981.558333333332,,,,,CMFT_Engine,Balanced,-6747.128333333331
2014-03-01,2014-03-01,Canola,2013,,269.012,,,,7005.566666666665,,,,,CMFT_Engine,Balanced,-6736.554666666665
2014-04-01,2014-04-01,Canola,2013,,252.672,,,,7029.574999999997,,,,,CMFT_Engine,Balanced,-6776.9029999999975
2014-05-01,2014-05-01,Canola,2013,,255.663,,,,7053.58333333333,,,,,CMFT_Engine,Balanced,-6797.92033333333
2014-06-01,2014-06-01,Canola,2013,,252.664,,,,7077.5916666666635,,,,,CMFT_Engine,Balanced,-6824.927666666664
2014-07-01,2014-07-01,Canola,2013,588.1,18551.0,66.1,0.0,,7101.599999999997,9095.6,3008.0,,,CMFT_Engine,Balanced,0.0
2014-08-01,2014-08-01,Canola,2014,3008.0,243.606,,,,7156.30833333333,,-3904.70233333333,,,CMFT_Engine,Balanced,0.0
2014-09-01,2014-09-01,Canola,2014,,272.518,,,,7211.016666666664,,,,,CMFT_Engine,Balanced,-6938.498666666664
2014-10-01,2014-10-01,Canola,2014,,266.855,,,,7265.724999999997,,,,,CMFT_Engine,Balanced,-6998.869999999997
2014-11-01,2014-11-01,Canola,2014,,232.795,,,,7320.433333333331,,,,,CMFT_Engine,Balanced,-7087.638333333331
2014-12-01,2014-12-01,Canola,2014,,277.662,,,,7375.141666666664,,,,,CMFT_Engine,Balanced,-7097.479666666663
2015-01-01,2015-01-01,Canola,2014,,280.998,,,,7429.849999999997,,,0.5994467201931404,20.6689,CMFT_Engine,Balanced,-7148.851999999997
2015-02-01,2015-02-01,Canola,2014,,241.525,,,,7484.558333333331,,,,,CMFT_Engine,Balanced,-7243.033333333331
2015-03-01,2015-03-01,Canola,2014,,293.208,,,,7539.266666666664,,,,,CMFT_Engine,Balanced,-7246.058666666664
2015-04-01,2015-04-01,Canola,2014,,260.152,,,,7593.974999999998,,,,,CMFT_Engine,Balanced,-7333.822999999998
2015-05-01,2015-05-01,Canola,2014,,251.305,,,,7648.683333333331,,,,,CMFT_Engine,Balanced,-7397.37833333333
2015-06-01,2015-06-01,Canola,2014,,277.9,,,,7703.391666666665,,,,,CMFT_Engine,Balanced,-7425.491666666665
2015-07-01,2015-07-01,Canola,2014,3008.0,16410.1,76.6,0.0,,7758.099999999998,9163.3,2573.3,,,CMFT_Engine,Balanced,-9.094947017729282e-13
2015-08-01,2015-08-01,Canola,2015,94.889,259.326,,,,259.326,,94.889,,,CMFT_Engine,Balanced,1.4210854715202004e-14
2015-09-01,2015-09-01,Canola,2015,98.582,263.864,,,,263.864,,98.582,,,CMFT_Engine,Balanced,0.0
2015-10-01,2015-10-01,Canola,2015,102.637,310.917,,,,310.917,,102.637,,,CMFT_Engine,Balanced,0.0
2015-11-01,2015-11-01,Canola,2015,93.77,297.651,,,,297.651,,93.77,,,CMFT_Engine,Balanced,-1.4210854715202004e-14
2015-12-01,2015-12-01,Canola,2015,99.364,321.648,,,,321.648,,99.364,,,CMFT_Engine,Balanced,2.842170943040401e-14
2016-01-01,2016-01-01,Canola,2015,104.783,300.084,,,,300.084,,104.783,0.6479908013046545,20.4192,CMFT_Engine,Balanced,1.4210854715202004e-14
2016-02-01,2016-02-01,Canola,2015,71.969,308.866,,,,308.866,,71.969,,,CMFT_Engine,Balanced,0.0
2016-03-01,2016-03-01,Canola,2015,97.096,329.029,,,,329.029,,97.096,,,CMFT_Engine,Balanced,0.0
2016-04-01,2016-04-01,Canola,2015,97.707,265.914,,,,265.914,,97.707,,,CMFT_Engine,Balanced,0.0
2016-05-01,2016-05-01,Canola,2015,80.667,306.39,,,,306.39,,80.667,,,CMFT_Engine,Balanced,2.842170943040401e-14
2016-06-01,2016-06-01,Canola,2015,93.541,306.037,,,,306.037,,93.541,,,CMFT_Engine,Balanced,0.0
2016-07-01,2016-07-01,Canola,2015,2573.3,18376.5,105.0,0.0,,8665.0,10299.0,2090.8,,,CMFT_Engine,Balanced,-9.094947017729282e-13
2016-08-01,2016-08-01,Canola,2016,70.186,290.544,,,,290.544,,70.186,,,CMFT_Engine,Balanced,2.842170943040401e-14
2016-09-01,2016-09-01,Canola,2016,80.014,339.091,,,,339.091,,80.014,,,CMFT_Engine,Balanced,1.4210854715202004e-14
2016-10-01,2016-10-01,Canola,2016,62.864,349.516,,,,349.516,,62.864,,,CMFT_Engine,Balanced,-2.1316282072803006e-14
2016-11-01,2016-11-01,Canola,2016,70.268,349.242,,,,349.24199999999996,,70.268,,,CMFT_Engine,Balanced,2.842170943040401e-14
2016-12-01,2016-12-01,Canola,2016,96.449,365.225,,,,365.225,,96.449,,,CMFT_Engine,Balanced,1.4210854715202004e-14
2017-01-01,2017-01-01,Canola,2016,92.627,346.346,,,,346.346,,92.627,0.666451124625234,22.9143,CMFT_Engine,Balanced,1.4210854715202004e-14
2017-02-01,2017-02-01,Canola,2016,97.867,329.866,,,,329.866,,97.867,,,CMFT_Engine,Balanced,1.4210854715202004e-14
2017-03-01,2017-03-01,Canola,2016,135.45,358.861,,,,358.861,,135.45,,,CMFT_Engine,Balanced,0.0
2017-04-01,2017-04-01,Canola,2016,99.937,328.58,,,,328.58,,99.937,,,CMFT_Engine,Balanced,1.4210854715202004e-14
2017-05-01,2017-05-01,Canola,2016,83.165,310.778,,,,310.778,,83.165,,,CMFT_Engine,Balanced,1.4210854715202004e-14
2017-06-01,2017-06-01,Canola,2016,95.673,321.671,,,,321.671,,95.673,,,CMFT_Engine,Balanced,0.0
2017-07-01,2017-07-01,Canola,2016,2090.8,19599.2,94.5,0.0,,9426.4,11016.4,1341.7,,,CMFT_Engine,Balanced,6.821210263296962e-13
2017-08-01,2017-08-01,Canola,2017,81.309,275.594,,,,275.59400000000005,,81.309,,,CMFT_Engine,Balanced,-2.842170943040401e-14
2017-09-01,2017-09-01,Canola,2017,97.807,333.206,,,,333.206,,97.807,,,CMFT_Engine,Balanced,1.4210854715202004e-14
2017-10-01,2017-10-01,Canola,2017,79.541,385.406,,,,385.406,,79.541,,,CMFT_Engine,Balanced,0.0
2017-11-01,2017-11-01,Canola,2017,79.579,358.596,,,,358.596,,79.579,,,CMFT_Engine,Balanced,1.4210854715202004e-14
2017-12-01,2017-12-01,Canola,2017,119.348,369.068,,,,369.068,,119.348,,,CMFT_Engine,Balanced,1.4210854715202004e-14
2018-01-01,2018-01-01,Canola,2017,115.796,339.976,,,,339.976,,115.796,0.665198967836984,22.5352,CMFT_Engine,Balanced,-1.4210854715202004e-14
2018-02-01,2018-02-01,Canola,2017,117.411,302.001,,,,302.001,,117.411,,,CMFT_Engine,Balanced,0.0
2018-03-01,2018-03-01,Canola,2017,133.795,369.137,,,,369.13700000000006,,133.795,,,CMFT_Engine,Balanced,-2.842170943040401e-14
2018-04-01,2018-04-01,Canola,2017,92.237,352.397,,,,352.39700000000005,,92.237,,,CMFT_Engine,Balanced,-2.842170943040401e-14
2018-05-01,2018-05-01,Canola,2017,80.114,343.755,,,,343.755,,80.114,,,CMFT_Engine,Balanced,2.842170943040401e-14
2018-06-01,2018-06-01,Canola,2017,96.559,334.184,,,,334.1840000000001,,96.559,,,CMFT_Engine,Balanced,-2.842170943040401e-14
2018-07-01,2018-07-01,Canola,2017,1341.7,21458.1,108.0,0.0,,9489.2,10782.9,2635.7,,,CMFT_Engine,Balanced,-9.094947017729282e-13
2018-08-01,2018-08-01,Canola,2018,95.668,333.324,,,,333.324,,95.668,,,CMFT_Engine,Balanced,0.0
2018-09-01,2018-09-01,Canola,2018,105.353,305.492,,,,305.492,,105.353,,,CMFT_Engine,Balanced,1.4210854715202004e-14
2018-10-01,2018-10-01,Canola,2018,110.422,338.867,,,,338.86699999999996,,110.422,,,CMFT_Engine,Balanced,2.842170943040401e-14
2018-11-01,2018-11-01,Canola,2018,92.474,351.37,,,,351.37,,92.474,,,CMFT_Engine,Balanced,-1.4210854715202004e-14
2018-12-01,2018-12-01,Canola,2018,121.384,368.101,,,,368.101,,121.384,,,CMFT_Engine,Balanced,1.4210854715202004e-14
2019-01-01,2019-01-01,Canola,2018,129.548,359.742,,,,359.742,,129.548,0.7577545352270122,20.9328,CMFT_Engine,Balanced,0.0
2019-02-01,2019-02-01,Canola,2018,126.139,277.382,,,,277.382,,126.139,,,CMFT_Engine,Balanced,1.4210854715202004e-14
2019-03-01,2019-03-01,Canola,2018,140.341,313.282,,,,313.282,,140.341,,,CMFT_Engine,Balanced,0.0
2019-04-01,2019-04-01,Canola,2018,108.193,353.144,,,,353.144,,108.193,,,CMFT_Engine,Balanced,-1.4210854715202004e-14
2019-05-01,2019-05-01,Canola,2018,97.185,354.617,,,,354.617,,97.185,,,CMFT_Engine,Balanced,0.0
2019-06-01,2019-06-01,Canola,2018,87.922,318.648,,,,318.648,,87.922,,,CMFT_Engine,Balanced,2.842170943040401e-14
2019-07-01,2019-07-01,Canola,2018,2635.7,20723.5,146.5,0.0,,9868.900000000001,9202.0,4434.8,,,CMFT_Engine,Balanced,-9.094947017729282e-13
2019-08-01,2019-08-01,Canola,2019,90.949,362.351,,,,362.351,,90.949,,,CMFT_Engine,Balanced,1.4210854715202004e-14
2019-09-01,2019-09-01,Canola,2019,82.625,335.473,,,,335.473,,82.625,,,CMFT_Engine,Balanced,0.0
2019-10-01,2019-10-01,Canola,2019,78.682,382.839,,,,382.839,,78.682,,,CMFT_Engine,Balanced,1.4210854715202004e-14
2019-11-01,2019-11-01,Canola,2019,94.615,360.183,,,,360.183,,94.615,,,CMFT_Engine,Balanced,1.4210854715202004e-14
2019-12-01,2019-12-01,Canola,2019,112.988,395.209,,,,395.209,,112.988,,,CMFT_Engine,Balanced,0.0
2020-01-01,2020-01-01,Canola,2019,104.829,375.307,,,,375.307,,104.829,0.804389565510101,20.5724,CMFT_Engine,Balanced,1.4210854715202004e-14
2020-02-01,2020-02-01,Canola,2019,100.927,352.268,,,,352.268,,100.927,,,CMFT_Engine,Balanced,1.4210854715202004e-14
2020-03-01,2020-03-01,Canola,2019,79.039,386.965,,,,386.965,,79.039,,,CMFT_Engine,Balanced,-1.4210854715202004e-14
2020-04-01,2020-04-01,Canola,2019,101.405,370.176,,,,370.17600000000004,,101.405,,,CMFT_Engine,Balanced,-2.842170943040401e-14
2020-05-01,2020-05-01,Canola,2019,97.025,375.88,,,,375.88,,97.025,,,CMFT_Engine,Balanced,-2.842170943040401e-14
2020-06-01,2020-06-01,Canola,2019,107.896,382.121,,,,382.121,,107.896,,,CMFT_Engine,Balanced,1.4210854715202004e-14
2020-07-01,2020-07-01,Canola,2019,4434.8,19912.3,132.5,0.0,,11005.299999999997,10039.7,3434.6,,,CMFT_Engine,Balanced,4.547473508864641e-13
2020-08-01,2020-08-01,Canola,2020,75.591,363.424,,,,363.424,,75.591,,,CMFT_Engine,Balanced,1.4210854715202004e-14
2020-09-01,2020-09-01,Canola,2020,72.673,339.884,,,,339.884,,72.673,,,CMFT_Engine,Balanced,0.0
2020-10-01,2020-10-01,Canola,2020,110.422,400.909,,,,400.909,,110.422,,,CMFT_Engine,Balanced,2.842170943040401e-14
2020-11-01,2020-11-01,Canola,2020,124.741,395.613,,,,395.61300000000006,,124.741,,,CMFT_Engine,Balanced,-1.4210854715202004e-14
2020-12-01,2020-12-01,Canola,2020,146.293,397.85,,,,397.85,,146.293,,,CMFT_Engine,Balanced,0.0
2021-01-01,2021-01-01,Canola,2020,139.78,394.315,,,,394.31500000000005,,139.78,0.7864905957463556,22.10622,CMFT_Engine,Balanced,-2.842170943040401e-14
2021-02-01,2021-02-01,Canola,2020,130.333,346.41,,,,346.4100000000001,,130.333,,,CMFT_Engine,Balanced,-2.842170943040401e-14
2021-03-01,2021-03-01,Canola,2020,101.723,416.849,,,,416.849,,101.723,,,CMFT_Engine,Balanced,1.4210854715202004e-14
2021-04-01,2021-04-01,Canola,2020,88.087,391.0,,,,391.0,,88.087,,,CMFT_Engine,Balanced,-1.4210854715202004e-14
2021-05-01,2021-05-01,Canola,2020,90.782,357.446,,,,357.446,,90.782,,,CMFT_Engine,Balanced,-1.4210854715202004e-14
2021-06-01,2021-06-01,Canola,2020,118.74,362.131,,,,362.131,,118.74,,,CMFT_Engine,Balanced,1.4210854715202004e-14
2021-07-01,2021-07-01,Canola,2020,3434.6,19484.7,125.1,0.0,,10679.799999999997,10588.6,1776.0,,,CMFT_Engine,Balanced,0.0
2021-08-01,2021-08-01,Canola,2021,104.079,287.295,,,,287.295,,104.079,,,CMFT_Engine,Balanced,1.4210854715202004e-14
2021-09-01,2021-09-01,Canola,2021,98.866,320.564,,,,320.564,,98.866,,,CMFT_Engine,Balanced,-1.4210854715202004e-14
2021-10-01,2021-10-01,Canola,2021,89.829,360.223,,,,360.223,,89.829,,,CMFT_Engine,Balanced,1.4210854715202004e-14
2021-11-01,2021-11-01,Canola,2021,103.276,325.474,,,,325.474,,103.276,,,CMFT_Engine,Balanced,1.4210854715202004e-14
2021-12-01,2021-12-01,Canola,2021,139.756,293.945,,,,293.94500000000005,,139.756,,,CMFT_Engine,Balanced,-2.842170943040401e-14
2022-01-01,2022-01-01,Canola,2021,111.51,271.629,,,,271.629,,111.51,0.5638317695534277,21.2418,CMFT_Engine,Balanced,-1.4210854715202004e-14
2022-02-01,2022-02-01,Canola,2021,106.825,262.732,,,,262.732,,106.825,,,CMFT_Engine,Balanced,-1.4210854715202004e-14
2022-03-01,2022-03-01,Canola,2021,92.435,308.449,,,,308.449,,92.435,,,CMFT_Engine,Balanced,0.0
2022-04-01,2022-04-01,Canola,2021,96.236,293.812,,,,293.812,,96.236,,,CMFT_Engine,Balanced,-1.4210854715202004e-14
2022-05-01,2022-05-01,Canola,2021,73.946,247.535,,,,247.535,,73.946,,,CMFT_Engine,Balanced,0.0
2022-06-01,2022-06-01,Canola,2021,79.652,276.389,,,,276.389,,79.652,,,CMFT_Engine,Balanced,-1.4210854715202004e-14
2022-07-01,2022-07-01,Canola,2021,1776.0,14248.3,104.7,0.0,,9399.9,5245.0,1484.1,,,CMFT_Engine,Balanced,4.547473508864641e-13
2022-08-01,2022-08-01,Canola,2022,71.176,261.54,,,,261.54,,71.176,,,CMFT_Engine,Balanced,-1.4210854715202004e-14
2022-09-01,2022-09-01,Canola,2022,69.824,331.683,,,,331.683,,69.824,,,CMFT_Engine,Balanced,1.4210854715202004e-14
2022-10-01,2022-10-01,Canola,2022,70.853,366.915,,,,366.915,,70.853,,,CMFT_Engine,Balanced,1.4210854715202004e-14
2022-11-01,2022-11-01,Canola,2022,71.595,361.145,,,,361.145,,71.595,,,CMFT_Engine,Balanced,2.842170943040401e-14
2022-12-01,2022-12-01,Canola,2022,114.543,345.687,,,,345.687,,114.543,,,CMFT_Engine,Balanced,0.0
2023-01-01,2023-01-01,Canola,2022,93.387,364.031,,,,364.031,,93.387,0.7334197022416976,21.8852,CMFT_Engine,Balanced,0.0
2023-02-01,2023-02-01,Canola,2022,110.143,336.866,,,,336.866,,110.143,,,CMFT_Engine,Balanced,2.842170943040401e-14
2023-03-01,2023-03-01,Canola,2022,93.258,384.817,,,,384.817,,93.258,,,CMFT_Engine,Balanced,-1.4210854715202004e-14
2023-04-01,2023-04-01,Canola,2022,99.401,371.693,,,,371.693,,99.401,,,CMFT_Engine,Balanced,1.4210854715202004e-14
2023-05-01,2023-05-01,Canola,2022,78.633,323.217,,,,323.217,,78.633,,,CMFT_Engine,Balanced,-1.4210854715202004e-14
2023-06-01,2023-06-01,Canola,2022,95.381,300.078,,,,300.078,,95.381,,,CMFT_Engine,Balanced,-2.842170943040401e-14
2023-07-01,2023-07-01,Canola,2022,1484.1,18849.8,151.3,0.0,,10672.599999999997,7950.1,1862.5,,,CMFT_Engine,Balanced,0.0
2023-08-01,2023-08-01,Canola,2023,67.433,347.606,,,,347.606,,67.433,,,CMFT_Engine,Balanced,-1.4210854715202004e-14
2023-09-01,2023-09-01,Canola,2023,73.417,390.46,,,,390.4599999999999,,73.417,,,CMFT_Engine,Balanced,2.842170943040401e-14
2023-10-01,2023-10-01,Canola,2023,79.722,411.664,,,,411.664,,79.722,,,CMFT_Engine,Balanced,-1.4210854715202004e-14
2023-11-01,2023-11-01,Canola,2023,68.474,386.867,,,,386.867,,68.474,,,CMFT_Engine,Balanced,-1.4210854715202004e-14
2023-12-01,2023-12-01,Canola,2023,84.954,402.183,,,,402.183,,84.954,,,CMFT_Engine,Balanced,1.4210854715202004e-14
2024-01-01,2024-01-01,Canola,2023,95.207,398.507,,,,398.507,,95.207,0.8038561434629848,21.8586,CMFT_Engine,Balanced,0.0
2024-02-01,2024-02-01,Canola,2023,100.454,382.013,,,,382.013,,100.454,,,CMFT_Engine,Balanced,1.4210854715202004e-14
2024-03-01,2024-03-01,Canola,2023,102.184,410.916,,,,410.91600000000005,,102.184,,,CMFT_Engine,Balanced,-2.842170943040401e-14
2024-04-01,2024-04-01,Canola,2023,89.182,412.867,,,,412.867,,89.182,,,CMFT_Engine,Balanced,1.4210854715202004e-14
2024-05-01,2024-05-01,Canola,2023,79.353,393.501,,,,393.501,,79.353,,,CMFT_Engine,Balanced,1.4210854715202004e-14
2024-06-01,2024-06-01,Canola,2023,76.368,334.909,,,,334.909,,76.368,,,CMFT_Engine,Balanced,0.0
2024-07-01,2024-07-01,Canola,2023,1862.5,19463.6,276.1,0.0,,11633.199999999997,6744.2,3224.8,,,CMFT_Engine,Balanced,0.0
2024-08-01,2024-08-01,Canola,2024,107.458,363.165,,,,363.1650000000001,,107.458,,,CMFT_Engine,Balanced,-2.842170943040401e-14
2024-09-01,2024-09-01,Canola,2024,98.242,394.851,,,,394.851,,98.242,,,CMFT_Engine,Balanced,1.4210854715202004e-14
2024-10-01,2024-10-01,Canola,2024,118.461,459.22,,,,459.22,,118.461,,,CMFT_Engine,Balanced,1.4210854715202004e-14
2024-11-01,2024-11-01,Canola,2024,105.271,427.366,,,,427.36599999999993,,105.271,,,CMFT_Engine,Balanced,1.4210854715202004e-14
2024-12-01,2024-12-01,Canola,2024,105.962,426.519,,,,426.519,,105.962,,,CMFT_Engine,Balanced,-1.4210854715202004e-14
2025-01-01,2025-01-01,Canola,2024,116.841,423.802,,,,423.802,,116.841,0.868706722003468,21.5107,CMFT_Engine,Balanced,1.4210854715202004e-14
2025-02-01,2025-02-01,Canola,2024,106.884,373.427,,,,373.427,,106.884,,,CMFT_Engine,Balanced,1.4210854715202004e-14
2025-03-01,2025-03-01,Canola,2024,124.086,436.06,,,,436.05999999999995,,124.086,,,CMFT_Engine,Balanced,1.4210854715202004e-14
2025-04-01,2025-04-01,Canola,2024,142.802,390.276,,,,390.27599999999995,,142.802,,,CMFT_Engine,Balanced,2.842170943040401e-14
2025-05-01,2025-05-01,Canola,2024,115.734,353.218,,,,353.218,,115.734,,,CMFT_Engine,Balanced,-1.4210854715202004e-14
2025-06-01,2025-06-01,Canola,2024,99.794,364.592,,,,364.592,,99.794,,,CMFT_Engine,Balanced,-1.4210854715202004e-14
2025-07-01,2025-07-01,Canola,2024,3224.8,19239.5,130.9,0.0,,11618.600000000002,9379.3,1597.3,,,CMFT_Engine,Balanced,-6.821210263296962e-13
2025-08-01,2025-08-01,Canola,2025,109.542,367.299,,,,367.299,,109.542,,,CMFT_Engine,Balanced,2.842170943040401e-14
2025-09-01,2025-09-01,Canola,2025,108.357,425.33,,,,425.33000000000004,,108.357,,,CMFT_Engine,Balanced,-2.842170943040401e-14
2025-10-01,2025-10-01,Canola,2025,118.972,447.959,,,,447.95900000000006,,118.972,,,CMFT_Engine,Balanced,-1.4210854715202004e-14
2025-11-01,2025-11-01,Canola,2025,123.352,445.187,,,,445.187,,123.352,,,CMFT_Engine,Balanced,-2.842170943040401e-14
2025-12-01,2025-12-01,Canola,2025,117.031,456.281,,,,456.281,,117.031,,,CMFT_Engine,Balanced,0.0
2026-01-01,2026-01-01,Canola,2025,49.933,449.181,,,,449.181,,49.933,,,CMFT_Engine,Balanced,-7.105427357601002e-15
2026-02-01,2026-02-01,Canola,2025,73.394,408.564,,,,408.564,,73.394,,,CMFT_Engine,Balanced,0.0
2026-03-01,2026-03-01,Canola,2025,57.663,468.766,,,,468.76599999999996,,57.663,,,CMFT_Engine,Balanced,1.4210854715202004e-14
2026-04-01,2026-04-01,Canola,2025,75.362,474.594,,,,474.59400000000005,,75.362,,,CMFT_Engine,Balanced,-2.842170943040401e-14
2026-05-01,2026-05-01,Canola,2025,72.536,480.411,,,,480.411,,72.536,,,CMFT_Engine,Balanced,0.0
2026-06-01,2026-06-01,Canola,2025,69.451,494.638,,,,494.6379999999999,,69.451,,,CMFT_Engine,Balanced,2.842170943040401e-14
2026-07-01,2026-07-01,Canola,2025,1597.3,22227.4,109.2,0.0,,13078.000000000002,8956.4,1899.5,,,CMFT_Engine,Balanced,0.0
1999-07-01,1999-07-01,Dry peas,1998,380.0,2336.8,10.0,,,646.8000000000002,1705.0,375.0,,,CMFT_Engine,Balanced,0.0
2000-07-01,2000-07-01,Dry peas,1999,375.0,2251.9,11.7,,,822.0999999999999,1416.5,400.0,,,CMFT_Engine,Balanced,0.0
2001-07-01,2001-07-01,Dry peas,2000,400.0,2864.3,11.6,,,884.9000000000001,2196.0,195.0,,,CMFT_Engine,Balanced,0.0
2002-07-01,2002-07-01,Dry peas,2001,195.0,2044.8,27.0,,,611.0000000000002,1380.8,275.0,,,CMFT_Engine,Balanced,0.0
2003-07-01,2003-07-01,Dry peas,2002,275.0,1283.8,40.6,,,745.4999999999999,625.9,228.0,,,CMFT_Engine,Balanced,0.0
2004-07-01,2004-07-01,Dry peas,2003,228.0,1930.9,24.0,,,667.2,1315.7,200.0,,,CMFT_Engine,Balanced,0.0
2005-07-01,2005-07-01,Dry peas,2004,200.0,3097.2,57.3,,,1028.5,1853.0,473.0,,,CMFT_Engine,Balanced,0.0
2006-07-01,2006-07-01,Dry peas,2005,473.0,2993.6,75.3,,,611.5,2567.4,363.0,,,CMFT_Engine,Balanced,0.0
2007-07-01,2007-07-01,Dry peas,2006,363.0,2519.9,59.9,,,806.6000000000001,1969.2,167.0,,,CMFT_Engine,Balanced,-2.2737367544323206e-13
2008-07-01,2008-07-01,Dry peas,2007,167.0,2934.8,37.6,,,682.8000000000002,2201.6,255.0,,,CMFT_Engine,Balanced,0.0
2009-07-01,2009-07-01,Dry peas,2008,255.0,3564.5,15.1,,,564.0,2825.6,445.0,,,CMFT_Engine,Balanced,0.0
2010-07-01,2010-07-01,Dry peas,2009,445.0,3379.4,55.0,,,791.5999999999999,2177.8,910.0,,,CMFT_Engine,Balanced,0.0
2011-07-01,2011-07-01,Dry peas,2010,910.0,3018.2,32.9,,,413.9000000000001,3012.2,535.0,,,CMFT_Engine,Balanced,0.0
2012-07-01,2012-07-01,Dry peas,2011,535.0,2502.0,11.8,,,688.1000000000004,2095.7,265.0,,,CMFT_Engine,Balanced,0.0
2013-07-01,2013-07-01,Dry peas,2012,265.0,3340.8,16.1,,,798.3000000000002,2649.6,174.0,,,CMFT_Engine,Balanced,0.0
2014-07-01,2014-07-01,Dry peas,2013,174.0,3960.8,25.1,,,1050.4000000000005,2780.5,329.0,,,CMFT_Engine,Balanced,0.0
2015-07-01,2015-07-01,Dry peas,2014,329.0,3810.1,30.8,,,403.90000000000055,3082.0,684.0,,,CMFT_Engine,Balanced,0.0
2016-07-01,2016-07-01,Dry peas,2015,684.0,3200.7,15.4,,,1079.3999999999999,2646.5,174.2,,,CMFT_Engine,Balanced,-1.7053025658242404e-13
2017-07-01,2017-07-01,Dry peas,2016,174.2,4835.9,31.5,,,797.3999999999993,3943.8,300.4,,,CMFT_Engine,Balanced,-3.410605131648481e-13
2018-07-01,2018-07-01,Dry peas,2017,300.4,4112.2,11.5,,,690.5999999999992,3085.3,648.2,,,CMFT_Engine,Balanced,-2.2737367544323206e-13
2019-07-01,2019-07-01,Dry peas,2018,648.2,3580.7,61.6,,,707.8999999999999,3270.3,312.3,,,CMFT_Engine,Balanced,1.7053025658242404e-13
2020-07-01,2020-07-01,Dry peas,2019,312.3,4236.5,82.3,,,688.7000000000005,3709.2,233.2,,,CMFT_Engine,Balanced,-1.7053025658242404e-13
2021-07-01,2021-07-01,Dry peas,2020,233.2,4594.4,81.1,,,765.8,3583.6,559.3,,,CMFT_Engine,Balanced,-2.2737367544323206e-13
2022-07-01,2022-07-01,Dry peas,2021,559.3,2243.8,28.6,,,580.5000000000003,1912.1,339.1,,,CMFT_Engine,Balanced,-1.1368683772161603e-13
2023-07-01,2023-07-01,Dry peas,2022,339.1,3423.3,34.9,,,683.5000000000001,2563.9,549.9,,,CMFT_Engine,Balanced,1.1368683772161603e-13
2024-07-01,2024-07-01,Dry peas,2023,549.9,2608.8,126.9,,,572.7000000000005,2413.6,299.3,,,CMFT_Engine,Balanced,-2.8421709430404007e-13
2025-07-01,2025-07-01,Dry peas,2024,299.3,2997.4,38.5,,,669.7000000000003,2176.5,489.0,,,CMFT_Engine,Balanced,0.0
2026-07-01,2026-07-01,Dry peas,2025,489.0,3934.2,12.5,,,594.7999999999997,2659.4,1181.5,,,CMFT_Engine,Balanced,0.0
1997-07-01,1997-07-01,Durum,1996,1973.0,4626.6,0.1,242.7,0.0,759.8000000000011,4094.2,1503.0,,,CMFT_Engine,Balanced,0.0
1998-07-01,1998-07-01,Durum,1997,1503.0,4351.7,0.2,244.7,0.0,625.5999999999995,4227.6,757.0,,,CMFT_Engine,Balanced,0.0
1999-07-01,1999-07-01,Durum,1998,757.0,6041.9,2.9,236.3,0.0,776.8999999999992,3850.6,1938.0,,,CMFT_Engine,Balanced,4.547473508864641e-13
2000-07-01,2000-07-01,Durum,1999,1938.0,4340.9,8.7,263.0,0.0,674.1999999999994,3575.4,1775.0,,,CMFT_Engine,Balanced,-4.547473508864641e-13
2001-07-01,2001-07-01,Durum,2000,1775.0,5708.5,10.2,254.7,0.0,879.3000000000002,3486.7,2873.0,,,CMFT_Engine,Balanced,0.0
2002-07-01,2002-07-01,Durum,2001,2873.0,3049.5,12.0,249.1,0.0,513.0,3627.5,1544.9,,,CMFT_Engine,Balanced,-4.547473508864641e-13
2003-07-01,2003-07-01,Durum,2002,1544.9,3876.9,5.5,276.3,0.0,574.4000000000001,2968.0,1608.6,,,CMFT_Engine,Balanced,4.547473508864641e-13
2004-07-01,2004-07-01,Durum,2003,1608.6,4211.6,1.3,251.5,0.0,368.5000000000009,3427.4,1774.1,,,CMFT_Engine,Balanced,0.0
2005-07-01,2005-07-01,Durum,2004,1774.1,4801.4,0.8,254.2,0.0,616.8000000000002,3218.4,2486.9,,,CMFT_Engine,Balanced,0.0
2006-07-01,2006-07-01,Durum,2005,2486.9,5914.6,3.6,248.1,0.0,611.0999999999999,4272.5,3273.4,,,CMFT_Engine,Balanced,-4.547473508864641e-13
2007-07-01,2007-07-01,Durum,2006,3273.4,3346.2,0.9,256.5,0.0,628.3999999999999,4478.8,1256.8,,,CMFT_Engine,Balanced,2.2737367544323206e-13
2008-07-01,2008-07-01,Durum,2007,1256.8,3681.4,2.9,228.5,0.0,729.3999999999994,3174.5,808.7,,,CMFT_Engine,Balanced,-2.2737367544323206e-13
2009-07-01,2009-07-01,Durum,2008,808.7,5519.3,2.4,236.3,0.0,450.59999999999945,3640.4,2003.1,,,CMFT_Engine,Balanced,0.0
2010-07-01,2010-07-01,Durum,2009,2003.1,5399.6,2.4,260.8,0.0,630.5999999999999,3819.8,2693.9,,,CMFT_Engine,Balanced,4.547473508864641e-13
2011-07-01,2011-07-01,Durum,2010,2693.9,3024.7,36.5,254.6,0.0,631.7000000000003,3302.8,1566.0,,,CMFT_Engine,Balanced,-9.094947017729282e-13
2012-07-01,2012-07-01,Durum,2011,1566.0,4172.1,17.3,232.4,0.0,453.50000000000045,3583.4,1486.1,,,CMFT_Engine,Balanced,0.0
2013-07-01,2013-07-01,Durum,2012,1486.1,4626.6,35.8,231.1,0.0,545.1000000000008,4245.4,1126.9,,,CMFT_Engine,Balanced,-4.547473508864641e-13
2014-07-01,2014-07-01,Durum,2013,1126.9,6504.5,5.1,236.3,0.0,591.2999999999997,5070.0,1738.9,,,CMFT_Engine,Balanced,-4.547473508864641e-13
2015-07-01,2015-07-01,Durum,2014,1738.9,5192.7,7.7,200.6,0.0,586.0999999999998,5176.5,976.1,,,CMFT_Engine,Balanced,3.410605131648481e-13
2016-07-01,2016-07-01,Durum,2015,976.1,5388.7,12.9,209.1,0.0,554.1999999999991,4514.1,1100.3,,,CMFT_Engine,Balanced,2.2737367544323206e-13
2017-07-01,2017-07-01,Durum,2016,1100.3,7761.8,10.8,173.6,0.0,2337.199999999999,4534.1,1828.0,,,CMFT_Engine,Balanced,0.0
2018-07-01,2018-07-01,Durum,2017,1828.0,4962.2,7.3,201.3,0.0,777.9000000000001,4342.2,1476.1,,,CMFT_Engine,Balanced,-4.547473508864641e-13
2019-07-01,2019-07-01,Durum,2018,1476.1,5784.8,23.8,204.1,0.0,722.9999999999993,4525.3,1832.3,,,CMFT_Engine,Balanced,2.2737367544323206e-13
2020-07-01,2020-07-01,Durum,2019,1832.3,5017.0,96.5,215.3,0.0,725.7000000000002,5268.2,736.6,,,CMFT_Engine,Balanced,3.410605131648481e-13
2021-07-01,2021-07-01,Durum,2020,736.6,6571.2,13.1,198.3,0.0,544.1000000000004,5765.5,813.0,,,CMFT_Engine,Balanced,0.0
2022-07-01,2022-07-01,Durum,2021,813.0,3032.5,7.9,210.1,0.0,341.2000000000003,2715.6,586.5,,,CMFT_Engine,Balanced,0.0
2023-07-01,2023-07-01,Durum,2022,586.5,5790.4,1.5,194.2,0.0,539.9999999999998,5072.0,572.2,,,CMFT_Engine,Balanced,-2.2737367544323206e-13
2024-07-01,2024-07-01,Durum,2023,572.2,4246.9,4.7,191.1,0.0,414.4999999999992,3549.3,668.9,,,CMFT_Engine,Balanced,-3.410605131648481e-13
2025-07-01,2025-07-01,Durum,2024,668.9,6380.3,5.1,192.9,0.0,527.5000000000006,5822.0,511.9,,,CMFT_Engine,Balanced,-3.410605131648481e-13
2026-07-01,2026-07-01,Durum,2025,511.9,7305.0,8.3,220.3,0.0,657.8,5845.4,1101.7,,,CMFT_Engine,Balanced,-2.2737367544323206e-13
2001-07-01,2001-07-01,Lentils,2000,80.0,914.1,5.5,,,268.6,475.0,256.0,,,CMFT_Engine,Balanced,0.0
2002-07-01,2002-07-01,Lentils,2001,256.0,566.3,6.4,,,218.5999999999999,478.1,132.0,,,CMFT_Engine,Balanced,0.0
2003-07-01,2003-07-01,Lentils,2002,132.0,328.0,9.1,,,99.70000000000005,319.4,50.0,,,CMFT_Engine,Balanced,0.0
2004-07-01,2004-07-01,Lentils,2003,50.0,484.6,5.4,,,134.89999999999998,367.1,38.0,,,CMFT_Engine,Balanced,0.0
2005-07-01,2005-07-01,Lentils,2004,38.0,915.8,10.0,,,270.9,450.9,242.0,,,CMFT_Engine,Balanced,0.0
2006-07-01,2006-07-01,Lentils,2005,242.0,1164.3,7.6,,,257.5999999999999,671.3,485.0,,,CMFT_Engine,Balanced,0.0
2007-07-01,2007-07-01,Lentils,2006,485.0,692.8,12.8,,,139.89999999999986,851.7,199.0,,,CMFT_Engine,Balanced,0.0
2008-07-01,2008-07-01,Lentils,2007,199.0,733.9,8.8,,,85.19999999999993,810.5,46.0,,,CMFT_Engine,Balanced,0.0
2009-07-01,2009-07-01,Lentils,2008,46.0,1043.2,7.2,,,101.40000000000009,973.0,22.0,,,CMFT_Engine,Balanced,0.0
2010-07-01,2010-07-01,Lentils,2009,22.0,1530.2,8.2,,,133.60000000000014,1386.8,40.0,,,CMFT_Engine,Balanced,0.0
2011-07-01,2011-07-01,Lentils,2010,40.0,2004.8,28.5,,,138.30000000000018,1105.0,830.0,,,CMFT_Engine,Balanced,0.0
2012-07-01,2012-07-01,Lentils,2011,830.0,1573.5,11.4,,,407.20000000000005,1147.7,860.0,,,CMFT_Engine,Balanced,0.0
2013-07-01,2013-07-01,Lentils,2012,860.0,1537.9,8.7,,,301.39999999999986,1638.2,467.0,,,CMFT_Engine,Balanced,-2.2737367544323206e-13
2014-07-01,2014-07-01,Lentils,2013,467.0,2261.7,9.4,,,199.39999999999986,1752.7,786.0,,,CMFT_Engine,Balanced,-2.2737367544323206e-13
2015-07-01,2015-07-01,Lentils,2014,786.0,1987.0,13.4,,,244.0999999999999,2179.3,363.0,,,CMFT_Engine,Balanced,0.0
2016-07-01,2016-07-01,Lentils,2015,363.0,2540.5,16.3,,,701.9000000000002,2144.5,73.4,,,CMFT_Engine,Balanced,8.526512829121202e-14
2017-07-01,2017-07-01,Lentils,2016,73.4,3193.8,98.0,,,595.2000000000003,2455.0,315.0,,,CMFT_Engine,Balanced,0.0
2018-07-01,2018-07-01,Lentils,2017,315.0,2558.5,34.7,,,497.4999999999998,1538.0,872.7,,,CMFT_Engine,Balanced,-2.2737367544323206e-13
2019-07-01,2019-07-01,Lentils,2018,872.7,2192.1,50.6,,,226.60000000000002,2033.2,855.6,,,CMFT_Engine,Balanced,1.1368683772161603e-13
2020-07-01,2020-07-01,Lentils,2019,855.6,2382.0,89.7,,,383.39999999999964,2734.9,209.0,,,CMFT_Engine,Balanced,0.0
2021-07-01,2021-07-01,Lentils,2020,209.0,2867.7,109.9,,,421.0999999999999,2327.5,438.0,,,CMFT_Engine,Balanced,0.0
2022-07-01,2022-07-01,Lentils,2021,438.0,1593.6,51.3,,,255.10000000000014,1602.8,225.0,,,CMFT_Engine,Balanced,0.0
2023-07-01,2023-07-01,Lentils,2022,225.0,2330.6,86.5,,,222.2000000000001,2208.7,211.2,,,CMFT_Engine,Balanced,-1.7053025658242404e-13
2024-07-01,2024-07-01,Lentils,2023,211.2,1801.1,91.7,,,263.5,1675.5,165.0,,,CMFT_Engine,Balanced,0.0
2025-07-01,2025-07-01,Lentils,2024,165.0,2431.3,125.7,,,338.70000000000005,1822.1,561.2,,,CMFT_Engine,Balanced,2.2737367544323206e-13
2026-07-01,2026-07-01,Lentils,2025,561.2,3363.2,49.7,,,274.3999999999994,2416.0,1283.7,,,CMFT_Engine,Balanced,-2.2737367544323206e-13
1997-07-01,1997-07-01,Oats,1996,411.0,4361.1,6.9,206.5,0.0,2080.6,1682.9,809.0,,,CMFT_Engine,Balanced,0.0
1998-07-01,1998-07-01,Oats,1997,809.0,3489.3,5.6,187.4,0.0,1912.6000000000004,1357.9,846.0,,,CMFT_Engine,Balanced,4.547473508864641e-13
1999-07-01,1999-07-01,Oats,1998,846.0,3957.5,3.3,200.5,0.0,2042.8000000000002,1475.5,1088.0,,,CMFT_Engine,Balanced,0.0
2000-07-01,2000-07-01,Oats,1999,1088.0,3641.3,3.9,191.1,0.0,1887.8999999999996,1532.2,1122.0,,,CMFT_Engine,Balanced,-2.2737367544323206e-13
2001-07-01,2001-07-01,Oats,2000,1122.0,3403.3,8.0,88.4,0.0,1831.3000000000002,1759.6,854.0,,,CMFT_Engine,Balanced,4.547473508864641e-13
2002-07-01,2002-07-01,Oats,2001,854.0,2690.7,53.3,147.6,0.0,1678.2,1409.4,362.8,,,CMFT_Engine,Balanced,-5.684341886080802e-14
2003-07-01,2003-07-01,Oats,2002,362.8,2910.7,20.7,132.1,0.0,1448.4,1189.8,523.9,,,CMFT_Engine,Balanced,-1.1368683772161603e-13
2004-07-01,2004-07-01,Oats,2003,523.9,3376.7,18.9,139.8,0.0,1434.0000000000005,1557.6,788.1,,,CMFT_Engine,Balanced,-5.684341886080801e-13
2005-07-01,2005-07-01,Oats,2004,788.1,3467.2,25.7,117.5,0.0,1514.1999999999998,1674.9,974.4,,,CMFT_Engine,Balanced,1.1368683772161603e-13
2006-07-01,2006-07-01,Oats,2005,974.4,3282.7,20.2,78.7,0.0,1457.4999999999989,1869.4,871.7,,,CMFT_Engine,Balanced,2.2737367544323206e-13
2007-07-01,2007-07-01,Oats,2006,871.7,3852.2,17.5,92.1,0.0,1788.9999999999998,2304.1,556.2,,,CMFT_Engine,Balanced,-6.821210263296962e-13
2008-07-01,2008-07-01,Oats,2007,556.2,4618.4,16.7,70.2,0.0,1366.4999999999995,2805.1,949.5,,,CMFT_Engine,Balanced,0.0
2009-07-01,2009-07-01,Oats,2008,949.5,4272.6,17.4,69.3,0.0,1212.5999999999997,2430.4,1527.2,,,CMFT_Engine,Balanced,2.2737367544323206e-13
2010-07-01,2010-07-01,Oats,2009,1527.2,2911.5,16.5,59.8,0.0,1158.0999999999997,2075.5,1161.8,,,CMFT_Engine,Balanced,2.2737367544323206e-13
2011-07-01,2011-07-01,Oats,2010,1161.8,2451.4,25.1,86.2,0.0,884.7999999999996,1934.7,732.6,,,CMFT_Engine,Balanced,1.1368683772161603e-13
2012-07-01,2012-07-01,Oats,2011,732.6,3157.6,12.1,123.3,0.0,780.1999999999994,2194.3,804.5,,,CMFT_Engine,Balanced,0.0
2013-07-01,2013-07-01,Oats,2012,804.5,2829.6,18.4,117.2,0.0,916.3000000000004,2173.2,445.8,,,CMFT_Engine,Balanced,1.7053025658242404e-13
2014-07-01,2014-07-01,Oats,2013,445.8,3927.6,29.6,83.5,0.0,1007.1999999999998,2243.3,1069.0,,,CMFT_Engine,Balanced,0.0
2015-07-01,2015-07-01,Oats,2014,1069.0,2976.8,19.3,147.0,0.0,888.4000000000002,2328.8,700.9,,,CMFT_Engine,Balanced,1.1368683772161603e-13
2016-07-01,2016-07-01,Oats,2015,700.9,3425.0,19.7,184.3,0.0,760.7999999999993,2233.5,967.0,,,CMFT_Engine,Balanced,0.0
2017-07-01,2017-07-01,Oats,2016,967.0,3231.2,20.9,125.2,0.0,1084.2999999999997,2306.1,703.5,,,CMFT_Engine,Balanced,0.0
2018-07-01,2018-07-01,Oats,2017,703.5,3733.0,13.8,112.2,0.0,1191.5000000000005,2368.2,778.4,,,CMFT_Engine,Balanced,1.1368683772161603e-13
2019-07-01,2019-07-01,Oats,2018,778.4,3436.0,10.5,122.4,0.0,1230.8999999999996,2474.7,396.9,,,CMFT_Engine,Balanced,5.684341886080801e-13
2020-07-01,2020-07-01,Oats,2019,396.9,4227.3,13.6,143.4,0.0,1458.1000000000004,2610.7,425.6,,,CMFT_Engine,Balanced,3.410605131648481e-13
2021-07-01,2021-07-01,Oats,2020,425.6,4575.8,17.1,104.1,0.0,1286.2000000000012,2971.7,656.5,,,CMFT_Engine,Balanced,-4.547473508864641e-13
2022-07-01,2022-07-01,Oats,2021,656.5,2898.6,25.0,97.6,0.0,835.8000000000001,2314.1,332.6,,,CMFT_Engine,Balanced,-1.1368683772161603e-13
2023-07-01,2023-07-01,Oats,2022,332.6,5226.5,24.6,90.3,0.0,1320.5000000000005,2669.9,1503.0,,,CMFT_Engine,Balanced,-4.547473508864641e-13
2024-07-01,2024-07-01,Oats,2023,1503.0,2643.1,15.3,78.8,0.0,1046.5000000000005,2365.7,670.4,,,CMFT_Engine,Balanced,1.1368683772161603e-13
2025-07-01,2025-07-01,Oats,2024,670.4,3357.6,15.9,75.2,0.0,896.6000000000001,2565.4,506.7,,,CMFT_Engine,Balanced,2.8421709430404007e-13
2026-07-01,2026-07-01,Oats,2025,506.7,3919.8,14.4,83.0,0.0,1373.4999999999995,2407.0,577.4,,,CMFT_Engine,Balanced,1.1368683772161603e-13
1971-08-01,1971-08-01,Soybeans,1970,,9.627,,,,,,,,,CMFT_Engine,Balanced,9.627
1971-09-01,1971-09-01,Soybeans,1971,,9.431,,,,,,,,,CMFT_Engine,Balanced,9.431
1971-10-01,1971-10-01,Soybeans,1971,,10.755,,,,,,,,,CMFT_Engine,Balanced,10.755
1971-11-01,1971-11-01,Soybeans,1971,,10.618,,,,,,,,,CMFT_Engine,Balanced,10.618
1971-12-01,1971-12-01,Soybeans,1971,,9.784,,,,,,,,,CMFT_Engine,Balanced,9.784
1972-01-01,1972-01-01,Soybeans,1971,,8.023,,,,,,,0.7278881607407407,0.405,CMFT_Engine,Balanced,8.023
1972-02-01,1972-02-01,Soybeans,1971,,7.661,,,,,,,,,CMFT_Engine,Balanced,7.661
1972-03-01,1972-03-01,Soybeans,1971,,7.328,,,,,,,,,CMFT_Engine,Balanced,7.328
1972-04-01,1972-04-01,Soybeans,1971,,7.597,,,,,,,,,CMFT_Engine,Balanced,7.597
1972-05-01,1972-05-01,Soybeans,1971,,10.449,,,,,,,,,CMFT_Engine,Balanced,10.449
1972-06-01,1972-06-01,Soybeans,1971,,10.242,,,,,,,,,CMFT_Engine,Balanced,10.242
1972-07-01,1972-07-01,Soybeans,1971,,7.917,,,,,,,,,CMFT_Engine,Balanced,7.917
1972-08-01,1972-08-01,Soybeans,1971,,7.343,,,,,,,,,CMFT_Engine,Balanced,7.343
1972-09-01,1972-09-01,Soybeans,1972,,6.769,,,,,,,,,CMFT_Engine,Balanced,6.769
1972-10-01,1972-10-01,Soybeans,1972,,8.819,,,,,,,,,CMFT_Engine,Balanced,8.819
1972-11-01,1972-11-01,Soybeans,1972,,11.068,,,,,,,,,CMFT_Engine,Balanced,11.068
1972-12-01,1972-12-01,Soybeans,1972,,10.135,,,,,,,,,CMFT_Engine,Balanced,10.135
1973-01-01,1973-01-01,Soybeans,1972,,8.907,,,,,,,0.696332204042553,0.47,CMFT_Engine,Balanced,8.907
1973-02-01,1973-02-01,Soybeans,1972,,8.848,,,,,,,,,CMFT_Engine,Balanced,8.848
1973-03-01,1973-03-01,Soybeans,1972,,9.066,,,,,,,,,CMFT_Engine,Balanced,9.066
1973-04-01,1973-04-01,Soybeans,1972,,6.882,,,,,,,,,CMFT_Engine,Balanced,6.882
1973-05-01,1973-05-01,Soybeans,1972,,8.495,,,,,,,,,CMFT_Engine,Balanced,8.495
1973-06-01,1973-06-01,Soybeans,1972,,7.48,,,,,,,,,CMFT_Engine,Balanced,7.48
1973-07-01,1973-07-01,Soybeans,1972,,5.312,,,,,,,,,CMFT_Engine,Balanced,5.312
1973-08-01,1973-08-01,Soybeans,1972,,4.959,,,,,,,,,CMFT_Engine,Balanced,4.959
1973-09-01,1973-09-01,Soybeans,1973,,3.487,,,,,,,,,CMFT_Engine,Balanced,3.487
1973-10-01,1973-10-01,Soybeans,1973,,8.777,,,,,,,,,CMFT_Engine,Balanced,8.777
1973-11-01,1973-11-01,Soybeans,1973,,10.367,,,,,,,,,CMFT_Engine,Balanced,10.367
1973-12-01,1973-12-01,Soybeans,1973,,8.841,,,,,,,,,CMFT_Engine,Balanced,8.841
1974-01-01,1974-01-01,Soybeans,1973,,10.443,,,,,,,0.9246131544578312,0.415,CMFT_Engine,Balanced,10.443
1974-02-01,1974-02-01,Soybeans,1973,,10.126,,,,,,,,,CMFT_Engine,Balanced,10.126
1974-03-01,1974-03-01,Soybeans,1973,,8.903,,,,,,,,,CMFT_Engine,Balanced,8.903
1974-04-01,1974-04-01,Soybeans,1973,,9.516,,,,,,,,,CMFT_Engine,Balanced,9.516
1974-05-01,1974-05-01,Soybeans,1973,,12.066,,,,,,,,,CMFT_Engine,Balanced,12.066
1974-06-01,1974-06-01,Soybeans,1973,,10.767,,,,,,,,,CMFT_Engine,Balanced,10.767
1974-07-01,1974-07-01,Soybeans,1973,,10.916,,,,,,,,,CMFT_Engine,Balanced,10.916
1974-08-01,1974-08-01,Soybeans,1973,,10.033,,,,,,,,,CMFT_Engine,Balanced,10.033
1974-09-01,1974-09-01,Soybeans,1974,,7.28,,,,,,,,,CMFT_Engine,Balanced,7.28
1974-10-01,1974-10-01,Soybeans,1974,,11.842,,,,,,,,,CMFT_Engine,Balanced,11.842
1974-11-01,1974-11-01,Soybeans,1974,,11.262,,,,,,,,,CMFT_Engine,Balanced,11.262
1974-12-01,1974-12-01,Soybeans,1974,,9.261,,,,,,,,,CMFT_Engine,Balanced,9.261
1975-01-01,1975-01-01,Soybeans,1974,,9.515,,,,,,,0.8964520653846153,0.39,CMFT_Engine,Balanced,9.515
1975-02-01,1975-02-01,Soybeans,1974,,7.547,,,,,,,,,CMFT_Engine,Balanced,7.547
1975-03-01,1975-03-01,Soybeans,1974,,7.173,,,,,,,,,CMFT_Engine,Balanced,7.173
1975-04-01,1975-04-01,Soybeans,1974,,9.043,,,,,,,,,CMFT_Engine,Balanced,9.043
1975-05-01,1975-05-01,Soybeans,1974,,9.65,,,,,,,,,CMFT_Engine,Balanced,9.65
1975-06-01,1975-06-01,Soybeans,1974,,7.915,,,,,,,,,CMFT_Engine,Balanced,7.915
1975-07-01,1975-07-01,Soybeans,1974,,7.821,,,,,,,,,CMFT_Engine,Balanced,7.821
1975-08-01,1975-08-01,Soybeans,1974,,10.259,,,,,,,,,CMFT_Engine,Balanced,10.259
1975-09-01,1975-09-01,Soybeans,1975,,9.01,,,,,,,,,CMFT_Engine,Balanced,9.01
1975-10-01,1975-10-01,Soybeans,1975,,12.433,,,,,,,,,CMFT_Engine,Balanced,12.433
1975-11-01,1975-11-01,Soybeans,1975,,11.899,,,,,,,,,CMFT_Engine,Balanced,11.899
1975-12-01,1975-12-01,Soybeans,1975,,10.84,,,,,,,,,CMFT_Engine,Balanced,10.84
1976-01-01,1976-01-01,Soybeans,1975,,9.45,,,,,,,0.9185924999999999,0.378,CMFT_Engine,Balanced,9.45
1976-02-01,1976-02-01,Soybeans,1975,,9.33,,,,,,,,,CMFT_Engine,Balanced,9.33
1976-03-01,1976-03-01,Soybeans,1975,,9.622,,,,,,,,,CMFT_Engine,Balanced,9.622
1976-04-01,1976-04-01,Soybeans,1975,,9.808,,,,,,,,,CMFT_Engine,Balanced,9.808
1976-05-01,1976-05-01,Soybeans,1975,,11.47,,,,,,,,,CMFT_Engine,Balanced,11.47
1976-06-01,1976-06-01,Soybeans,1975,,10.245,,,,,,,,,CMFT_Engine,Balanced,10.245
1976-07-01,1976-07-01,Soybeans,1975,,8.327,,,,,,,,,CMFT_Engine,Balanced,8.327
1976-08-01,1976-08-01,Soybeans,1975,,8.606,,,,,,,,,CMFT_Engine,Balanced,8.606
1976-09-01,1976-09-01,Soybeans,1976,,7.774,,,,,,,,,CMFT_Engine,Balanced,7.774
1976-10-01,1976-10-01,Soybeans,1976,,11.337,,,,,,,,,CMFT_Engine,Balanced,11.337
1976-11-01,1976-11-01,Soybeans,1976,,11.592,,,,,,,,,CMFT_Engine,Balanced,11.592
1976-12-01,1976-12-01,Soybeans,1976,,9.766,,,,,,,,,CMFT_Engine,Balanced,9.766
1977-01-01,1977-01-01,Soybeans,1976,,10.281,,,,,,,0.6868399630909091,0.55,CMFT_Engine,Balanced,10.281
1977-02-01,1977-02-01,Soybeans,1976,,8.579,,,,,,,,,CMFT_Engine,Balanced,8.579
1977-03-01,1977-03-01,Soybeans,1976,,9.321,,,,,,,,,CMFT_Engine,Balanced,9.321
1977-04-01,1977-04-01,Soybeans,1976,,8.824,,,,,,,,,CMFT_Engine,Balanced,8.824
1977-05-01,1977-05-01,Soybeans,1976,,10.158,,,,,,,,,CMFT_Engine,Balanced,10.158
1977-06-01,1977-06-01,Soybeans,1976,,10.989,,,,,,,,,CMFT_Engine,Balanced,10.989
1977-07-01,1977-07-01,Soybeans,1976,,8.388,,,,,,,,,CMFT_Engine,Balanced,8.388
1977-08-01,1977-08-01,Soybeans,1976,,8.818,,,,,,,,,CMFT_Engine,Balanced,8.818
1977-09-01,1977-09-01,Soybeans,1977,,7.748,,,,,,,,,CMFT_Engine,Balanced,7.748
1977-10-01,1977-10-01,Soybeans,1977,,10.677,,,,,,,,,CMFT_Engine,Balanced,10.677
1977-11-01,1977-11-01,Soybeans,1977,,11.769,,,,,,,,,CMFT_Engine,Balanced,11.769
1977-12-01,1977-12-01,Soybeans,1977,,11.363,,,,,,,,,CMFT_Engine,Balanced,11.363
1978-01-01,1978-01-01,Soybeans,1977,,11.478,,,,,,,0.5982187072340425,0.705,CMFT_Engine,Balanced,11.478
1978-02-01,1978-02-01,Soybeans,1977,,9.94,,,,,,,,,CMFT_Engine,Balanced,9.94
1978-03-01,1978-03-01,Soybeans,1977,,11.524,,,,,,,,,CMFT_Engine,Balanced,11.524
1978-04-01,1978-04-01,Soybeans,1977,,9.006,,,,,,,,,CMFT_Engine,Balanced,9.006
1978-05-01,1978-05-01,Soybeans,1977,,10.953,,,,,,,,,CMFT_Engine,Balanced,10.953
1978-06-01,1978-06-01,Soybeans,1977,,10.755,,,,,,,,,CMFT_Engine,Balanced,10.755
1978-07-01,1978-07-01,Soybeans,1977,,9.577,,,,,,,,,CMFT_Engine,Balanced,9.577
1978-08-01,1978-08-01,Soybeans,1977,,9.702,,,,,,,,,CMFT_Engine,Balanced,9.702
1978-09-01,1978-09-01,Soybeans,1978,,8.481,,,,,,,,,CMFT_Engine,Balanced,8.481
1978-10-01,1978-10-01,Soybeans,1978,,12.141,,,,,,,,,CMFT_Engine,Balanced,12.141
1978-11-01,1978-11-01,Soybeans,1978,,11.129,,,,,,,,,CMFT_Engine,Balanced,11.129
1978-12-01,1978-12-01,Soybeans,1978,,10.717,,,,,,,,,CMFT_Engine,Balanced,10.717
1979-01-01,1979-01-01,Soybeans,1978,,12.042,,,,,,,0.6412574426086957,0.69,CMFT_Engine,Balanced,12.042
1979-02-01,1979-02-01,Soybeans,1978,,10.405,,,,,,,,,CMFT_Engine,Balanced,10.405
1979-03-01,1979-03-01,Soybeans,1978,,12.176,,,,,,,,,CMFT_Engine,Balanced,12.176
1979-04-01,1979-04-01,Soybeans,1978,,11.129,,,,,,,,,CMFT_Engine,Balanced,11.129
1979-05-01,1979-05-01,Soybeans,1978,,11.927,,,,,,,,,CMFT_Engine,Balanced,11.927
1979-06-01,1979-06-01,Soybeans,1978,,10.087,,,,,,,,,CMFT_Engine,Balanced,10.087
1979-07-01,1979-07-01,Soybeans,1978,,9.088,,,,,,,,,CMFT_Engine,Balanced,9.088
1979-08-01,1979-08-01,Soybeans,1978,,11.099,,,,,,,,,CMFT_Engine,Balanced,11.099
1979-09-01,1979-09-01,Soybeans,1979,,10.002,,,,,,,,,CMFT_Engine,Balanced,10.002
1979-10-01,1979-10-01,Soybeans,1979,,12.202,,,,,,,,,CMFT_Engine,Balanced,12.202
1979-11-01,1979-11-01,Soybeans,1979,,14.41,,,,,,,,,CMFT_Engine,Balanced,14.41
1979-12-01,1979-12-01,Soybeans,1979,,12.947,,,,,,,,,CMFT_Engine,Balanced,12.947
1980-01-01,1980-01-01,Soybeans,1979,,14.469,,,,,,,0.7761234967883212,0.685,CMFT_Engine,Balanced,14.469
1980-02-01,1980-02-01,Soybeans,1979,,13.402,,,,,,,,,CMFT_Engine,Balanced,13.402
1980-03-01,1980-03-01,Soybeans,1979,,13.126,,,,,,,,,CMFT_Engine,Balanced,13.126
1980-04-01,1980-04-01,Soybeans,1979,,14.763,,,,,,,,,CMFT_Engine,Balanced,14.763
1980-05-01,1980-05-01,Soybeans,1979,,13.593,,,,,,,,,CMFT_Engine,Balanced,13.593
1980-06-01,1980-06-01,Soybeans,1979,,13.515,,,,,,,,,CMFT_Engine,Balanced,13.515
1980-07-01,1980-07-01,Soybeans,1979,,13.521,,,,,,,,,CMFT_Engine,Balanced,13.521
1980-08-01,1980-08-01,Soybeans,1979,,12.89,,,,,,,,,CMFT_Engine,Balanced,12.89
1980-09-01,1980-09-01,Soybeans,1980,,12.403,,,,,,,,,CMFT_Engine,Balanced,12.403
1980-10-01,1980-10-01,Soybeans,1980,,14.792,,,,,,,,,CMFT_Engine,Balanced,14.792
1980-11-01,1980-11-01,Soybeans,1980,,16.225,,,,,,,,,CMFT_Engine,Balanced,16.225
1980-12-01,1980-12-01,Soybeans,1980,,15.766,,,,,,,,,CMFT_Engine,Balanced,15.766
1981-01-01,1981-01-01,Soybeans,1980,,14.618,,,,,,,0.7784339226086956,0.69,CMFT_Engine,Balanced,14.618
1981-02-01,1981-02-01,Soybeans,1980,,13.629,,,,,,,,,CMFT_Engine,Balanced,13.629
1981-03-01,1981-03-01,Soybeans,1980,,13.056,,,,,,,,,CMFT_Engine,Balanced,13.056
1981-04-01,1981-04-01,Soybeans,1980,,13.904,,,,,,,,,CMFT_Engine,Balanced,13.904
1981-05-01,1981-05-01,Soybeans,1980,,11.77,,,,,,,,,CMFT_Engine,Balanced,11.77
1981-06-01,1981-06-01,Soybeans,1980,,10.339,,,,,,,,,CMFT_Engine,Balanced,10.339
1981-07-01,1981-07-01,Soybeans,1980,,9.539,,,,,,,,,CMFT_Engine,Balanced,9.539
1981-08-01,1981-08-01,Soybeans,1980,,7.735,,,,,,,,,CMFT_Engine,Balanced,7.735
1981-09-01,1981-09-01,Soybeans,1981,,8.608,,,,,,,,,CMFT_Engine,Balanced,8.608
1981-10-01,1981-10-01,Soybeans,1981,,16.027,,,,,,,,,CMFT_Engine,Balanced,16.027
1981-11-01,1981-11-01,Soybeans,1981,,14.878,,,,,,,,,CMFT_Engine,Balanced,14.878
1981-12-01,1981-12-01,Soybeans,1981,,14.775,,,,,,,,,CMFT_Engine,Balanced,14.775
1982-01-01,1982-01-01,Soybeans,1981,,14.052,,,,,,,0.573691636,0.9,CMFT_Engine,Balanced,14.052
1982-02-01,1982-02-01,Soybeans,1981,,13.212,,,,,,,,,CMFT_Engine,Balanced,13.212
1982-03-01,1982-03-01,Soybeans,1981,,14.907,,,,,,,,,CMFT_Engine,Balanced,14.907
1982-04-01,1982-04-01,Soybeans,1981,,14.234,,,,,,,,,CMFT_Engine,Balanced,14.234
1982-05-01,1982-05-01,Soybeans,1981,,15.509,,,,,,,,,CMFT_Engine,Balanced,15.509
1982-06-01,1982-06-01,Soybeans,1981,,14.915,,,,,,,,,CMFT_Engine,Balanced,14.915
1982-07-01,1982-07-01,Soybeans,1981,,15.445,,,,,,,,,CMFT_Engine,Balanced,15.445
1982-08-01,1982-08-01,Soybeans,1981,,11.783,,,,,,,,,CMFT_Engine,Balanced,11.783
1982-09-01,1982-09-01,Soybeans,1982,,13.238,,,,,,,,,CMFT_Engine,Balanced,13.238
1982-10-01,1982-10-01,Soybeans,1982,,17.329,,,,,,,,,CMFT_Engine,Balanced,17.329
1982-11-01,1982-11-01,Soybeans,1982,,15.77,,,,,,,,,CMFT_Engine,Balanced,15.77
1982-12-01,1982-12-01,Soybeans,1982,,15.402,,,,,,,,,CMFT_Engine,Balanced,15.402
1983-01-01,1983-01-01,Soybeans,1982,,16.435,,,,,,,0.6709807883333332,0.9,CMFT_Engine,Balanced,16.435
1983-02-01,1983-02-01,Soybeans,1982,,15.251,,,,,,,,,CMFT_Engine,Balanced,15.251
1983-03-01,1983-03-01,Soybeans,1982,,15.958,,,,,,,,,CMFT_Engine,Balanced,15.958
1983-04-01,1983-04-01,Soybeans,1982,,15.576,,,,,,,,,CMFT_Engine,Balanced,15.576
1983-05-01,1983-05-01,Soybeans,1982,,15.13,,,,,,,,,CMFT_Engine,Balanced,15.13
1983-06-01,1983-06-01,Soybeans,1982,,14.704,,,,,,,,,CMFT_Engine,Balanced,14.704
1983-07-01,1983-07-01,Soybeans,1982,,12.74,,,,,,,,,CMFT_Engine,Balanced,12.74
1983-08-01,1983-08-01,Soybeans,1982,,9.511,,,,,,,,,CMFT_Engine,Balanced,9.511
1983-09-01,1983-09-01,Soybeans,1983,,15.243,,,,,,,,,CMFT_Engine,Balanced,15.243
1983-10-01,1983-10-01,Soybeans,1983,,14.994,,,,,,,,,CMFT_Engine,Balanced,14.994
1983-11-01,1983-11-01,Soybeans,1983,,15.102,,,,,,,,,CMFT_Engine,Balanced,15.102
1983-12-01,1983-12-01,Soybeans,1983,,16.593,,,,,,,,,CMFT_Engine,Balanced,16.593
1984-01-01,1984-01-01,Soybeans,1983,,15.05,,,,,,,0.5529926849999999,1.0,CMFT_Engine,Balanced,15.05
1984-02-01,1984-02-01,Soybeans,1983,,12.758,,,,,,,,,CMFT_Engine,Balanced,12.758
1984-03-01,1984-03-01,Soybeans,1983,,13.246,,,,,,,,,CMFT_Engine,Balanced,13.246
1984-04-01,1984-04-01,Soybeans,1983,,13.541,,,,,,,,,CMFT_Engine,Balanced,13.541
1984-05-01,1984-05-01,Soybeans,1983,,14.869,,,,,,,,,CMFT_Engine,Balanced,14.869
1984-06-01,1984-06-01,Soybeans,1983,,14.058,,,,,,,,,CMFT_Engine,Balanced,14.058
1984-07-01,1984-07-01,Soybeans,1983,,11.291,,,,,,,,,CMFT_Engine,Balanced,11.291
1984-08-01,1984-08-01,Soybeans,1983,,10.555,,,,,,,,,CMFT_Engine,Balanced,10.555
1984-09-01,1984-09-01,Soybeans,1984,,12.054,,,,,,,,,CMFT_Engine,Balanced,12.054
1984-10-01,1984-10-01,Soybeans,1984,,11.506,,,,,,,,,CMFT_Engine,Balanced,11.506
1984-11-01,1984-11-01,Soybeans,1984,,11.597,,,,,,,,,CMFT_Engine,Balanced,11.597
1984-12-01,1984-12-01,Soybeans,1984,,18.563,,,,,,,,,CMFT_Engine,Balanced,18.563
1985-01-01,1985-01-01,Soybeans,1984,,15.244,,,,,,,0.5601209628,1.0,CMFT_Engine,Balanced,15.244
1985-02-01,1985-02-01,Soybeans,1984,,14.075,,,,,,,,,CMFT_Engine,Balanced,14.075
1985-03-01,1985-03-01,Soybeans,1984,,16.651,,,,,,,,,CMFT_Engine,Balanced,16.651
1985-04-01,1985-04-01,Soybeans,1984,,16.024,,,,,,,,,CMFT_Engine,Balanced,16.024
1985-05-01,1985-05-01,Soybeans,1984,,15.794,,,,,,,,,CMFT_Engine,Balanced,15.794
1985-06-01,1985-06-01,Soybeans,1984,,16.057,,,,,,,,,CMFT_Engine,Balanced,16.057
1985-07-01,1985-07-01,Soybeans,1984,,12.31,,,,,,,,,CMFT_Engine,Balanced,12.31
1985-08-01,1985-08-01,Soybeans,1984,,10.526,,,,,,,,,CMFT_Engine,Balanced,10.526
1985-09-01,1985-09-01,Soybeans,1985,,9.897,,,,,,,,,CMFT_Engine,Balanced,9.897
1985-10-01,1985-10-01,Soybeans,1985,,11.993,,,,,,,,,CMFT_Engine,Balanced,11.993
1985-11-01,1985-11-01,Soybeans,1985,,11.971,,,,,,,,,CMFT_Engine,Balanced,11.971
1985-12-01,1985-12-01,Soybeans,1985,,11.943,,,,,,,,,CMFT_Engine,Balanced,11.943
1986-01-01,1986-01-01,Soybeans,1985,,14.982,,,,,,,0.5789190381743611,0.9509,CMFT_Engine,Balanced,14.982
1986-02-01,1986-02-01,Soybeans,1985,,11.228,,,,,,,,,CMFT_Engine,Balanced,11.228
1986-03-01,1986-03-01,Soybeans,1985,,15.479,,,,,,,,,CMFT_Engine,Balanced,15.479
1986-04-01,1986-04-01,Soybeans,1985,,16.459,,,,,,,,,CMFT_Engine,Balanced,16.459
1986-05-01,1986-05-01,Soybeans,1985,,17.285,,,,,,,,,CMFT_Engine,Balanced,17.285
1986-06-01,1986-06-01,Soybeans,1985,,14.378,,,,,,,,,CMFT_Engine,Balanced,14.378
1986-07-01,1986-07-01,Soybeans,1985,,10.261,,,,,,,,,CMFT_Engine,Balanced,10.261
1986-08-01,1986-08-01,Soybeans,1985,,12.598,,,,,,,,,CMFT_Engine,Balanced,12.598
1986-09-01,1986-09-01,Soybeans,1986,,9.222,,,,,,,,,CMFT_Engine,Balanced,9.222
1986-10-01,1986-10-01,Soybeans,1986,,13.782,,,,,,,,,CMFT_Engine,Balanced,13.782
1986-11-01,1986-11-01,Soybeans,1986,,14.512,,,,,,,,,CMFT_Engine,Balanced,14.512
1986-12-01,1986-12-01,Soybeans,1986,,17.41,,,,,,,,,CMFT_Engine,Balanced,17.41
1987-01-01,1987-01-01,Soybeans,1986,,13.819,,,,,,,0.4454827077557466,1.1398,CMFT_Engine,Balanced,13.819
1987-02-01,1987-02-01,Soybeans,1986,,10.78,,,,,,,,,CMFT_Engine,Balanced,10.78
1987-03-01,1987-03-01,Soybeans,1986,,15.916,,,,,,,,,CMFT_Engine,Balanced,15.916
1987-04-01,1987-04-01,Soybeans,1986,,13.406,,,,,,,,,CMFT_Engine,Balanced,13.406
1987-05-01,1987-05-01,Soybeans,1986,,10.586,,,,,,,,,CMFT_Engine,Balanced,10.586
1987-06-01,1987-06-01,Soybeans,1986,,14.335,,,,,,,,,CMFT_Engine,Balanced,14.335
1987-07-01,1987-07-01,Soybeans,1986,,11.486,,,,,,,,,CMFT_Engine,Balanced,11.486
1987-08-01,1987-08-01,Soybeans,1986,,14.033,,,,,,,,,CMFT_Engine,Balanced,14.033
1987-09-01,1987-09-01,Soybeans,1987,,12.752,,,,,,,,,CMFT_Engine,Balanced,12.752
1987-10-01,1987-10-01,Soybeans,1987,,15.611,,,,,,,,,CMFT_Engine,Balanced,15.611
1987-11-01,1987-11-01,Soybeans,1987,,15.024,,,,,,,,,CMFT_Engine,Balanced,15.024
1987-12-01,1987-12-01,Soybeans,1987,,14.109,,,,,,,,,CMFT_Engine,Balanced,14.109
1988-01-01,1988-01-01,Soybeans,1987,,14.216,,,,,,,0.39658981034090046,1.3171,CMFT_Engine,Balanced,14.216
1988-02-01,1988-02-01,Soybeans,1987,,14.184,,,,,,,,,CMFT_Engine,Balanced,14.184
1988-03-01,1988-03-01,Soybeans,1987,,14.037,,,,,,,,,CMFT_Engine,Balanced,14.037
1988-04-01,1988-04-01,Soybeans,1987,,14.802,,,,,,,,,CMFT_Engine,Balanced,14.802
1988-05-01,1988-05-01,Soybeans,1987,,14.119,,,,,,,,,CMFT_Engine,Balanced,14.119
1988-06-01,1988-06-01,Soybeans,1987,,12.425,,,,,,,,,CMFT_Engine,Balanced,12.425
1988-07-01,1988-07-01,Soybeans,1987,,11.565,,,,,,,,,CMFT_Engine,Balanced,11.565
1988-08-01,1988-08-01,Soybeans,1987,,11.049,,,,,,,,,CMFT_Engine,Balanced,11.049
1988-09-01,1988-09-01,Soybeans,1988,,11.507,,,,,,,,,CMFT_Engine,Balanced,11.507
1988-10-01,1988-10-01,Soybeans,1988,,14.514,,,,,,,,,CMFT_Engine,Balanced,14.514
1988-11-01,1988-11-01,Soybeans,1988,,13.447,,,,,,,,,CMFT_Engine,Balanced,13.447
1988-12-01,1988-12-01,Soybeans,1988,,13.155,,,,,,,,,CMFT_Engine,Balanced,13.155
1989-01-01,1989-01-01,Soybeans,1988,,13.557,,,,,,,0.3736381194869487,1.3332,CMFT_Engine,Balanced,13.557
1989-02-01,1989-02-01,Soybeans,1988,,12.357,,,,,,,,,CMFT_Engine,Balanced,12.357
1989-03-01,1989-03-01,Soybeans,1988,,12.983,,,,,,,,,CMFT_Engine,Balanced,12.983
1989-04-01,1989-04-01,Soybeans,1988,,12.045,,,,,,,,,CMFT_Engine,Balanced,12.045
1989-05-01,1989-05-01,Soybeans,1988,,13.298,,,,,,,,,CMFT_Engine,Balanced,13.298
1989-06-01,1989-06-01,Soybeans,1988,,11.486,,,,,,,,,CMFT_Engine,Balanced,11.486
1989-07-01,1989-07-01,Soybeans,1988,,10.084,,,,,,,,,CMFT_Engine,Balanced,10.084
1989-08-01,1989-08-01,Soybeans,1988,,12.544,,,,,,,,,CMFT_Engine,Balanced,12.544
1989-09-01,1989-09-01,Soybeans,1989,,11.77,,,,,,,,,CMFT_Engine,Balanced,11.77
1989-10-01,1989-10-01,Soybeans,1989,,16.643,,,,,,,,,CMFT_Engine,Balanced,16.643
1989-11-01,1989-11-01,Soybeans,1989,,19.071,,,,,,,,,CMFT_Engine,Balanced,19.071
1989-12-01,1989-12-01,Soybeans,1989,,16.903,,,,,,,,,CMFT_Engine,Balanced,16.903
1990-01-01,1990-01-01,Soybeans,1989,,18.169,,,,,,,0.558657979330544,1.195,CMFT_Engine,Balanced,18.169
1990-02-01,1990-02-01,Soybeans,1989,,16.86,,,,,,,,,CMFT_Engine,Balanced,16.86
1990-03-01,1990-03-01,Soybeans,1989,,18.828,,,,,,,,,CMFT_Engine,Balanced,18.828
1990-04-01,1990-04-01,Soybeans,1989,,16.163,,,,,,,,,CMFT_Engine,Balanced,16.163
1990-05-01,1990-05-01,Soybeans,1989,,19.533,,,,,,,,,CMFT_Engine,Balanced,19.533
1990-06-01,1990-06-01,Soybeans,1989,,16.543,,,,,,,,,CMFT_Engine,Balanced,16.543
1990-07-01,1990-07-01,Soybeans,1989,,16.304,,,,,,,,,CMFT_Engine,Balanced,16.304
1990-08-01,1990-08-01,Soybeans,1989,,12.64,,,,,,,,,CMFT_Engine,Balanced,12.64
1990-09-01,1990-09-01,Soybeans,1990,,13.67,,,,,,,,,CMFT_Engine,Balanced,13.67
1990-10-01,1990-10-01,Soybeans,1990,,14.868,,,,,,,,,CMFT_Engine,Balanced,14.868
1990-11-01,1990-11-01,Soybeans,1990,,14.881,,,,,,,,,CMFT_Engine,Balanced,14.881
1990-12-01,1990-12-01,Soybeans,1990,,16.367,,,,,,,,,CMFT_Engine,Balanced,16.367
1991-01-01,1991-01-01,Soybeans,1990,,13.528,,,,,,,0.3364517533344389,1.477385,CMFT_Engine,Balanced,13.528
1991-02-01,1991-02-01,Soybeans,1990,,13.524,,,,,,,,,CMFT_Engine,Balanced,13.524
1991-03-01,1991-03-01,Soybeans,1990,,13.888,,,,,,,,,CMFT_Engine,Balanced,13.888
1991-04-01,1991-04-01,Soybeans,1990,,12.301,,,,,,,,,CMFT_Engine,Balanced,12.301
1991-05-01,1991-05-01,Soybeans,1990,,12.91,,,,,,,,,CMFT_Engine,Balanced,12.91
1991-06-01,1991-06-01,Soybeans,1990,,12.911,,,,,,,,,CMFT_Engine,Balanced,12.911
1991-07-01,1991-07-01,Soybeans,1990,,12.564,,,,,,,,,CMFT_Engine,Balanced,12.564
1991-08-01,1991-08-01,Soybeans,1990,,13.632,,,,,,,,,CMFT_Engine,Balanced,13.632
1991-09-01,1991-09-01,Soybeans,1991,,14.412,,,,,,,,,CMFT_Engine,Balanced,14.412
1991-10-01,1991-10-01,Soybeans,1991,,15.477,,,,,,,,,CMFT_Engine,Balanced,15.477
1991-11-01,1991-11-01,Soybeans,1991,,14.66,,,,,,,,,CMFT_Engine,Balanced,14.66
1991-12-01,1991-12-01,Soybeans,1991,,16.185,,,,,,,,,CMFT_Engine,Balanced,16.185
1992-01-01,1992-01-01,Soybeans,1991,,15.045,,,,,,,0.35971431969026546,1.5368,CMFT_Engine,Balanced,15.045
1992-02-01,1992-02-01,Soybeans,1991,,15.226,,,,,,,,,CMFT_Engine,Balanced,15.226
1992-03-01,1992-03-01,Soybeans,1991,,13.036,,,,,,,,,CMFT_Engine,Balanced,13.036
1997-07-01,1997-07-01,Soybeans,1996,164.0,2169.5,232.2,484.9,,1522.9999999999998,477.8,80.0,,,CMFT_Engine,Balanced,-5.684341886080802e-14
1998-07-01,1998-07-01,Soybeans,1997,80.0,2737.7,149.0,390.8,,1619.1,768.8,188.0,,,CMFT_Engine,Balanced,-2.2737367544323206e-13
1999-07-01,1999-07-01,Soybeans,1998,188.0,2736.6,253.8,443.1,,1645.0,875.6,214.7,,,CMFT_Engine,Balanced,1.7053025658242404e-13
2000-07-01,2000-07-01,Soybeans,1999,214.7,2780.9,454.8,467.3,,1782.1000000000001,949.0,252.0,,,CMFT_Engine,Balanced,-2.2737367544323206e-13
2001-07-01,2001-07-01,Soybeans,2000,252.0,2703.0,431.0,691.7,,1762.1,747.2,185.0,,,CMFT_Engine,Balanced,2.2737367544323206e-13
2002-07-01,2002-07-01,Soybeans,2001,185.0,1635.2,982.2,351.9,,1777.3000000000002,501.4,171.8,,,CMFT_Engine,Balanced,-1.7053025658242404e-13
2003-07-01,2003-07-01,Soybeans,2002,171.8,2335.7,651.0,418.8,,1871.5,723.2,145.0,,,CMFT_Engine,Balanced,-2.2737367544323206e-13
2004-07-01,2004-07-01,Soybeans,2003,145.0,2273.3,586.7,324.1,,1627.3,913.6,140.0,,,CMFT_Engine,Balanced,1.1368683772161603e-13
2005-07-01,2005-07-01,Soybeans,2004,140.0,3043.9,393.4,453.2,,1732.2,1121.9,270.0,,,CMFT_Engine,Balanced,2.2737367544323206e-13
2006-07-01,2006-07-01,Soybeans,2005,270.0,3155.6,339.2,334.4,,1619.1999999999998,1316.2,495.0,,,CMFT_Engine,Balanced,-2.2737367544323206e-13
2007-07-01,2007-07-01,Soybeans,2006,495.0,3465.5,240.7,355.9,,1634.6999999999998,1740.6,470.0,,,CMFT_Engine,Balanced,0.0
2008-07-01,2008-07-01,Soybeans,2007,470.0,2686.2,336.8,208.2,,1473.1,1695.7,116.0,,,CMFT_Engine,Balanced,2.2737367544323206e-13
2009-07-01,2009-07-01,Soybeans,2008,116.0,3335.9,350.4,266.2,,1427.9,1888.2,220.0,,,CMFT_Engine,Balanced,2.2737367544323206e-13
2010-07-01,2010-07-01,Soybeans,2009,220.0,3581.6,371.7,306.7,,1450.3000000000002,2111.3,305.0,,,CMFT_Engine,Balanced,0.0
2011-07-01,2011-07-01,Soybeans,2010,305.0,4444.6,266.3,354.8,,1611.0000000000005,2753.6,296.5,,,CMFT_Engine,Balanced,0.0
2012-07-01,2012-07-01,Soybeans,2011,296.5,4466.5,232.5,438.3,,1584.4999999999998,2741.4,231.3,,,CMFT_Engine,Balanced,-2.8421709430404007e-13
2013-07-01,2013-07-01,Soybeans,2012,231.3,5086.4,257.6,359.1,,1727.1000000000004,3331.6,157.5,,,CMFT_Engine,Balanced,-4.547473508864641e-13
2014-07-01,2014-07-01,Soybeans,2013,157.5,5355.9,343.1,434.8,,1757.0999999999997,3427.3,237.3,,,CMFT_Engine,Balanced,1.7053025658242404e-13
2015-07-01,2015-07-01,Soybeans,2014,237.3,6044.8,331.2,333.8,,2017.5000000000005,3804.4,457.6,,,CMFT_Engine,Balanced,-1.1368683772161603e-13
2015-08-01,2015-08-01,Soybeans,2014,14.136,31.962,,,,31.962,,14.136,,,CMFT_Engine,Balanced,0.0
2015-09-01,2015-09-01,Soybeans,2015,2.342,22.547,,,,22.547,,2.342,,,CMFT_Engine,Balanced,-1.3322676295501878e-15
2015-10-01,2015-10-01,Soybeans,2015,11.347,35.398,,,,35.398,,11.347,,,CMFT_Engine,Balanced,1.7763568394002505e-15
2015-11-01,2015-11-01,Soybeans,2015,30.238,35.214,,,,35.214,,30.238,,,CMFT_Engine,Balanced,0.0
2015-12-01,2015-12-01,Soybeans,2015,14.65,35.627,,,,35.627,,14.65,,,CMFT_Engine,Balanced,-1.7763568394002505e-15
2016-01-01,2016-01-01,Soybeans,2015,14.526,32.73,,,,32.730000000000004,,14.526,0.21807556186193264,5.5147,CMFT_Engine,Balanced,-3.552713678800501e-15
2016-02-01,2016-02-01,Soybeans,2015,17.802,27.177,,,,27.177,,17.802,,,CMFT_Engine,Balanced,0.0
2016-03-01,2016-03-01,Soybeans,2015,9.289,27.898,,,,27.897999999999996,,9.289,,,CMFT_Engine,Balanced,1.7763568394002505e-15
2016-04-01,2016-04-01,Soybeans,2015,9.035,26.509,,,,26.508999999999997,,9.035,,,CMFT_Engine,Balanced,0.0
2016-05-01,2016-05-01,Soybeans,2015,6.83,25.821,,,,25.821000000000005,,6.83,,,CMFT_Engine,Balanced,-1.7763568394002505e-15
2016-06-01,2016-06-01,Soybeans,2015,10.849,21.026,,,,21.026,,10.849,,,CMFT_Engine,Balanced,0.0
2016-07-01,2016-07-01,Soybeans,2015,457.6,6456.3,319.0,508.7,,2154.0000000000005,4190.6,379.6,,,CMFT_Engine,Balanced,3.410605131648481e-13
2016-08-01,2016-08-01,Soybeans,2015,16.174,29.958,,,,29.958,,16.174,,,CMFT_Engine,Balanced,0.0
2016-09-01,2016-09-01,Soybeans,2016,10.824,27.59,,,,27.590000000000003,,10.824,,,CMFT_Engine,Balanced,-1.7763568394002505e-15
2016-10-01,2016-10-01,Soybeans,2016,8.82,34.473,,,,34.473,,8.82,,,CMFT_Engine,Balanced,0.0
2016-11-01,2016-11-01,Soybeans,2016,5.11,33.113,,,,33.113,,5.11,,,CMFT_Engine,Balanced,-8.881784197001252e-16
2016-12-01,2016-12-01,Soybeans,2016,8.885,28.524,,,,28.524,,8.885,,,CMFT_Engine,Balanced,-1.7763568394002505e-15
2017-01-01,2017-01-01,Soybeans,2016,9.44,30.307,,,,30.307000000000002,,9.44,0.15355644179536676,7.252,CMFT_Engine,Balanced,-1.7763568394002505e-15
2017-02-01,2017-02-01,Soybeans,2016,10.051,26.695,,,,26.695,,10.051,,,CMFT_Engine,Balanced,1.7763568394002505e-15
2017-03-01,2017-03-01,Soybeans,2016,11.703,29.122,,,,29.122000000000003,,11.703,,,CMFT_Engine,Balanced,0.0
2017-04-01,2017-04-01,Soybeans,2016,9.167,28.861,,,,28.860999999999997,,9.167,,,CMFT_Engine,Balanced,1.7763568394002505e-15
2017-05-01,2017-05-01,Soybeans,2016,5.905,29.749,,,,29.748999999999995,,5.905,,,CMFT_Engine,Balanced,8.881784197001252e-16
2017-06-01,2017-06-01,Soybeans,2016,5.795,27.391,,,,27.391,,5.795,,,CMFT_Engine,Balanced,1.7763568394002505e-15
2017-07-01,2017-07-01,Soybeans,2016,379.6,6596.5,482.4,550.5,,2133.2,4419.8,355.0,,,CMFT_Engine,Balanced,0.0
2017-08-01,2017-08-01,Soybeans,2016,6.131,25.58,,,,25.58,,6.131,,,CMFT_Engine,Balanced,0.0
2017-09-01,2017-09-01,Soybeans,2017,8.455,26.258,,,,26.258000000000003,,8.455,,,CMFT_Engine,Balanced,-1.7763568394002505e-15
2017-10-01,2017-10-01,Soybeans,2017,5.552,31.939,,,,31.939,,5.552,,,CMFT_Engine,Balanced,0.0
2017-11-01,2017-11-01,Soybeans,2017,11.035,30.796,,,,30.796000000000003,,11.035,,,CMFT_Engine,Balanced,0.0
2017-12-01,2017-12-01,Soybeans,2017,11.202,29.737,,,,29.737000000000002,,11.202,,,CMFT_Engine,Balanced,-1.7763568394002505e-15
2018-01-01,2018-01-01,Soybeans,2017,4.464,28.353,,,,28.353,,4.464,0.1660097404350251,6.2755,CMFT_Engine,Balanced,-1.7763568394002505e-15
2018-02-01,2018-02-01,Soybeans,2017,7.304,27.381,,,,27.381,,7.304,,,CMFT_Engine,Balanced,1.7763568394002505e-15
2018-03-01,2018-03-01,Soybeans,2017,10.429,31.608,,,,31.607999999999997,,10.429,,,CMFT_Engine,Balanced,1.7763568394002505e-15
2018-04-01,2018-04-01,Soybeans,2017,8.131,31.151,,,,31.150999999999996,,8.131,,,CMFT_Engine,Balanced,0.0
2018-05-01,2018-05-01,Soybeans,2017,8.682,33.643,,,,33.643,,8.682,,,CMFT_Engine,Balanced,1.7763568394002505e-15
2018-06-01,2018-06-01,Soybeans,2017,8.343,31.77,,,,31.77,,8.343,,,CMFT_Engine,Balanced,0.0
2018-07-01,2018-07-01,Soybeans,2017,355.0,7716.6,534.5,795.7,,2230.5,4928.6,651.3,,,CMFT_Engine,Balanced,2.2737367544323206e-13
2018-08-01,2018-08-01,Soybeans,2017,5.999,30.964,,,,30.964000000000002,,5.999,,,CMFT_Engine,Balanced,-8.881784197001252e-16
2018-09-01,2018-09-01,Soybeans,2018,7.969,27.385,,,,27.384999999999998,,7.969,,,CMFT_Engine,Balanced,8.881784197001252e-16
2018-10-01,2018-10-01,Soybeans,2018,6.737,36.605,,,,36.605,,6.737,,,CMFT_Engine,Balanced,1.7763568394002505e-15
2018-11-01,2018-11-01,Soybeans,2018,24.414,35.931,,,,35.931,,24.414,,,CMFT_Engine,Balanced,0.0
2018-12-01,2018-12-01,Soybeans,2018,11.232,40.508,,,,40.508,,11.232,,,CMFT_Engine,Balanced,0.0
2019-01-01,2019-01-01,Soybeans,2018,7.937,34.027,,,,34.027,,7.937,0.2228500427598745,5.6104,CMFT_Engine,Balanced,-2.6645352591003757e-15
2019-02-01,2019-02-01,Soybeans,2018,7.244,33.015,,,,33.015,,7.244,,,CMFT_Engine,Balanced,0.0
2019-03-01,2019-03-01,Soybeans,2018,7.604,31.889,,,,31.889000000000003,,7.604,,,CMFT_Engine,Balanced,-8.881784197001252e-16
2019-04-01,2019-04-01,Soybeans,2018,8.854,32.026,,,,32.026,,8.854,,,CMFT_Engine,Balanced,0.0
2019-05-01,2019-05-01,Soybeans,2018,8.264,32.486,,,,32.486000000000004,,8.264,,,CMFT_Engine,Balanced,-3.552713678800501e-15
2019-06-01,2019-06-01,Soybeans,2018,8.585,25.923,,,,25.922999999999995,,8.585,,,CMFT_Engine,Balanced,0.0
2019-07-01,2019-07-01,Soybeans,2018,651.3,7416.6,950.0,401.8,,2296.000000000001,5620.3,699.8,,,CMFT_Engine,Balanced,1.1368683772161603e-12
2019-08-01,2019-08-01,Soybeans,2018,4.1,27.888,,,,27.887999999999998,,4.1,,,CMFT_Engine,Balanced,1.7763568394002505e-15
2019-09-01,2019-09-01,Soybeans,2019,4.49,22.826,,,,22.826,,4.49,,,CMFT_Engine,Balanced,1.7763568394002505e-15
2019-10-01,2019-10-01,Soybeans,2019,4.488,27.004,,,,27.004,,4.488,,,CMFT_Engine,Balanced,-8.881784197001252e-16
2019-11-01,2019-11-01,Soybeans,2019,7.462,28.165,,,,28.164999999999996,,7.462,,,CMFT_Engine,Balanced,0.0
2019-12-01,2019-12-01,Soybeans,2019,7.759,29.815,,,,29.814999999999998,,7.759,,,CMFT_Engine,Balanced,0.0
2020-01-01,2020-01-01,Soybeans,2019,6.879,28.703,,,,28.703000000000003,,6.879,0.20909088443695478,5.044,CMFT_Engine,Balanced,-1.7763568394002505e-15
2020-02-01,2020-02-01,Soybeans,2019,4.341,26.256,,,,26.256,,4.341,,,CMFT_Engine,Balanced,8.881784197001252e-16
2020-03-01,2020-03-01,Soybeans,2019,5.518,27.615,,,,27.614999999999995,,5.518,,,CMFT_Engine,Balanced,8.881784197001252e-16
2020-04-01,2020-04-01,Soybeans,2019,6.406,28.729,,,,28.729,,6.406,,,CMFT_Engine,Balanced,-8.881784197001252e-16
2020-05-01,2020-05-01,Soybeans,2019,9.179,27.592,,,,27.592,,9.179,,,CMFT_Engine,Balanced,1.7763568394002505e-15
2020-06-01,2020-06-01,Soybeans,2019,8.902,22.427,,,,22.427,,8.902,,,CMFT_Engine,Balanced,1.7763568394002505e-15
2020-07-01,2020-07-01,Soybeans,2019,699.8,6145.1,242.4,932.1,,1954.7999999999997,3579.3,621.1,,,CMFT_Engine,Balanced,-5.684341886080801e-13
2020-08-01,2020-08-01,Soybeans,2019,6.67,24.354,,,,24.354,,6.67,,,CMFT_Engine,Balanced,1.7763568394002505e-15
2020-09-01,2020-09-01,Soybeans,2020,6.633,25.547,,,,25.547,,6.633,,,CMFT_Engine,Balanced,-8.881784197001252e-16
2020-10-01,2020-10-01,Soybeans,2020,7.751,29.499,,,,29.499,,7.751,,,CMFT_Engine,Balanced,8.881784197001252e-16
2020-11-01,2020-11-01,Soybeans,2020,7.707,27.673,,,,27.672999999999995,,7.707,,,CMFT_Engine,Balanced,8.881784197001252e-16
2020-12-01,2020-12-01,Soybeans,2020,8.149,27.629,,,,27.628999999999998,,8.149,,,CMFT_Engine,Balanced,1.7763568394002505e-15
2021-01-01,2021-01-01,Soybeans,2020,4.812,26.733,,,,26.733,,4.812,0.1911028713601918,5.140003,CMFT_Engine,Balanced,8.881784197001252e-16
2021-02-01,2021-02-01,Soybeans,2020,2.861,23.481,,,,23.481,,2.861,,,CMFT_Engine,Balanced,4.440892098500626e-16
2021-03-01,2021-03-01,Soybeans,2020,3.416,26.495,,,,26.495,,3.416,,,CMFT_Engine,Balanced,4.440892098500626e-16
2021-04-01,2021-04-01,Soybeans,2020,4.729,26.386,,,,26.386,,4.729,,,CMFT_Engine,Balanced,-8.881784197001252e-16
2021-05-01,2021-05-01,Soybeans,2020,5.627,20.488,,,,20.488,,5.627,,,CMFT_Engine,Balanced,-8.881784197001252e-16
2021-06-01,2021-06-01,Soybeans,2020,4.631,20.513,,,,20.513,,4.631,,,CMFT_Engine,Balanced,0.0
2021-07-01,2021-07-01,Soybeans,2020,621.1,6358.6,437.5,604.8,,1852.4000000000008,4664.2,295.8,,,CMFT_Engine,Balanced,1.7053025658242404e-13
2021-08-01,2021-08-01,Soybeans,2020,5.519,23.339,,,,23.339,,5.519,,,CMFT_Engine,Balanced,-1.7763568394002505e-15
2021-09-01,2021-09-01,Soybeans,2021,6.287,25.332,,,,25.332,,6.287,,,CMFT_Engine,Balanced,-8.881784197001252e-16
2021-10-01,2021-10-01,Soybeans,2021,6.522,31.01,,,,31.010000000000005,,6.522,,,CMFT_Engine,Balanced,-1.7763568394002505e-15
2021-11-01,2021-11-01,Soybeans,2021,5.652,27.524,,,,27.524,,5.652,,,CMFT_Engine,Balanced,8.881784197001252e-16
2021-12-01,2021-12-01,Soybeans,2021,3.785,29.853,,,,29.853000000000005,,3.785,,,CMFT_Engine,Balanced,0.0
2022-01-01,2022-01-01,Soybeans,2021,5.558,30.321,,,,30.321000000000005,,5.558,0.21287966517626825,5.2335,CMFT_Engine,Balanced,0.0
2022-02-01,2022-02-01,Soybeans,2021,5.037,26.569,,,,26.569,,5.037,,,CMFT_Engine,Balanced,-8.881784197001252e-16
2022-03-01,2022-03-01,Soybeans,2021,3.873,31.427,,,,31.426999999999996,,3.873,,,CMFT_Engine,Balanced,8.881784197001252e-16
2022-04-01,2022-04-01,Soybeans,2021,6.733,31.858,,,,31.858,,6.733,,,CMFT_Engine,Balanced,8.881784197001252e-16
2022-05-01,2022-05-01,Soybeans,2021,5.567,30.266,,,,30.266,,5.567,,,CMFT_Engine,Balanced,0.0
2022-06-01,2022-06-01,Soybeans,2021,6.598,25.096,,,,25.096,,6.598,,,CMFT_Engine,Balanced,-8.881784197001252e-16
2022-07-01,2022-07-01,Soybeans,2021,295.8,6224.0,551.9,445.4,,2078.7000000000003,4260.5,287.1,,,CMFT_Engine,Balanced,3.410605131648481e-13
2022-08-01,2022-08-01,Soybeans,2021,7.357,27.094,,,,27.094,,7.357,,,CMFT_Engine,Balanced,-8.881784197001252e-16
2022-09-01,2022-09-01,Soybeans,2022,6.851,25.53,,,,25.53,,6.851,,,CMFT_Engine,Balanced,-8.881784197001252e-16
2022-10-01,2022-10-01,Soybeans,2022,5.49,30.847,,,,30.847,,5.49,,,CMFT_Engine,Balanced,1.7763568394002505e-15
2022-11-01,2022-11-01,Soybeans,2022,5.305,28.934,,,,28.934000000000005,,5.305,,,CMFT_Engine,Balanced,0.0
2022-12-01,2022-12-01,Soybeans,2022,8.431,30.791,,,,30.791000000000004,,8.431,,,CMFT_Engine,Balanced,-1.7763568394002505e-15
2023-01-01,2023-01-01,Soybeans,2022,7.836,31.187,,,,31.187000000000005,,7.836,0.20508371606772136,5.5876,CMFT_Engine,Balanced,-1.7763568394002505e-15
2023-02-01,2023-02-01,Soybeans,2022,8.318,27.283,,,,27.283,,8.318,,,CMFT_Engine,Balanced,-1.7763568394002505e-15
2023-03-01,2023-03-01,Soybeans,2022,7.251,29.892,,,,29.892,,7.251,,,CMFT_Engine,Balanced,8.881784197001252e-16
2023-04-01,2023-04-01,Soybeans,2022,8.08,29.558,,,,29.558,,8.08,,,CMFT_Engine,Balanced,-1.7763568394002505e-15
2023-05-01,2023-05-01,Soybeans,2022,9.143,27.51,,,,27.510000000000005,,9.143,,,CMFT_Engine,Balanced,0.0
2023-06-01,2023-06-01,Soybeans,2022,6.768,20.067,,,,20.067,,6.768,,,CMFT_Engine,Balanced,8.881784197001252e-16
2023-07-01,2023-07-01,Soybeans,2022,287.1,6543.2,482.8,716.8,,2004.0000000000002,4220.5,371.8,,,CMFT_Engine,Balanced,1.7053025658242404e-13
2023-08-01,2023-08-01,Soybeans,2022,6.5,23.362,,,,23.362,,6.5,,,CMFT_Engine,Balanced,0.0
2023-09-01,2023-09-01,Soybeans,2023,6.74,27.522,,,,27.522,,6.74,,,CMFT_Engine,Balanced,1.7763568394002505e-15
2023-10-01,2023-10-01,Soybeans,2023,7.609,30.471,,,,30.470999999999997,,7.609,,,CMFT_Engine,Balanced,1.7763568394002505e-15
2023-11-01,2023-11-01,Soybeans,2023,8.046,26.773,,,,26.773000000000003,,8.046,,,CMFT_Engine,Balanced,0.0
2023-12-01,2023-12-01,Soybeans,2023,5.573,27.734,,,,27.734,,5.573,,,CMFT_Engine,Balanced,0.0
2024-01-01,2024-01-01,Soybeans,2023,7.544,28.426,,,,28.426,,7.544,0.18460822514051398,5.6578,CMFT_Engine,Balanced,8.881784197001252e-16
2024-02-01,2024-02-01,Soybeans,2023,7.352,25.728,,,,25.727999999999998,,7.352,,,CMFT_Engine,Balanced,0.0
2024-03-01,2024-03-01,Soybeans,2023,8.185,29.721,,,,29.720999999999997,,8.185,,,CMFT_Engine,Balanced,1.7763568394002505e-15
2024-04-01,2024-04-01,Soybeans,2023,7.957,26.768,,,,26.768,,7.957,,,CMFT_Engine,Balanced,8.881784197001252e-16
2024-05-01,2024-05-01,Soybeans,2023,9.866,28.059,,,,28.058999999999997,,9.866,,,CMFT_Engine,Balanced,0.0
2024-06-01,2024-06-01,Soybeans,2023,10.348,16.325,,,,16.325000000000003,,10.348,,,CMFT_Engine,Balanced,-1.7763568394002505e-15
2024-07-01,2024-07-01,Soybeans,2023,371.8,7035.4,322.0,303.9,,1891.7000000000003,4928.2,605.4,,,CMFT_Engine,Balanced,5.684341886080801e-13
2024-08-01,2024-08-01,Soybeans,2023,8.543,12.695,,,,12.695,,8.543,,,CMFT_Engine,Balanced,0.0
2024-09-01,2024-09-01,Soybeans,2024,9.911,14.989,,,,14.988999999999999,,9.911,,,CMFT_Engine,Balanced,0.0
2024-10-01,2024-10-01,Soybeans,2024,7.91,26.297,,,,26.297,,7.91,,,CMFT_Engine,Balanced,0.0
2024-11-01,2024-11-01,Soybeans,2024,5.59,26.364,,,,26.364,,5.59,,,CMFT_Engine,Balanced,0.0
2024-12-01,2024-12-01,Soybeans,2024,10.485,30.516,,,,30.516,,10.485,,,CMFT_Engine,Balanced,0.0
2025-01-01,2025-01-01,Soybeans,2024,9.701,27.612,,,,27.612000000000002,,9.701,0.17689560351501202,5.7354,CMFT_Engine,Balanced,0.0
2025-02-01,2025-02-01,Soybeans,2024,9.164,26.034,,,,26.034,,9.164,,,CMFT_Engine,Balanced,1.7763568394002505e-15
2025-03-01,2025-03-01,Soybeans,2024,8.593,30.371,,,,30.371,,8.593,,,CMFT_Engine,Balanced,0.0
2025-04-01,2025-04-01,Soybeans,2024,7.758,27.549,,,,27.549000000000003,,7.758,,,CMFT_Engine,Balanced,-8.881784197001252e-16
2025-05-01,2025-05-01,Soybeans,2024,5.183,29.379,,,,29.378999999999998,,5.183,,,CMFT_Engine,Balanced,0.0
2025-06-01,2025-06-01,Soybeans,2024,7.281,20.12,,,,20.12,,7.281,,,CMFT_Engine,Balanced,-8.881784197001252e-16
2025-07-01,2025-07-01,Soybeans,2024,605.4,7728.3,267.4,637.8,,1921.2999999999997,5531.1,510.9,,,CMFT_Engine,Balanced,-3.410605131648481e-13
1997-07-01,1997-07-01,Wheat,1996,6727.0,29801.4,118.4,2659.6,53.0,5522.100000000006,19366.1,9046.0,,,CMFT_Engine,Balanced,0.0
1998-07-01,1998-07-01,Wheat,1997,9046.0,24299.4,51.6,2673.8,60.0,4658.700000000001,19995.5,6009.0,,,CMFT_Engine,Balanced,0.0
1999-07-01,1999-07-01,Wheat,1998,6009.0,24082.3,79.8,2751.0,113.0,5159.299999999999,14722.8,7425.0,,,CMFT_Engine,Balanced,0.0
2000-07-01,2000-07-01,Wheat,1999,7425.0,26959.9,14.3,2850.3,110.0,5426.700000000004,18313.2,7699.0,,,CMFT_Engine,Balanced,0.0
2001-07-01,2001-07-01,Wheat,2000,7699.0,26535.5,60.4,2881.9,133.0,4505.799999999999,17108.2,9666.0,,,CMFT_Engine,Balanced,0.0
2002-07-01,2002-07-01,Wheat,2001,9666.0,20630.2,97.3,2909.9,115.0,4425.4,16213.8,6729.4,,,CMFT_Engine,Balanced,-1.8189894035458565e-12
2003-07-01,2003-07-01,Wheat,2002,6729.4,15961.3,178.2,2963.7,109.0,4889.899999999996,9191.2,5715.1,,,CMFT_Engine,Balanced,0.0
2004-07-01,2004-07-01,Wheat,2003,5715.1,23048.6,17.6,2907.5,119.0,4042.9999999999973,15726.6,5985.2,,,CMFT_Engine,Balanced,-9.094947017729282e-13
2005-07-01,2005-07-01,Wheat,2004,5985.2,24795.5,14.1,2964.7,134.0,4960.5999999999985,14813.5,7922.0,,,CMFT_Engine,Balanced,0.0
2006-07-01,2006-07-01,Wheat,2005,7922.0,25748.1,26.3,2990.1,178.0,5132.4000000000015,15698.4,9697.5,,,CMFT_Engine,Balanced,1.8189894035458565e-12
2007-07-01,2007-07-01,Wheat,2006,9697.5,25265.4,25.6,2959.5,411.0,5325.5999999999985,19427.4,6865.0,,,CMFT_Engine,Balanced,0.0
2008-07-01,2008-07-01,Wheat,2007,6865.0,20090.4,23.4,2856.8,394.0,3505.300000000001,15856.6,4366.1,,,CMFT_Engine,Balanced,3.637978807091713e-12
2009-07-01,2009-07-01,Wheat,2008,4366.1,28619.2,25.4,2745.5,646.0,4367.600000000005,18606.8,6644.8,,,CMFT_Engine,Balanced,-9.094947017729282e-13
2010-07-01,2010-07-01,Wheat,2009,6644.8,26949.9,117.4,2830.6,729.0,3928.400000000007,18481.2,7742.9,,,CMFT_Engine,Balanced,-1.8189894035458565e-12
2011-07-01,2011-07-01,Wheat,2010,7742.9,23299.6,68.0,2793.7,820.0,3953.3999999999987,16183.7,7359.7,,,CMFT_Engine,Balanced,9.094947017729282e-13
2012-07-01,2012-07-01,Wheat,2011,7359.7,25288.0,78.5,2723.8,1048.0,5522.800000000003,17499.6,5932.0,,,CMFT_Engine,Balanced,0.0
2013-07-01,2013-07-01,Wheat,2012,5932.0,27246.0,73.8,2734.5,783.0,5044.100000000003,19578.0,5112.2,,,CMFT_Engine,Balanced,9.094947017729282e-13
2014-07-01,2014-07-01,Wheat,2013,5112.2,37589.1,55.0,2783.9,879.0,5199.399999999992,23496.4,10397.6,,,CMFT_Engine,Balanced,-1.8189894035458565e-12
2015-07-01,2015-07-01,Wheat,2014,10397.6,29442.1,88.2,2675.5,801.0,5393.9999999999945,23956.8,7100.6,,,CMFT_Engine,Balanced,1.8189894035458565e-12
2016-07-01,2016-07-01,Wheat,2015,7100.6,27647.4,108.6,2854.5,664.0,4454.899999999997,21704.9,5178.3,,,CMFT_Engine,Balanced,-9.094947017729282e-13
2017-07-01,2017-07-01,Wheat,2016,5178.3,32139.9,109.5,2706.2,730.0,6904.900000000002,20155.4,6931.2,,,CMFT_Engine,Balanced,4.547473508864641e-12
2018-07-01,2018-07-01,Wheat,2017,6931.2,30377.3,81.8,2850.0,563.0,5333.000000000003,21912.5,6731.8,,,CMFT_Engine,Balanced,-9.094947017729282e-13
2019-07-01,2019-07-01,Wheat,2018,6731.8,32351.9,118.9,2998.2,499.5,5377.200000000004,24286.7,6041.0,,,CMFT_Engine,Balanced,3.637978807091713e-12
2020-07-01,2020-07-01,Wheat,2019,6041.0,32669.8,275.1,3019.2,565.3,5919.900000000002,23982.3,5499.2,,,CMFT_Engine,Balanced,9.094947017729282e-13
2021-07-01,2021-07-01,Wheat,2020,5499.2,35437.2,141.8,2980.1,483.3,5329.4999999999945,26331.9,5953.4,,,CMFT_Engine,Balanced,1.8189894035458565e-12
2022-07-01,2022-07-01,Wheat,2021,5953.4,22422.1,160.6,3080.7,379.7,5838.999999999999,15067.9,4168.8,,,CMFT_Engine,Balanced,-2.7284841053187847e-12
2023-07-01,2023-07-01,Wheat,2022,4168.8,34878.8,65.3,3064.6,389.7,4405.800000000009,25552.5,5700.3,,,CMFT_Engine,Balanced,2.7284841053187847e-12
2024-07-01,2024-07-01,Wheat,2023,5700.3,33413.6,92.3,3108.5,356.7,5098.400000000005,25333.1,5309.5,,,CMFT_Engine,Balanced,3.637978807091713e-12
2025-07-01,2025-07-01,Wheat,2024,5309.5,35938.8,85.2,3137.4,356.0,4325.999999999998,29274.2,4239.9,,,CMFT_Engine,Balanced,-1.8189894035458565e-12
2026-07-01,2026-07-01,Wheat,2025,4239.9,40562.0,173.9,3252.1,481.0,4888.5000000000055,29705.6,6648.6,,,CMFT_Engine,Balanced,-1.8189894035458565e-12
