Date,Date_Str,Commodity_Norm,Crop_Year,CY_Month,Beginning Stocks,Production,Imports,Food,Industrial,Crush,FSR,Exports,Ending Stocks,Planted_MLN_AC,Harvested_MLN_AC,Yield_BU_AC,Is_Anchor,Source,Data_Type,CHECK
1996-08-01,1996-08-01,Barley,1996,1,1740.0,15562.0,,0.5750000000000001,31.008333333333336,,1167.0,,16103.416666666668,12.9433,12.0778,59.179356770272726,False,CMFT_Engine,Balanced,-3.637978807091713e-12
1996-09-01,1996-09-01,Barley,1996,2,16103.416666666668,0.0,,0.5750000000000001,31.008333333333336,,1167.0,,14904.833333333334,,,,False,CMFT_Engine,Balanced,0.0
1996-10-01,1996-10-01,Barley,1996,3,14904.833333333334,0.0,,0.5750000000000001,31.008333333333336,,1167.0,,13706.25,,,,False,CMFT_Engine,Balanced,0.0
1996-11-01,1996-11-01,Barley,1996,4,13706.25,0.0,,0.5750000000000001,31.008333333333336,,1167.0,,12507.666666666666,,,,False,CMFT_Engine,Balanced,0.0
1996-12-01,1996-12-01,Barley,1996,5,12507.666666666666,0.0,,0.5750000000000001,31.008333333333336,,1167.0,,11309.083333333332,,,,False,CMFT_Engine,Balanced,0.0
1997-01-01,1997-01-01,Barley,1996,6,11309.083333333332,0.0,,0.5750000000000001,31.008333333333336,,1167.0,,10110.499999999998,,,,False,CMFT_Engine,Balanced,0.0
1997-02-01,1997-02-01,Barley,1996,7,10110.499999999998,0.0,,0.5750000000000001,31.008333333333336,,1167.0,,8911.916666666664,,,,False,CMFT_Engine,Balanced,0.0
1997-03-01,1997-03-01,Barley,1996,8,8911.916666666664,0.0,,0.5750000000000001,31.008333333333336,,1167.0,,7713.33333333333,,,,False,CMFT_Engine,Balanced,0.0
1997-04-01,1997-04-01,Barley,1996,9,7713.33333333333,0.0,,0.5750000000000001,31.008333333333336,,1167.0,,6514.749999999997,,,,False,CMFT_Engine,Balanced,0.0
1997-05-01,1997-05-01,Barley,1996,10,6514.749999999997,0.0,,0.5750000000000001,31.008333333333336,,1167.0,,5316.166666666664,,,,False,CMFT_Engine,Balanced,0.0
1997-06-01,1997-06-01,Barley,1996,11,5316.166666666664,0.0,,0.5750000000000001,31.008333333333336,,1167.0,,4117.583333333331,,,,False,CMFT_Engine,Balanced,0.0
1997-07-01,1997-07-01,Barley,1996,12,4117.583333333331,0.0,,0.5750000000000001,31.008333333333336,,1167.0,,2919.0,,,,True,CMFT_Engine,Balanced,-1.8189894035458565e-12
1997-08-01,1997-08-01,Barley,1997,1,2919.0,13533.9,,0.775,22.308333333333334,,1143.075,,15286.741666666669,12.4085,11.6187,53.5005304758708,False,CMFT_Engine,Balanced,-3.637978807091713e-12
1997-09-01,1997-09-01,Barley,1997,2,15286.741666666669,0.0,,0.775,22.308333333333334,,1143.075,,14120.583333333334,,,,False,CMFT_Engine,Balanced,1.8189894035458565e-12
1997-10-01,1997-10-01,Barley,1997,3,14120.583333333334,0.0,,0.775,22.308333333333334,,1143.075,,12954.425,,,,False,CMFT_Engine,Balanced,1.8189894035458565e-12
1997-11-01,1997-11-01,Barley,1997,4,12954.425,0.0,,0.775,22.308333333333334,,1143.075,,11788.266666666665,,,,False,CMFT_Engine,Balanced,1.8189894035458565e-12
1997-12-01,1997-12-01,Barley,1997,5,11788.266666666665,0.0,,0.775,22.308333333333334,,1143.075,,10622.10833333333,,,,False,CMFT_Engine,Balanced,1.8189894035458565e-12
1998-01-01,1998-01-01,Barley,1997,6,10622.10833333333,0.0,,0.775,22.308333333333334,,1143.075,,9455.949999999995,,,,False,CMFT_Engine,Balanced,1.8189894035458565e-12
1998-02-01,1998-02-01,Barley,1997,7,9455.949999999995,0.0,,0.775,22.308333333333334,,1143.075,,8289.79166666666,,,,False,CMFT_Engine,Balanced,1.8189894035458565e-12
1998-03-01,1998-03-01,Barley,1997,8,8289.79166666666,0.0,,0.775,22.308333333333334,,1143.075,,7123.633333333327,,,,False,CMFT_Engine,Balanced,1.8189894035458565e-12
1998-04-01,1998-04-01,Barley,1997,9,7123.633333333327,0.0,,0.775,22.308333333333334,,1143.075,,5957.474999999994,,,,False,CMFT_Engine,Balanced,0.0
1998-05-01,1998-05-01,Barley,1997,10,5957.474999999994,0.0,,0.775,22.308333333333334,,1143.075,,4791.316666666661,,,,False,CMFT_Engine,Balanced,0.0
1998-06-01,1998-06-01,Barley,1997,11,4791.316666666661,0.0,,0.775,22.308333333333334,,1143.075,,3625.1583333333283,,,,False,CMFT_Engine,Balanced,0.0
1998-07-01,1998-07-01,Barley,1997,12,3625.1583333333283,0.0,,0.775,22.308333333333334,,1143.075,,2459.0,,,,True,CMFT_Engine,Balanced,-5.4569682106375694e-12
1998-08-01,1998-08-01,Barley,1998,1,2459.0,12708.7,,0.8666666666666667,29.316666666666666,,1005.7083333333334,,14131.808333333334,11.4465,10.5566,55.29294541045413,False,CMFT_Engine,Balanced,-1.8189894035458565e-12
1998-09-01,1998-09-01,Barley,1998,2,14131.808333333334,0.0,,0.8666666666666667,29.316666666666666,,1005.7083333333334,,13095.916666666668,,,,False,CMFT_Engine,Balanced,-1.8189894035458565e-12
1998-10-01,1998-10-01,Barley,1998,3,13095.916666666668,0.0,,0.8666666666666667,29.316666666666666,,1005.7083333333334,,12060.025000000001,,,,False,CMFT_Engine,Balanced,-1.8189894035458565e-12
1998-11-01,1998-11-01,Barley,1998,4,12060.025000000001,0.0,,0.8666666666666667,29.316666666666666,,1005.7083333333334,,11024.133333333335,,,,False,CMFT_Engine,Balanced,-1.8189894035458565e-12
1998-12-01,1998-12-01,Barley,1998,5,11024.133333333335,0.0,,0.8666666666666667,29.316666666666666,,1005.7083333333334,,9988.241666666669,,,,False,CMFT_Engine,Balanced,-1.8189894035458565e-12
1999-01-01,1999-01-01,Barley,1998,6,9988.241666666669,0.0,,0.8666666666666667,29.316666666666666,,1005.7083333333334,,8952.350000000002,,,,False,CMFT_Engine,Balanced,-1.8189894035458565e-12
1999-02-01,1999-02-01,Barley,1998,7,8952.350000000002,0.0,,0.8666666666666667,29.316666666666666,,1005.7083333333334,,7916.458333333337,,,,False,CMFT_Engine,Balanced,-1.8189894035458565e-12
1999-03-01,1999-03-01,Barley,1998,8,7916.458333333337,0.0,,0.8666666666666667,29.316666666666666,,1005.7083333333334,,6880.56666666667,,,,False,CMFT_Engine,Balanced,0.0
1999-04-01,1999-04-01,Barley,1998,9,6880.56666666667,0.0,,0.8666666666666667,29.316666666666666,,1005.7083333333334,,5844.675000000004,,,,False,CMFT_Engine,Balanced,0.0
1999-05-01,1999-05-01,Barley,1998,10,5844.675000000004,0.0,,0.8666666666666667,29.316666666666666,,1005.7083333333334,,4808.783333333337,,,,False,CMFT_Engine,Balanced,0.0
1999-06-01,1999-06-01,Barley,1998,11,4808.783333333337,0.0,,0.8666666666666667,29.316666666666666,,1005.7083333333334,,3772.8916666666705,,,,False,CMFT_Engine,Balanced,0.0
1999-07-01,1999-07-01,Barley,1998,12,3772.8916666666705,0.0,,0.8666666666666667,29.316666666666666,,1005.7083333333334,,2737.0,,,,True,CMFT_Engine,Balanced,3.637978807091713e-12
1999-08-01,1999-08-01,Barley,1999,1,2737.0,13196.0,,0.6833333333333332,32.05833333333333,,1058.5083333333334,,14841.75,10.8949,10.0553,60.27537732340159,False,CMFT_Engine,Balanced,1.8189894035458565e-12
1999-09-01,1999-09-01,Barley,1999,2,14841.75,0.0,,0.6833333333333332,32.05833333333333,,1058.5083333333334,,13750.5,,,,False,CMFT_Engine,Balanced,1.8189894035458565e-12
1999-10-01,1999-10-01,Barley,1999,3,13750.5,0.0,,0.6833333333333332,32.05833333333333,,1058.5083333333334,,12659.25,,,,False,CMFT_Engine,Balanced,1.8189894035458565e-12
1999-11-01,1999-11-01,Barley,1999,4,12659.25,0.0,,0.6833333333333332,32.05833333333333,,1058.5083333333334,,11568.0,,,,False,CMFT_Engine,Balanced,1.8189894035458565e-12
1999-12-01,1999-12-01,Barley,1999,5,11568.0,0.0,,0.6833333333333332,32.05833333333333,,1058.5083333333334,,10476.75,,,,False,CMFT_Engine,Balanced,1.8189894035458565e-12
2000-01-01,2000-01-01,Barley,1999,6,10476.75,0.0,,0.6833333333333332,32.05833333333333,,1058.5083333333334,,9385.5,,,,False,CMFT_Engine,Balanced,1.8189894035458565e-12
2000-02-01,2000-02-01,Barley,1999,7,9385.5,0.0,,0.6833333333333332,32.05833333333333,,1058.5083333333334,,8294.25,,,,False,CMFT_Engine,Balanced,1.8189894035458565e-12
2000-03-01,2000-03-01,Barley,1999,8,8294.25,0.0,,0.6833333333333332,32.05833333333333,,1058.5083333333334,,7203.0,,,,False,CMFT_Engine,Balanced,1.8189894035458565e-12
2000-04-01,2000-04-01,Barley,1999,9,7203.0,0.0,,0.6833333333333332,32.05833333333333,,1058.5083333333334,,6111.75,,,,False,CMFT_Engine,Balanced,0.0
2000-05-01,2000-05-01,Barley,1999,10,6111.75,0.0,,0.6833333333333332,32.05833333333333,,1058.5083333333334,,5020.5,,,,False,CMFT_Engine,Balanced,0.0
2000-06-01,2000-06-01,Barley,1999,11,5020.5,0.0,,0.6833333333333332,32.05833333333333,,1058.5083333333334,,3929.25,,,,False,CMFT_Engine,Balanced,0.0
2000-07-01,2000-07-01,Barley,1999,12,3929.25,0.0,,0.6833333333333332,32.05833333333333,,1058.5083333333334,,2838.0,,,,True,CMFT_Engine,Balanced,0.0
2000-08-01,2000-08-01,Barley,2000,1,2838.0,13228.6,,0.6916666666666668,29.133333333333336,,1099.3916666666667,,14937.383333333333,12.6056,11.041,55.02982579114211,False,CMFT_Engine,Balanced,0.0
2000-09-01,2000-09-01,Barley,2000,2,14937.383333333333,0.0,,0.6916666666666668,29.133333333333336,,1099.3916666666667,,13808.166666666666,,,,False,CMFT_Engine,Balanced,0.0
2000-10-01,2000-10-01,Barley,2000,3,13808.166666666666,0.0,,0.6916666666666668,29.133333333333336,,1099.3916666666667,,12678.949999999999,,,,False,CMFT_Engine,Balanced,0.0
2000-11-01,2000-11-01,Barley,2000,4,12678.949999999999,0.0,,0.6916666666666668,29.133333333333336,,1099.3916666666667,,11549.733333333332,,,,False,CMFT_Engine,Balanced,0.0
2000-12-01,2000-12-01,Barley,2000,5,11549.733333333332,0.0,,0.6916666666666668,29.133333333333336,,1099.3916666666667,,10420.516666666665,,,,False,CMFT_Engine,Balanced,0.0
2001-01-01,2001-01-01,Barley,2000,6,10420.516666666665,0.0,,0.6916666666666668,29.133333333333336,,1099.3916666666667,,9291.299999999997,,,,False,CMFT_Engine,Balanced,0.0
2001-02-01,2001-02-01,Barley,2000,7,9291.299999999997,0.0,,0.6916666666666668,29.133333333333336,,1099.3916666666667,,8162.08333333333,,,,False,CMFT_Engine,Balanced,0.0
2001-03-01,2001-03-01,Barley,2000,8,8162.08333333333,0.0,,0.6916666666666668,29.133333333333336,,1099.3916666666667,,7032.866666666664,,,,False,CMFT_Engine,Balanced,0.0
2001-04-01,2001-04-01,Barley,2000,9,7032.866666666664,0.0,,0.6916666666666668,29.133333333333336,,1099.3916666666667,,5903.649999999998,,,,False,CMFT_Engine,Balanced,0.0
2001-05-01,2001-05-01,Barley,2000,10,5903.649999999998,0.0,,0.6916666666666668,29.133333333333336,,1099.3916666666667,,4774.433333333332,,,,False,CMFT_Engine,Balanced,0.0
2001-06-01,2001-06-01,Barley,2000,11,4774.433333333332,0.0,,0.6916666666666668,29.133333333333336,,1099.3916666666667,,3645.2166666666653,,,,False,CMFT_Engine,Balanced,0.0
2001-07-01,2001-07-01,Barley,2000,12,3645.2166666666653,0.0,,0.6916666666666668,29.133333333333336,,1099.3916666666667,,2516.0,,,,True,CMFT_Engine,Balanced,-9.094947017729282e-13
2001-08-01,2001-08-01,Barley,2001,1,2516.0,10845.6,0.0,0.6333333333333333,23.891666666666666,,874.9608333333334,0.0,12462.114166666668,11.6143,10.2535,48.58185690349637,False,CMFT_Engine,Balanced,0.0
2001-09-01,2001-09-01,Barley,2001,2,12462.114166666668,0.0,0.0,0.6333333333333333,23.891666666666666,,874.9608333333334,0.0,11562.628333333336,,,,False,CMFT_Engine,Balanced,0.0
2001-10-01,2001-10-01,Barley,2001,3,11562.628333333336,0.0,0.0,0.6333333333333333,23.891666666666666,,874.9608333333334,0.0,10663.142500000004,,,,False,CMFT_Engine,Balanced,0.0
2001-11-01,2001-11-01,Barley,2001,4,10663.142500000004,0.0,0.0,0.6333333333333333,23.891666666666666,,874.9608333333334,0.0,9763.656666666671,,,,False,CMFT_Engine,Balanced,0.0
2001-12-01,2001-12-01,Barley,2001,5,9763.656666666671,0.0,0.0,0.6333333333333333,23.891666666666666,,874.9608333333334,0.0,8864.170833333339,,,,False,CMFT_Engine,Balanced,0.0
2002-01-01,2002-01-01,Barley,2001,6,8864.170833333339,0.0,5.273999999999999,0.6333333333333333,23.891666666666666,,874.9608333333334,37.91,7932.049000000005,,,,False,CMFT_Engine,Balanced,0.0
2002-02-01,2002-02-01,Barley,2001,7,7932.049000000005,0.0,5.888,0.6333333333333333,23.891666666666666,,874.9608333333334,55.828,6982.623166666672,,,,False,CMFT_Engine,Balanced,0.0
2002-03-01,2002-03-01,Barley,2001,8,6982.623166666672,0.0,7.52,0.6333333333333333,23.891666666666666,,874.9608333333334,74.49600000000001,6016.161333333339,,,,False,CMFT_Engine,Balanced,0.0
2002-04-01,2002-04-01,Barley,2001,9,6016.161333333339,0.0,5.814,0.6333333333333333,23.891666666666666,,874.9608333333334,89.496,5032.993500000006,,,,False,CMFT_Engine,Balanced,0.0
2002-05-01,2002-05-01,Barley,2001,10,5032.993500000006,0.0,6.716,0.6333333333333333,23.891666666666666,,874.9608333333334,96.886,4043.3376666666727,,,,False,CMFT_Engine,Balanced,4.547473508864641e-13
2002-06-01,2002-06-01,Barley,2001,11,4043.3376666666727,0.0,5.862,0.6333333333333333,23.891666666666666,,874.9608333333334,58.468,3091.2458333333393,,,,False,CMFT_Engine,Balanced,0.0
2002-07-01,2002-07-01,Barley,2001,12,3091.2458333333393,0.0,14.792,0.6333333333333333,23.891666666666666,,874.9608333333334,159.052,2047.5,,,,True,CMFT_Engine,Balanced,5.6843418860808015e-12
2002-08-01,2002-08-01,Barley,2002,1,2047.5,7467.7,33.976,0.5083333333333333,25.958333333333332,,629.5185,93.36,8799.830833333335,12.5287,8.2579,41.53458796061953,False,CMFT_Engine,Balanced,-1.8189894035458565e-12
2002-09-01,2002-09-01,Barley,2002,2,8799.830833333335,0.0,24.546,0.5083333333333333,25.958333333333332,,629.5185,52.202,8116.189666666669,,,,False,CMFT_Engine,Balanced,-9.094947017729282e-13
2002-10-01,2002-10-01,Barley,2002,3,8116.189666666669,0.0,12.532,0.5083333333333333,25.958333333333332,,629.5185,18.91,7453.826500000002,,,,False,CMFT_Engine,Balanced,9.094947017729282e-13
2002-11-01,2002-11-01,Barley,2002,4,7453.826500000002,0.0,32.7,0.5083333333333333,25.958333333333332,,629.5185,47.14,6783.401333333335,,,,False,CMFT_Engine,Balanced,0.0
2002-12-01,2002-12-01,Barley,2002,5,6783.401333333335,0.0,14.894,0.5083333333333333,25.958333333333332,,629.5185,67.802,6074.508166666668,,,,False,CMFT_Engine,Balanced,9.094947017729282e-13
2003-01-01,2003-01-01,Barley,2002,6,6074.508166666668,0.0,15.542,0.5083333333333333,25.958333333333332,,629.5185,24.4,5409.665000000002,,,,False,CMFT_Engine,Balanced,9.094947017729282e-13
2003-02-01,2003-02-01,Barley,2002,7,5409.665000000002,0.0,22.918,0.5083333333333333,25.958333333333332,,629.5185,35.298,4741.299833333334,,,,False,CMFT_Engine,Balanced,9.094947017729282e-13
2003-03-01,2003-03-01,Barley,2002,8,4741.299833333334,0.0,20.791999999999998,0.5083333333333333,25.958333333333332,,629.5185,10.05,4096.056666666668,,,,False,CMFT_Engine,Balanced,0.0
2003-04-01,2003-04-01,Barley,2002,9,4096.056666666668,0.0,31.107999999999997,0.5083333333333333,25.958333333333332,,629.5185,30.454,3440.7255000000014,,,,False,CMFT_Engine,Balanced,4.547473508864641e-13
2003-05-01,2003-05-01,Barley,2002,10,3440.7255000000014,0.0,16.782000000000004,0.5083333333333333,25.958333333333332,,629.5185,14.568000000000001,2786.954333333335,,,,False,CMFT_Engine,Balanced,-4.547473508864641e-13
2003-06-01,2003-06-01,Barley,2002,11,2786.954333333335,0.0,8.522,0.5083333333333333,25.958333333333332,,629.5185,24.086,2115.4051666666683,,,,False,CMFT_Engine,Balanced,0.0
2003-07-01,2003-07-01,Barley,2002,12,2115.4051666666683,0.0,24.548,0.5083333333333333,25.958333333333332,,629.5185,9.168,1474.8,,,,True,CMFT_Engine,Balanced,1.3642420526593924e-12
2003-08-01,2003-08-01,Barley,2003,1,1474.8,12164.2,8.594000000000001,0.75,23.15833333333333,,785.9368333333332,4.724,12833.024833333333,12.3294,10.8655,51.419340142653354,False,CMFT_Engine,Balanced,0.0
2003-09-01,2003-09-01,Barley,2003,2,12833.024833333333,0.0,6.044,0.75,23.15833333333333,,785.9368333333332,41.924,11987.299666666666,,,,False,CMFT_Engine,Balanced,0.0
2003-10-01,2003-10-01,Barley,2003,3,11987.299666666666,0.0,3.1999999999999997,0.75,23.15833333333333,,785.9368333333332,140.242,11040.4125,,,,False,CMFT_Engine,Balanced,0.0
2003-11-01,2003-11-01,Barley,2003,4,11040.4125,0.0,0.5720000000000001,0.75,23.15833333333333,,785.9368333333332,206.974,10024.165333333334,,,,False,CMFT_Engine,Balanced,0.0
2003-12-01,2003-12-01,Barley,2003,5,10024.165333333334,0.0,0.12000000000000001,0.75,23.15833333333333,,785.9368333333332,242.542,8971.898166666668,,,,False,CMFT_Engine,Balanced,1.8189894035458565e-12
2004-01-01,2004-01-01,Barley,2003,6,8971.898166666668,0.0,0.952,0.75,23.15833333333333,,785.9368333333332,45.678,8117.327000000001,,,,False,CMFT_Engine,Balanced,0.0
2004-02-01,2004-02-01,Barley,2003,7,8117.327000000001,0.0,1.266,0.75,23.15833333333333,,785.9368333333332,226.766,7081.981833333334,,,,False,CMFT_Engine,Balanced,0.0
2004-03-01,2004-03-01,Barley,2003,8,7081.981833333334,0.0,0.844,0.75,23.15833333333333,,785.9368333333332,208.036,6064.944666666668,,,,False,CMFT_Engine,Balanced,-9.094947017729282e-13
2004-04-01,2004-04-01,Barley,2003,9,6064.944666666668,0.0,3.2199999999999998,0.75,23.15833333333333,,785.9368333333332,290.976,4967.343500000002,,,,False,CMFT_Engine,Balanced,0.0
2004-05-01,2004-05-01,Barley,2003,10,4967.343500000002,0.0,3.888,0.75,23.15833333333333,,785.9368333333332,206.878,3954.508333333335,,,,False,CMFT_Engine,Balanced,-4.547473508864641e-13
2004-06-01,2004-06-01,Barley,2003,11,3954.508333333335,0.0,5.3839999999999995,0.75,23.15833333333333,,785.9368333333332,130.792,3019.2551666666686,,,,False,CMFT_Engine,Balanced,0.0
2004-07-01,2004-07-01,Barley,2003,12,3019.2551666666686,0.0,1.3940000000000001,0.75,23.15833333333333,,785.9368333333332,108.804,2102.0,,,,True,CMFT_Engine,Balanced,1.8189894035458565e-12
2004-08-01,2004-08-01,Barley,2004,1,2102.0,12556.7,4.587999999999999,0.7916666666666666,21.46666666666667,,822.003,95.89800000000001,13723.128666666667,10.9522,9.4907,60.767299389929086,False,CMFT_Engine,Balanced,0.0
2004-09-01,2004-09-01,Barley,2004,2,13723.128666666667,0.0,5.028,0.7916666666666666,21.46666666666667,,822.003,46.658,12837.237333333334,,,,False,CMFT_Engine,Balanced,0.0
2004-10-01,2004-10-01,Barley,2004,3,12837.237333333334,0.0,5.708,0.7916666666666666,21.46666666666667,,822.003,95.25200000000001,11903.432,,,,False,CMFT_Engine,Balanced,0.0
2004-11-01,2004-11-01,Barley,2004,4,11903.432,0.0,13.916,0.7916666666666666,21.46666666666667,,822.003,102.112,10970.974666666665,,,,False,CMFT_Engine,Balanced,1.8189894035458565e-12
2004-12-01,2004-12-01,Barley,2004,5,10970.974666666665,0.0,8.658,0.7916666666666666,21.46666666666667,,822.003,109.682,10025.68933333333,,,,False,CMFT_Engine,Balanced,0.0
2005-01-01,2005-01-01,Barley,2004,6,10025.68933333333,0.0,11.304,0.7916666666666666,21.46666666666667,,822.003,59.922,9132.809999999996,,,,False,CMFT_Engine,Balanced,0.0
2005-02-01,2005-02-01,Barley,2004,7,9132.809999999996,0.0,8.344000000000001,0.7916666666666666,21.46666666666667,,822.003,175.318,8121.574666666663,,,,False,CMFT_Engine,Balanced,-1.8189894035458565e-12
2005-03-01,2005-03-01,Barley,2004,8,8121.574666666663,0.0,7.184,0.7916666666666666,21.46666666666667,,822.003,175.036,7109.46133333333,,,,False,CMFT_Engine,Balanced,0.0
2005-04-01,2005-04-01,Barley,2004,9,7109.46133333333,0.0,7.112,0.7916666666666666,21.46666666666667,,822.003,110.226,6162.085999999997,,,,False,CMFT_Engine,Balanced,9.094947017729282e-13
2005-05-01,2005-05-01,Barley,2004,10,6162.085999999997,0.0,2.224,0.7916666666666666,21.46666666666667,,822.003,58.702,5261.346666666664,,,,False,CMFT_Engine,Balanced,0.0
2005-06-01,2005-06-01,Barley,2004,11,5261.346666666664,0.0,4.476,0.7916666666666666,21.46666666666667,,822.003,37.052,4384.509333333331,,,,False,CMFT_Engine,Balanced,0.0
2005-07-01,2005-07-01,Barley,2004,12,4384.509333333331,0.0,4.118,0.7916666666666666,21.46666666666667,,822.003,109.266,3435.1,,,,True,CMFT_Engine,Balanced,-2.2737367544323206e-12
2005-08-01,2005-08-01,Barley,2005,1,3435.1,11677.6,10.661999999999999,1.125,12.775,,789.2515,319.388,14000.8225,10.2368,8.9796,59.729553316406076,False,CMFT_Engine,Balanced,0.0
2005-09-01,2005-09-01,Barley,2005,2,14000.8225,0.0,2.782,1.125,12.775,,789.2515,183.456,13016.997,,,,False,CMFT_Engine,Balanced,0.0
2005-10-01,2005-10-01,Barley,2005,3,13016.997,0.0,1.688,1.125,12.775,,789.2515,260.972,11954.5615,,,,False,CMFT_Engine,Balanced,0.0
2005-11-01,2005-11-01,Barley,2005,4,11954.5615,0.0,4.2299999999999995,1.125,12.775,,789.2515,382.998,10772.642,,,,False,CMFT_Engine,Balanced,0.0
2005-12-01,2005-12-01,Barley,2005,5,10772.642,0.0,3.2,1.125,12.775,,789.2515,154.58,9818.1105,,,,False,CMFT_Engine,Balanced,0.0
2006-01-01,2006-01-01,Barley,2005,6,9818.1105,0.0,1.218,1.125,12.775,,789.2515,373.084,8643.093,,,,False,CMFT_Engine,Balanced,0.0
2006-02-01,2006-02-01,Barley,2005,7,8643.093,0.0,5.992,1.125,12.775,,789.2515,198.20600000000002,7647.727500000001,,,,False,CMFT_Engine,Balanced,0.0
2006-03-01,2006-03-01,Barley,2005,8,7647.727500000001,0.0,3.6639999999999997,1.125,12.775,,789.2515,99.116,6749.124000000001,,,,False,CMFT_Engine,Balanced,0.0
2006-04-01,2006-04-01,Barley,2005,9,6749.124000000001,0.0,3.7199999999999998,1.125,12.775,,789.2515,33.804,5915.888500000001,,,,False,CMFT_Engine,Balanced,0.0
2006-05-01,2006-05-01,Barley,2005,10,5915.888500000001,0.0,4.418,1.125,12.775,,789.2515,99.214,5017.941000000001,,,,False,CMFT_Engine,Balanced,0.0
2006-06-01,2006-06-01,Barley,2005,11,5017.941000000001,0.0,1.022,1.125,12.775,,789.2515,70.04,4145.771500000001,,,,False,CMFT_Engine,Balanced,0.0
2006-07-01,2006-07-01,Barley,2005,12,4145.771500000001,0.0,3.224,1.125,12.775,,789.2515,57.144,3288.7,,,,True,CMFT_Engine,Balanced,1.8189894035458565e-12
2006-08-01,2006-08-01,Barley,2006,1,3288.7,9573.1,7.232,1.7916666666666667,14.15,,832.6391666666665,79.43799999999999,11941.013166666668,9.118,7.964,55.20952458061276,False,CMFT_Engine,Balanced,0.0
2006-09-01,2006-09-01,Barley,2006,2,11941.013166666668,0.0,6.635999999999999,1.7916666666666667,14.15,,832.6391666666665,67.044,11032.024333333335,,,,False,CMFT_Engine,Balanced,1.8189894035458565e-12
2006-10-01,2006-10-01,Barley,2006,3,11032.024333333335,0.0,0.82,1.7916666666666667,14.15,,832.6391666666665,156.90800000000002,10027.355500000001,,,,False,CMFT_Engine,Balanced,1.8189894035458565e-12
2006-11-01,2006-11-01,Barley,2006,4,10027.355500000001,0.0,2.118,1.7916666666666667,14.15,,832.6391666666665,146.83599999999998,9034.05666666667,,,,False,CMFT_Engine,Balanced,1.8189894035458565e-12
2006-12-01,2006-12-01,Barley,2006,5,9034.05666666667,0.0,1.552,1.7916666666666667,14.15,,832.6391666666665,133.21,8053.817833333335,,,,False,CMFT_Engine,Balanced,9.094947017729282e-13
2007-01-01,2007-01-01,Barley,2006,6,8053.817833333335,0.0,7.3580000000000005,1.7916666666666667,14.15,,832.6391666666665,95.286,7117.309000000002,,,,False,CMFT_Engine,Balanced,0.0
2007-02-01,2007-02-01,Barley,2006,7,7117.309000000002,0.0,6.716,1.7916666666666667,14.15,,832.6391666666665,138.728,6136.716166666669,,,,False,CMFT_Engine,Balanced,0.0
2007-03-01,2007-03-01,Barley,2006,8,6136.716166666669,0.0,1.398,1.7916666666666667,14.15,,832.6391666666665,93.892,5195.641333333336,,,,False,CMFT_Engine,Balanced,0.0
2007-04-01,2007-04-01,Barley,2006,9,5195.641333333336,0.0,1.736,1.7916666666666667,14.15,,832.6391666666665,99.272,4249.524500000002,,,,False,CMFT_Engine,Balanced,0.0
2007-05-01,2007-05-01,Barley,2006,10,4249.524500000002,0.0,0.452,1.7916666666666667,14.15,,832.6391666666665,130.484,3270.911666666669,,,,False,CMFT_Engine,Balanced,4.547473508864641e-13
2007-06-01,2007-06-01,Barley,2006,11,3270.911666666669,0.0,2.838,1.7916666666666667,14.15,,832.6391666666665,36.842,2388.3268333333363,,,,False,CMFT_Engine,Balanced,0.0
2007-07-01,2007-07-01,Barley,2006,12,2388.3268333333363,0.0,4.76,1.7916666666666667,14.15,,832.6391666666665,53.806,1490.7,,,,True,CMFT_Engine,Balanced,3.410605131648481e-12
2007-08-01,2007-08-01,Barley,2007,1,1490.7,10909.8,5.75,1.3083333333333333,11.691666666666668,,640.6871666666667,20.131999999999998,11732.430833333334,10.7848,9.7935,51.164828721090515,False,CMFT_Engine,Balanced,0.0
2007-09-01,2007-09-01,Barley,2007,2,11732.430833333334,0.0,6.3759999999999994,1.3083333333333333,11.691666666666668,,640.6871666666667,231.252,10853.867666666667,,,,False,CMFT_Engine,Balanced,0.0
2007-10-01,2007-10-01,Barley,2007,3,10853.867666666667,0.0,5.686,1.3083333333333333,11.691666666666668,,640.6871666666667,356.14,9849.7265,,,,False,CMFT_Engine,Balanced,0.0
2007-11-01,2007-11-01,Barley,2007,4,9849.7265,0.0,7.416,1.3083333333333333,11.691666666666668,,640.6871666666667,373.558,8829.897333333334,,,,False,CMFT_Engine,Balanced,0.0
2007-12-01,2007-12-01,Barley,2007,5,8829.897333333334,0.0,2.702,1.3083333333333333,11.691666666666668,,640.6871666666667,320.526,7858.386166666667,,,,False,CMFT_Engine,Balanced,0.0
2008-01-01,2008-01-01,Barley,2007,6,7858.386166666667,0.0,6.134,1.3083333333333333,11.691666666666668,,640.6871666666667,401.25,6809.5830000000005,,,,False,CMFT_Engine,Balanced,0.0
2008-02-01,2008-02-01,Barley,2007,7,6809.5830000000005,0.0,2.136,1.3083333333333333,11.691666666666668,,640.6871666666667,300.654,5857.377833333334,,,,False,CMFT_Engine,Balanced,0.0
2008-03-01,2008-03-01,Barley,2007,8,5857.377833333334,0.0,5.372,1.3083333333333333,11.691666666666668,,640.6871666666667,199.884,5009.178666666668,,,,False,CMFT_Engine,Balanced,0.0
2008-04-01,2008-04-01,Barley,2007,9,5009.178666666668,0.0,5.15,1.3083333333333333,11.691666666666668,,640.6871666666667,203.94,4156.701500000001,,,,False,CMFT_Engine,Balanced,0.0
2008-05-01,2008-05-01,Barley,2007,10,4156.701500000001,0.0,2.474,1.3083333333333333,11.691666666666668,,640.6871666666667,386.54,3118.9483333333346,,,,False,CMFT_Engine,Balanced,0.0
2008-06-01,2008-06-01,Barley,2007,11,3118.9483333333346,0.0,3.996,1.3083333333333333,11.691666666666668,,640.6871666666667,204.086,2265.171166666668,,,,False,CMFT_Engine,Balanced,0.0
2008-07-01,2008-07-01,Barley,2007,12,2265.171166666668,0.0,4.586,1.3083333333333333,11.691666666666668,,640.6871666666667,47.67,1568.4,,,,True,CMFT_Engine,Balanced,9.094947017729282e-13
2008-08-01,2008-08-01,Barley,2008,1,1568.4,11785.8,2.218,1.3,11.983333333333334,,732.4998333333332,56.918,12553.716833333334,9.2971,8.6574,62.5265183172777,False,CMFT_Engine,Balanced,0.0
2008-09-01,2008-09-01,Barley,2008,2,12553.716833333334,0.0,7.498,1.3,11.983333333333334,,732.4998333333332,95.864,11719.567666666668,,,,False,CMFT_Engine,Balanced,0.0
2008-10-01,2008-10-01,Barley,2008,3,11719.567666666668,0.0,7.863999999999999,1.3,11.983333333333334,,732.4998333333332,122.47399999999999,10859.174500000001,,,,False,CMFT_Engine,Balanced,0.0
2008-11-01,2008-11-01,Barley,2008,4,10859.174500000001,0.0,2.2539999999999996,1.3,11.983333333333334,,732.4998333333332,155.036,9960.609333333336,,,,False,CMFT_Engine,Balanced,0.0
2008-12-01,2008-12-01,Barley,2008,5,9960.609333333336,0.0,1.21,1.3,11.983333333333334,,732.4998333333332,102.29599999999999,9113.740166666668,,,,False,CMFT_Engine,Balanced,0.0
2009-01-01,2009-01-01,Barley,2008,6,9113.740166666668,0.0,1.696,1.3,11.983333333333334,,732.4998333333332,163.57000000000002,8206.083000000002,,,,False,CMFT_Engine,Balanced,0.0
2009-02-01,2009-02-01,Barley,2008,7,8206.083000000002,0.0,3.982,1.3,11.983333333333334,,732.4998333333332,163.966,7300.315833333336,,,,False,CMFT_Engine,Balanced,0.0
2009-03-01,2009-03-01,Barley,2008,8,7300.315833333336,0.0,3.7060000000000004,1.3,11.983333333333334,,732.4998333333332,146.70600000000002,6411.53266666667,,,,False,CMFT_Engine,Balanced,-9.094947017729282e-13
2009-04-01,2009-04-01,Barley,2008,9,6411.53266666667,0.0,2.818,1.3,11.983333333333334,,732.4998333333332,119.846,5548.721500000003,,,,False,CMFT_Engine,Balanced,0.0
2009-05-01,2009-05-01,Barley,2008,10,5548.721500000003,0.0,1.272,1.3,11.983333333333334,,732.4998333333332,109.946,4694.264333333336,,,,False,CMFT_Engine,Balanced,0.0
2009-06-01,2009-06-01,Barley,2008,11,4694.264333333336,0.0,1.664,1.3,11.983333333333334,,732.4998333333332,115.864,3834.2811666666694,,,,False,CMFT_Engine,Balanced,-4.547473508864641e-13
2009-07-01,2009-07-01,Barley,2008,12,3834.2811666666694,0.0,5.539999999999999,1.3,11.983333333333334,,732.4998333333332,130.438,2963.6,,,,True,CMFT_Engine,Balanced,2.7284841053187847e-12
2009-08-01,2009-08-01,Barley,2009,1,2963.6,9528.2,5.465999999999999,0.8416666666666667,10.416666666666666,,715.7266666666668,161.81,11608.471000000001,8.6482,7.2195,60.6172747032343,False,CMFT_Engine,Balanced,0.0
2009-09-01,2009-09-01,Barley,2009,2,11608.471000000001,0.0,4.694,0.8416666666666667,10.416666666666666,,715.7266666666668,126.424,10759.756,,,,False,CMFT_Engine,Balanced,0.0
2009-10-01,2009-10-01,Barley,2009,3,10759.756,0.0,2.298,0.8416666666666667,10.416666666666666,,715.7266666666668,96.668,9938.401,,,,False,CMFT_Engine,Balanced,0.0
2009-11-01,2009-11-01,Barley,2009,4,9938.401,0.0,2.276,0.8416666666666667,10.416666666666666,,715.7266666666668,144.604,9069.088,,,,False,CMFT_Engine,Balanced,0.0
2009-12-01,2009-12-01,Barley,2009,5,9069.088,0.0,2.9059999999999997,0.8416666666666667,10.416666666666666,,715.7266666666668,93.378,8251.631,,,,False,CMFT_Engine,Balanced,0.0
2010-01-01,2010-01-01,Barley,2009,6,8251.631,0.0,4.52,0.8416666666666667,10.416666666666666,,715.7266666666668,64.494,7464.6720000000005,,,,False,CMFT_Engine,Balanced,0.0
2010-02-01,2010-02-01,Barley,2009,7,7464.6720000000005,0.0,3.078,0.8416666666666667,10.416666666666666,,715.7266666666668,61.238,6679.527000000001,,,,False,CMFT_Engine,Balanced,0.0
2010-03-01,2010-03-01,Barley,2009,8,6679.527000000001,0.0,5.692,0.8416666666666667,10.416666666666666,,715.7266666666668,161.506,5796.728000000001,,,,False,CMFT_Engine,Balanced,0.0
2010-04-01,2010-04-01,Barley,2009,9,5796.728000000001,0.0,5.438,0.8416666666666667,10.416666666666666,,715.7266666666668,136.212,4938.969000000001,,,,False,CMFT_Engine,Balanced,0.0
2010-05-01,2010-05-01,Barley,2009,10,4938.969000000001,0.0,1.488,0.8416666666666667,10.416666666666666,,715.7266666666668,58.022,4155.450000000002,,,,False,CMFT_Engine,Balanced,0.0
2010-06-01,2010-06-01,Barley,2009,11,4155.450000000002,0.0,3.168,0.8416666666666667,10.416666666666666,,715.7266666666668,114.676,3316.9570000000012,,,,False,CMFT_Engine,Balanced,0.0
2010-07-01,2010-07-01,Barley,2009,12,3316.9570000000012,0.0,1.388,0.8416666666666667,10.416666666666666,,715.7266666666668,89.76,2501.6,,,,True,CMFT_Engine,Balanced,9.094947017729282e-13
2010-08-01,2010-08-01,Barley,2010,1,2501.6,7627.2,1.104,2.3249999999999997,10.591666666666667,,608.9416666666666,107.256,9400.789666666664,6.9154,5.9159,59.2157144508866,False,CMFT_Engine,Balanced,1.8189894035458565e-12
2010-09-01,2010-09-01,Barley,2010,2,9400.789666666664,0.0,2.4480000000000004,2.3249999999999997,10.591666666666667,,608.9416666666666,74.974,8706.405333333332,,,,False,CMFT_Engine,Balanced,-1.8189894035458565e-12
2010-10-01,2010-10-01,Barley,2010,3,8706.405333333332,0.0,3.4459999999999997,2.3249999999999997,10.591666666666667,,608.9416666666666,128.98,7959.012999999998,,,,False,CMFT_Engine,Balanced,0.0
2010-11-01,2010-11-01,Barley,2010,4,7959.012999999998,0.0,0.42,2.3249999999999997,10.591666666666667,,608.9416666666666,220.746,7116.8286666666645,,,,False,CMFT_Engine,Balanced,9.094947017729282e-13
2010-12-01,2010-12-01,Barley,2010,5,7116.8286666666645,0.0,1.328,2.3249999999999997,10.591666666666667,,608.9416666666666,130.744,6365.554333333332,,,,False,CMFT_Engine,Balanced,9.094947017729282e-13
2011-01-01,2011-01-01,Barley,2010,6,6365.554333333332,0.0,1.998,2.3249999999999997,10.591666666666667,,608.9416666666666,116.42999999999999,5629.263999999998,,,,False,CMFT_Engine,Balanced,0.0
2011-02-01,2011-02-01,Barley,2010,7,5629.263999999998,0.0,4.222,2.3249999999999997,10.591666666666667,,608.9416666666666,50.612,4961.015666666664,,,,False,CMFT_Engine,Balanced,9.094947017729282e-13
2011-03-01,2011-03-01,Barley,2010,8,4961.015666666664,0.0,7.928,2.3249999999999997,10.591666666666667,,608.9416666666666,199.514,4147.571333333331,,,,False,CMFT_Engine,Balanced,9.094947017729282e-13
2011-04-01,2011-04-01,Barley,2010,9,4147.571333333331,0.0,7.998,2.3249999999999997,10.591666666666667,,608.9416666666666,80.436,3453.274999999997,,,,False,CMFT_Engine,Balanced,4.547473508864641e-13
2011-05-01,2011-05-01,Barley,2010,10,3453.274999999997,0.0,2.3019999999999996,2.3249999999999997,10.591666666666667,,608.9416666666666,35.772,2797.946666666664,,,,False,CMFT_Engine,Balanced,0.0
2011-06-01,2011-06-01,Barley,2010,11,2797.946666666664,0.0,1.616,2.3249999999999997,10.591666666666667,,608.9416666666666,35.424,2142.280333333331,,,,False,CMFT_Engine,Balanced,0.0
2011-07-01,2011-07-01,Barley,2010,12,2142.280333333331,0.0,7.93,2.3249999999999997,10.591666666666667,,608.9416666666666,26.451999999999998,1501.9,,,,True,CMFT_Engine,Balanced,-2.5011104298755527e-12
2011-08-01,2011-08-01,Barley,2011,1,1501.9,7891.5,7.452,1.9666666666666668,8.025,,566.01575,7.408,8817.436583333332,6.588845,5.9339,61.08182449990731,False,CMFT_Engine,Balanced,0.0
2011-09-01,2011-09-01,Barley,2011,2,8817.436583333332,0.0,2.332,1.9666666666666668,8.025,,566.01575,19.502000000000002,8224.259166666665,,,,False,CMFT_Engine,Balanced,0.0
2011-10-01,2011-10-01,Barley,2011,3,8224.259166666665,0.0,0.6960000000000001,1.9666666666666668,8.025,,566.01575,175.982,7472.965749999998,,,,False,CMFT_Engine,Balanced,0.0
2011-11-01,2011-11-01,Barley,2011,4,7472.965749999998,0.0,0.89,1.9666666666666668,8.025,,566.01575,213.43,6684.418333333331,,,,False,CMFT_Engine,Balanced,0.0
2011-12-01,2011-12-01,Barley,2011,5,6684.418333333331,0.0,0.616,1.9666666666666668,8.025,,566.01575,94.514,6014.512916666665,,,,False,CMFT_Engine,Balanced,9.094947017729282e-13
2012-01-01,2012-01-01,Barley,2011,6,6014.512916666665,0.0,0.18,1.9666666666666668,8.025,,566.01575,120.595,5318.090499999998,,,,False,CMFT_Engine,Balanced,9.094947017729282e-13
2012-02-01,2012-02-01,Barley,2011,7,5318.090499999998,0.0,0.116,1.9666666666666668,8.025,,566.01575,158.195,4584.004083333331,,,,False,CMFT_Engine,Balanced,1.8189894035458565e-12
2012-03-01,2012-03-01,Barley,2011,8,4584.004083333331,0.0,0.2,1.9666666666666668,8.025,,566.01575,180.44400000000002,3827.752666666665,,,,False,CMFT_Engine,Balanced,4.547473508864641e-13
2012-04-01,2012-04-01,Barley,2011,9,3827.752666666665,0.0,0.08499999999999999,1.9666666666666668,8.025,,566.01575,116.565,3135.265249999998,,,,False,CMFT_Engine,Balanced,0.0
2012-05-01,2012-05-01,Barley,2011,10,3135.265249999998,0.0,0.538,1.9666666666666668,8.025,,566.01575,40.108,2519.6878333333316,,,,False,CMFT_Engine,Balanced,-4.547473508864641e-13
2012-06-01,2012-06-01,Barley,2011,11,2519.6878333333316,0.0,0.28400000000000003,1.9666666666666668,8.025,,566.01575,105.109,1838.855416666665,,,,False,CMFT_Engine,Balanced,0.0
2012-07-01,2012-07-01,Barley,2011,12,1838.855416666665,0.0,0.122,1.9666666666666668,8.025,,566.01575,67.57,1195.4,,,,True,CMFT_Engine,Balanced,-1.8189894035458565e-12
2012-08-01,2012-08-01,Barley,2012,1,1195.4,8012.3,1.085,2.0749999999999997,9.091666666666667,,556.4065833333334,44.859,8596.35275,7.4499,6.8319,53.86521086081471,False,CMFT_Engine,Balanced,-1.8189894035458565e-12
2012-09-01,2012-09-01,Barley,2012,2,8596.35275,0.0,0.306,2.0749999999999997,9.091666666666667,,556.4065833333334,119.525,7909.5605,,,,False,CMFT_Engine,Balanced,0.0
2012-10-01,2012-10-01,Barley,2012,3,7909.5605,0.0,0.378,2.0749999999999997,9.091666666666667,,556.4065833333334,188.565,7153.800249999999,,,,False,CMFT_Engine,Balanced,9.094947017729282e-13
2012-11-01,2012-11-01,Barley,2012,4,7153.800249999999,0.0,0.088,2.0749999999999997,9.091666666666667,,556.4065833333334,306.749,6279.565999999999,,,,False,CMFT_Engine,Balanced,9.094947017729282e-13
2012-12-01,2012-12-01,Barley,2012,5,6279.565999999999,0.0,0.928,2.0749999999999997,9.091666666666667,,556.4065833333334,97.678,5615.2427499999985,,,,False,CMFT_Engine,Balanced,9.094947017729282e-13
2013-01-01,2013-01-01,Barley,2012,6,5615.2427499999985,0.0,0.918,2.0749999999999997,9.091666666666667,,556.4065833333334,152.708,4895.879499999998,,,,False,CMFT_Engine,Balanced,9.094947017729282e-13
2013-02-01,2013-02-01,Barley,2012,7,4895.879499999998,0.0,0.65,2.0749999999999997,9.091666666666667,,556.4065833333334,154.255,4174.701249999997,,,,False,CMFT_Engine,Balanced,9.094947017729282e-13
2013-03-01,2013-03-01,Barley,2012,8,4174.701249999997,0.0,1.047,2.0749999999999997,9.091666666666667,,556.4065833333334,130.179,3477.995999999997,,,,False,CMFT_Engine,Balanced,4.547473508864641e-13
2013-04-01,2013-04-01,Barley,2012,9,3477.995999999997,0.0,1.619,2.0749999999999997,9.091666666666667,,556.4065833333334,112.261,2799.780749999997,,,,False,CMFT_Engine,Balanced,0.0
2013-05-01,2013-05-01,Barley,2012,10,2799.780749999997,0.0,0.907,2.0749999999999997,9.091666666666667,,556.4065833333334,77.019,2156.095499999997,,,,False,CMFT_Engine,Balanced,4.547473508864641e-13
2013-06-01,2013-06-01,Barley,2012,11,2156.095499999997,0.0,11.052000000000001,2.0749999999999997,9.091666666666667,,556.4065833333334,29.183,1570.3912499999974,,,,False,CMFT_Engine,Balanced,0.0
2013-07-01,2013-07-01,Barley,2012,12,1570.3912499999974,0.0,0.063,2.0749999999999997,9.091666666666667,,556.4065833333334,19.480999999999998,983.4,,,,True,CMFT_Engine,Balanced,-2.6147972675971687e-12
2013-08-01,2013-08-01,Barley,2013,1,983.4,10281.6,2.578,1.9916666666666665,7.516666666666667,,638.0914166666666,14.47,10605.50825,7.1987,6.6407,71.11144538376979,False,CMFT_Engine,Balanced,0.0
2013-09-01,2013-09-01,Barley,2013,2,10605.50825,0.0,0.341,1.9916666666666665,7.516666666666667,,638.0914166666666,33.073,9925.176500000001,,,,False,CMFT_Engine,Balanced,0.0
2013-10-01,2013-10-01,Barley,2013,3,9925.176500000001,0.0,0.122,1.9916666666666665,7.516666666666667,,638.0914166666666,134.791,9142.907750000002,,,,False,CMFT_Engine,Balanced,0.0
2013-11-01,2013-11-01,Barley,2013,4,9142.907750000002,0.0,0.0,1.9916666666666665,7.516666666666667,,638.0914166666666,272.74399999999997,8222.564000000002,,,,False,CMFT_Engine,Balanced,0.0
2013-12-01,2013-12-01,Barley,2013,5,8222.564000000002,0.0,0.587,1.9916666666666665,7.516666666666667,,638.0914166666666,134.329,7441.2222500000025,,,,False,CMFT_Engine,Balanced,0.0
2014-01-01,2014-01-01,Barley,2013,6,7441.2222500000025,0.0,0.319,1.9916666666666665,7.516666666666667,,638.0914166666666,50.054,6743.887500000003,,,,False,CMFT_Engine,Balanced,0.0
2014-02-01,2014-02-01,Barley,2013,7,6743.887500000003,0.0,0.10400000000000001,1.9916666666666665,7.516666666666667,,638.0914166666666,167.13799999999998,5929.2537500000035,,,,False,CMFT_Engine,Balanced,-9.094947017729282e-13
2014-03-01,2014-03-01,Barley,2013,8,5929.2537500000035,0.0,0.183,1.9916666666666665,7.516666666666667,,638.0914166666666,144.70499999999998,5137.132000000003,,,,False,CMFT_Engine,Balanced,0.0
2014-04-01,2014-04-01,Barley,2013,9,5137.132000000003,0.0,0.319,1.9916666666666665,7.516666666666667,,638.0914166666666,262.421,4227.430250000003,,,,False,CMFT_Engine,Balanced,0.0
2014-05-01,2014-05-01,Barley,2013,10,4227.430250000003,0.0,0.483,1.9916666666666665,7.516666666666667,,638.0914166666666,144.20600000000002,3436.1075000000033,,,,False,CMFT_Engine,Balanced,0.0
2014-06-01,2014-06-01,Barley,2013,11,3436.1075000000033,0.0,2.184,1.9916666666666665,7.516666666666667,,638.0914166666666,107.096,2683.5957500000036,,,,False,CMFT_Engine,Balanced,-4.547473508864641e-13
2014-07-01,2014-07-01,Barley,2013,12,2683.5957500000036,0.0,1.753,1.9916666666666665,7.516666666666667,,638.0914166666666,95.749,1942.0,,,,True,CMFT_Engine,Balanced,3.410605131648481e-12
2014-08-01,2014-08-01,Barley,2014,1,1942.0,7116.8,2.052,1.5333333333333332,13.391666666666666,,523.4959166666666,103.735,8418.696083333332,5.9727,5.3552,61.03820161338513,False,CMFT_Engine,Balanced,0.0
2014-09-01,2014-09-01,Barley,2014,2,8418.696083333332,0.0,1.529,1.5333333333333332,13.391666666666666,,523.4959166666666,96.632,7785.172166666665,,,,False,CMFT_Engine,Balanced,1.8189894035458565e-12
2014-10-01,2014-10-01,Barley,2014,3,7785.172166666665,0.0,4.281000000000001,1.5333333333333332,13.391666666666666,,523.4959166666666,101.37899999999999,7149.6532499999985,,,,False,CMFT_Engine,Balanced,0.0
2014-11-01,2014-11-01,Barley,2014,4,7149.6532499999985,0.0,2.351,1.5333333333333332,13.391666666666666,,523.4959166666666,142.306,6471.277333333332,,,,False,CMFT_Engine,Balanced,0.0
2014-12-01,2014-12-01,Barley,2014,5,6471.277333333332,0.0,15.696000000000002,1.5333333333333332,13.391666666666666,,523.4959166666666,177.327,5771.225416666664,,,,False,CMFT_Engine,Balanced,0.0
2015-01-01,2015-01-01,Barley,2014,6,5771.225416666664,0.0,3.127,1.5333333333333332,13.391666666666666,,523.4959166666666,217.861,5018.070499999998,,,,False,CMFT_Engine,Balanced,0.0
2015-02-01,2015-02-01,Barley,2014,7,5018.070499999998,0.0,17.98,1.5333333333333332,13.391666666666666,,523.4959166666666,82.27799999999999,4415.35158333333,,,,False,CMFT_Engine,Balanced,0.0
2015-03-01,2015-03-01,Barley,2014,8,4415.35158333333,0.0,9.32,1.5333333333333332,13.391666666666666,,523.4959166666666,67.916,3818.334666666663,,,,False,CMFT_Engine,Balanced,0.0
2015-04-01,2015-04-01,Barley,2014,9,3818.334666666663,0.0,52.41,1.5333333333333332,13.391666666666666,,523.4959166666666,129.41,3202.913749999996,,,,False,CMFT_Engine,Balanced,0.0
2015-05-01,2015-05-01,Barley,2014,10,3202.913749999996,0.0,6.618,1.5333333333333332,13.391666666666666,,523.4959166666666,124.699,2546.4118333333295,,,,False,CMFT_Engine,Balanced,-4.547473508864641e-13
2015-06-01,2015-06-01,Barley,2014,11,2546.4118333333295,0.0,9.548,1.5333333333333332,13.391666666666666,,523.4959166666666,148.415,1869.1239166666624,,,,False,CMFT_Engine,Balanced,0.0
2015-07-01,2015-07-01,Barley,2014,12,1869.1239166666624,0.0,11.164000000000001,1.5333333333333332,13.391666666666666,,523.4959166666666,124.56700000000001,1217.3,,,,True,CMFT_Engine,Balanced,-4.320099833421409e-12
2015-08-01,2015-08-01,Barley,2015,1,1217.3,8256.6,29.206,0.85,10.508333333333333,,570.1186666666666,27.294999999999998,8894.333999999999,6.67,5.8129,65.23806281890279,False,CMFT_Engine,Balanced,0.0
2015-09-01,2015-09-01,Barley,2015,2,8894.333999999999,0.0,3.8779999999999997,0.85,10.508333333333333,,570.1186666666666,42.900000000000006,8273.835,,,,False,CMFT_Engine,Balanced,0.0
2015-10-01,2015-10-01,Barley,2015,3,8273.835,0.0,3.585,0.85,10.508333333333333,,570.1186666666666,122.10600000000001,7573.836999999999,,,,False,CMFT_Engine,Balanced,0.0
2015-11-01,2015-11-01,Barley,2015,4,7573.836999999999,0.0,3.777,0.85,10.508333333333333,,570.1186666666666,105.89000000000001,6890.246999999999,,,,False,CMFT_Engine,Balanced,-9.094947017729282e-13
2015-12-01,2015-12-01,Barley,2015,5,6890.246999999999,0.0,3.887,0.85,10.508333333333333,,570.1186666666666,120.01599999999999,6192.641,,,,False,CMFT_Engine,Balanced,0.0
2016-01-01,2016-01-01,Barley,2015,6,6192.641,0.0,26.082,0.85,10.508333333333333,,570.1186666666666,286.98699999999997,5350.259,,,,False,CMFT_Engine,Balanced,0.0
2016-02-01,2016-02-01,Barley,2015,7,5350.259,0.0,1.653,0.85,10.508333333333333,,570.1186666666666,108.898,4661.537,,,,False,CMFT_Engine,Balanced,0.0
2016-03-01,2016-03-01,Barley,2015,8,4661.537,0.0,2.455,0.85,10.508333333333333,,570.1186666666666,104.725,3977.7900000000004,,,,False,CMFT_Engine,Balanced,-4.547473508864641e-13
2016-04-01,2016-04-01,Barley,2015,9,3977.7900000000004,0.0,27.602999999999998,0.85,10.508333333333333,,570.1186666666666,131.993,3291.9230000000002,,,,False,CMFT_Engine,Balanced,4.547473508864641e-13
2016-05-01,2016-05-01,Barley,2015,10,3291.9230000000002,0.0,2.685,0.85,10.508333333333333,,570.1186666666666,78.369,2634.762,,,,False,CMFT_Engine,Balanced,0.0
2016-06-01,2016-06-01,Barley,2015,11,2634.762,0.0,4.981,0.85,10.508333333333333,,570.1186666666666,26.927999999999997,2031.3380000000002,,,,False,CMFT_Engine,Balanced,4.547473508864641e-13
2016-07-01,2016-07-01,Barley,2015,12,2031.3380000000002,0.0,31.325000000000003,0.85,10.508333333333333,,570.1186666666666,38.486000000000004,1442.7,,,,True,CMFT_Engine,Balanced,0.0
2016-08-01,2016-08-01,Barley,2016,1,1442.7,8839.4,2.053,1.4583333333333333,6.183333333333334,,548.8530833333333,13.292,9714.366250000001,6.676222,5.5985,72.51765762972224,False,CMFT_Engine,Balanced,0.0
2016-09-01,2016-09-01,Barley,2016,2,9714.366250000001,0.0,1.665,1.4583333333333333,6.183333333333334,,548.8530833333333,9.761,9149.775500000002,,,,False,CMFT_Engine,Balanced,0.0
2016-10-01,2016-10-01,Barley,2016,3,9149.775500000002,0.0,2.649,1.4583333333333333,6.183333333333334,,548.8530833333333,99.56700000000001,8496.36275,,,,False,CMFT_Engine,Balanced,0.0
2016-11-01,2016-11-01,Barley,2016,4,8496.36275,0.0,3.077,1.4583333333333333,6.183333333333334,,548.8530833333333,166.71,7776.234999999999,,,,False,CMFT_Engine,Balanced,9.094947017729282e-13
2016-12-01,2016-12-01,Barley,2016,5,7776.234999999999,0.0,3.931,1.4583333333333333,6.183333333333334,,548.8530833333333,141.609,7082.062249999998,,,,False,CMFT_Engine,Balanced,0.0
2017-01-01,2017-01-01,Barley,2016,6,7082.062249999998,0.0,5.7059999999999995,1.4583333333333333,6.183333333333334,,548.8530833333333,83.961,6447.312499999998,,,,False,CMFT_Engine,Balanced,0.0
2017-02-01,2017-02-01,Barley,2016,7,6447.312499999998,0.0,12.012,1.4583333333333333,6.183333333333334,,548.8530833333333,141.485,5761.3447499999975,,,,False,CMFT_Engine,Balanced,9.094947017729282e-13
2017-03-01,2017-03-01,Barley,2016,8,5761.3447499999975,0.0,8.37,1.4583333333333333,6.183333333333334,,548.8530833333333,160.08100000000002,5053.138999999997,,,,False,CMFT_Engine,Balanced,0.0
2017-04-01,2017-04-01,Barley,2016,9,5053.138999999997,0.0,4.986000000000001,1.4583333333333333,6.183333333333334,,548.8530833333333,175.12199999999999,4326.508249999997,,,,False,CMFT_Engine,Balanced,0.0
2017-05-01,2017-05-01,Barley,2016,10,4326.508249999997,0.0,7.657,1.4583333333333333,6.183333333333334,,548.8530833333333,137.661,3640.0094999999974,,,,False,CMFT_Engine,Balanced,0.0
2017-06-01,2017-06-01,Barley,2016,11,3640.0094999999974,0.0,6.666,1.4583333333333333,6.183333333333334,,548.8530833333333,152.353,2937.8277499999976,,,,False,CMFT_Engine,Balanced,-4.547473508864641e-13
2017-07-01,2017-07-01,Barley,2016,12,2937.8277499999976,0.0,5.173,1.4583333333333333,6.183333333333334,,548.8530833333333,264.706,2121.8,,,,True,CMFT_Engine,Balanced,-3.183231456205249e-12
2017-08-01,2017-08-01,Barley,2017,1,2121.8,7891.3,7.79,1.7583333333333335,3.375,,562.11825,200.254,9253.384416666668,5.766,5.2223,69.40318489554411,False,CMFT_Engine,Balanced,0.0
2017-09-01,2017-09-01,Barley,2017,2,9253.384416666668,0.0,6.088,1.7583333333333335,3.375,,562.11825,85.97,8606.250833333335,,,,False,CMFT_Engine,Balanced,0.0
2017-10-01,2017-10-01,Barley,2017,3,8606.250833333335,0.0,4.869,1.7583333333333335,3.375,,562.11825,162.978,7880.890250000002,,,,False,CMFT_Engine,Balanced,9.094947017729282e-13
2017-11-01,2017-11-01,Barley,2017,4,7880.890250000002,0.0,8.078,1.7583333333333335,3.375,,562.11825,184.472,7137.244666666669,,,,False,CMFT_Engine,Balanced,0.0
2017-12-01,2017-12-01,Barley,2017,5,7137.244666666669,0.0,5.963,1.7583333333333335,3.375,,562.11825,168.366,6407.590083333336,,,,False,CMFT_Engine,Balanced,0.0
2018-01-01,2018-01-01,Barley,2017,6,6407.590083333336,0.0,3.928,1.7583333333333335,3.375,,562.11825,213.93400000000003,5630.332500000002,,,,False,CMFT_Engine,Balanced,9.094947017729282e-13
2018-02-01,2018-02-01,Barley,2017,7,5630.332500000002,0.0,5.472,1.7583333333333335,3.375,,562.11825,184.755,4883.797916666668,,,,False,CMFT_Engine,Balanced,9.094947017729282e-13
2018-03-01,2018-03-01,Barley,2017,8,4883.797916666668,0.0,3.846,1.7583333333333335,3.375,,562.11825,185.48600000000002,4134.906333333334,,,,False,CMFT_Engine,Balanced,9.094947017729282e-13
2018-04-01,2018-04-01,Barley,2017,9,4134.906333333334,0.0,2.6470000000000002,1.7583333333333335,3.375,,562.11825,261.781,3308.520750000001,,,,False,CMFT_Engine,Balanced,0.0
2018-05-01,2018-05-01,Barley,2017,10,3308.520750000001,0.0,3.1310000000000002,1.7583333333333335,3.375,,562.11825,183.90699999999998,2560.4931666666675,,,,False,CMFT_Engine,Balanced,0.0
2018-06-01,2018-06-01,Barley,2017,11,2560.4931666666675,0.0,2.2319999999999998,1.7583333333333335,3.375,,562.11825,21.863,1973.610583333334,,,,False,CMFT_Engine,Balanced,2.2737367544323206e-13
2018-07-01,2018-07-01,Barley,2017,12,1973.610583333334,0.0,4.873,1.7583333333333335,3.375,,562.11825,166.832,1244.4,,,,True,CMFT_Engine,Balanced,4.547473508864641e-13
2018-08-01,2018-08-01,Barley,2018,1,1244.4,8379.7,5.71,1.3583333333333334,25.075,,517.92425,67.247,9018.205416666666,6.4932,5.9186,65.02826160240598,False,CMFT_Engine,Balanced,0.0
2018-09-01,2018-09-01,Barley,2018,2,9018.205416666666,0.0,5.258,1.3583333333333334,25.075,,517.92425,66.025,8413.080833333332,,,,False,CMFT_Engine,Balanced,0.0
2018-10-01,2018-10-01,Barley,2018,3,8413.080833333332,0.0,1.891,1.3583333333333334,25.075,,517.92425,331.921,7538.6932499999975,,,,False,CMFT_Engine,Balanced,-9.094947017729282e-13
2018-11-01,2018-11-01,Barley,2018,4,7538.6932499999975,0.0,2.965,1.3583333333333334,25.075,,517.92425,256.68,6740.620666666664,,,,False,CMFT_Engine,Balanced,0.0
2018-12-01,2018-12-01,Barley,2018,5,6740.620666666664,0.0,1.7,1.3583333333333334,25.075,,517.92425,298.235,5899.728083333331,,,,False,CMFT_Engine,Balanced,0.0
2019-01-01,2019-01-01,Barley,2018,6,5899.728083333331,0.0,3.118,1.3583333333333334,25.075,,517.92425,216.824,5141.664499999998,,,,False,CMFT_Engine,Balanced,0.0
2019-02-01,2019-02-01,Barley,2018,7,5141.664499999998,0.0,3.0789999999999997,1.3583333333333334,25.075,,517.92425,197.922,4402.463916666665,,,,False,CMFT_Engine,Balanced,0.0
2019-03-01,2019-03-01,Barley,2018,8,4402.463916666665,0.0,4.576,1.3583333333333334,25.075,,517.92425,353.70399999999995,3508.9783333333316,,,,False,CMFT_Engine,Balanced,0.0
2019-04-01,2019-04-01,Barley,2018,9,3508.9783333333316,0.0,4.652,1.3583333333333334,25.075,,517.92425,235.239,2734.0337499999982,,,,False,CMFT_Engine,Balanced,4.547473508864641e-13
2019-05-01,2019-05-01,Barley,2018,10,2734.0337499999982,0.0,6.261,1.3583333333333334,25.075,,517.92425,81.369,2114.5681666666646,,,,False,CMFT_Engine,Balanced,4.547473508864641e-13
2019-06-01,2019-06-01,Barley,2018,11,2114.5681666666646,0.0,1.891,1.3583333333333334,25.075,,517.92425,106.041,1466.0605833333314,,,,False,CMFT_Engine,Balanced,4.547473508864641e-13
2019-07-01,2019-07-01,Barley,2018,12,1466.0605833333314,0.0,1.8039999999999998,1.3583333333333334,25.075,,517.92425,60.907,862.6,,,,True,CMFT_Engine,Balanced,-2.0463630789890885e-12
2019-08-01,2019-08-01,Barley,2019,1,862.6,10382.6,3.376,1.5250000000000001,21.641666666666666,,652.4918333333335,31.592,10541.3255,7.4021,6.74,70.75202744213651,False,CMFT_Engine,Balanced,0.0
2019-09-01,2019-09-01,Barley,2019,2,10541.3255,0.0,2.27,1.5250000000000001,21.641666666666666,,652.4918333333335,75.13199999999999,9792.805,,,,False,CMFT_Engine,Balanced,1.8189894035458565e-12
2019-10-01,2019-10-01,Barley,2019,3,9792.805,0.0,2.785,1.5250000000000001,21.641666666666666,,652.4918333333335,203.571,8916.3605,,,,False,CMFT_Engine,Balanced,0.0
2019-11-01,2019-11-01,Barley,2019,4,8916.3605,0.0,2.982,1.5250000000000001,21.641666666666666,,652.4918333333335,267.834,7975.85,,,,False,CMFT_Engine,Balanced,9.094947017729282e-13
2019-12-01,2019-12-01,Barley,2019,5,7975.85,0.0,5.095999999999999,1.5250000000000001,21.641666666666666,,652.4918333333335,329.872,6975.4155,,,,False,CMFT_Engine,Balanced,0.0
2020-01-01,2020-01-01,Barley,2019,6,6975.4155,0.0,6.1499999999999995,1.5250000000000001,21.641666666666666,,652.4918333333335,222.74800000000002,6083.159,,,,False,CMFT_Engine,Balanced,9.094947017729282e-13
2020-02-01,2020-02-01,Barley,2019,7,6083.159,0.0,5.515,1.5250000000000001,21.641666666666666,,652.4918333333335,130.228,5282.787499999999,,,,False,CMFT_Engine,Balanced,9.094947017729282e-13
2020-03-01,2020-03-01,Barley,2019,8,5282.787499999999,0.0,7.85,1.5250000000000001,21.641666666666666,,652.4918333333335,207.922,4407.057,,,,False,CMFT_Engine,Balanced,9.094947017729282e-13
2020-04-01,2020-04-01,Barley,2019,9,4407.057,0.0,3.3259999999999996,1.5250000000000001,21.641666666666666,,652.4918333333335,115.28800000000001,3619.4365,,,,False,CMFT_Engine,Balanced,4.547473508864641e-13
2020-05-01,2020-05-01,Barley,2019,10,3619.4365,0.0,4.3149999999999995,1.5250000000000001,21.641666666666666,,652.4918333333335,226.774,2721.3189999999995,,,,False,CMFT_Engine,Balanced,0.0
2020-06-01,2020-06-01,Barley,2019,11,2721.3189999999995,0.0,6.476999999999999,1.5250000000000001,21.641666666666666,,652.4918333333335,184.999,1867.138499999999,,,,False,CMFT_Engine,Balanced,-2.2737367544323206e-13
2020-07-01,2020-07-01,Barley,2019,12,1867.138499999999,0.0,13.138,1.5250000000000001,21.641666666666666,,652.4918333333335,248.118,956.5,,,,True,CMFT_Engine,Balanced,-1.1368683772161603e-12
2020-08-01,2020-08-01,Barley,2020,1,956.5,10740.6,16.708,1.55,23.325,,620.6586666666666,173.109,10895.165333333334,7.5612,6.9406,71.07619827680604,False,CMFT_Engine,Balanced,0.0
2020-09-01,2020-09-01,Barley,2020,2,10895.165333333334,0.0,11.209999999999999,1.55,23.325,,620.6586666666666,209.507,10051.334666666668,,,,False,CMFT_Engine,Balanced,0.0
2020-10-01,2020-10-01,Barley,2020,3,10051.334666666668,0.0,13.343,1.55,23.325,,620.6586666666666,364.225,9054.919000000002,,,,False,CMFT_Engine,Balanced,0.0
2020-11-01,2020-11-01,Barley,2020,4,9054.919000000002,0.0,16.177999999999997,1.55,23.325,,620.6586666666666,436.038,7989.525333333335,,,,False,CMFT_Engine,Balanced,0.0
2020-12-01,2020-12-01,Barley,2020,5,7989.525333333335,0.0,20.54,1.55,23.325,,620.6586666666666,288.344,7076.1876666666685,,,,False,CMFT_Engine,Balanced,0.0
2021-01-01,2021-01-01,Barley,2020,6,7076.1876666666685,0.0,22.416,1.55,23.325,,620.6586666666666,314.62699999999995,6138.443000000003,,,,False,CMFT_Engine,Balanced,0.0
2021-02-01,2021-02-01,Barley,2020,7,6138.443000000003,0.0,28.413,1.55,23.325,,620.6586666666666,328.127,5193.195333333336,,,,False,CMFT_Engine,Balanced,0.0
2021-03-01,2021-03-01,Barley,2020,8,5193.195333333336,0.0,37.19,1.55,23.325,,620.6586666666666,338.63,4246.221666666669,,,,False,CMFT_Engine,Balanced,0.0
2021-04-01,2021-04-01,Barley,2020,9,4246.221666666669,0.0,31.527,1.55,23.325,,620.6586666666666,533.541,3098.6740000000023,,,,False,CMFT_Engine,Balanced,0.0
2021-05-01,2021-05-01,Barley,2020,10,3098.6740000000023,0.0,32.079,1.55,23.325,,620.6586666666666,379.29499999999996,2105.9243333333357,,,,False,CMFT_Engine,Balanced,0.0
2021-06-01,2021-06-01,Barley,2020,11,2105.9243333333357,0.0,33.019,1.55,23.325,,620.6586666666666,124.51299999999999,1368.8966666666688,,,,False,CMFT_Engine,Balanced,0.0
2021-07-01,2021-07-01,Barley,2020,12,1368.8966666666688,0.0,31.597,1.55,23.325,,620.6586666666666,44.16,710.8,,,,True,CMFT_Engine,Balanced,2.2737367544323206e-12
2021-08-01,2021-08-01,Barley,2021,1,710.8,6983.9,19.636000000000003,1.4749999999999999,22.21666666666667,,426.1914166666666,11.401,7253.051916666667,8.322139,7.440857,43.108977022404815,False,CMFT_Engine,Balanced,0.0
2021-09-01,2021-09-01,Barley,2021,2,7253.051916666667,0.0,14.629,1.4749999999999999,22.21666666666667,,426.1914166666666,366.20300000000003,6451.594833333334,,,,False,CMFT_Engine,Balanced,0.0
2021-10-01,2021-10-01,Barley,2021,3,6451.594833333334,0.0,10.545,1.4749999999999999,22.21666666666667,,426.1914166666666,611.519,5400.73775,,,,False,CMFT_Engine,Balanced,0.0
2021-11-01,2021-11-01,Barley,2021,4,5400.73775,0.0,20.751,1.4749999999999999,22.21666666666667,,426.1914166666666,222.71200000000002,4748.893666666667,,,,False,CMFT_Engine,Balanced,0.0
2021-12-01,2021-12-01,Barley,2021,5,4748.893666666667,0.0,3.851,1.4749999999999999,22.21666666666667,,426.1914166666666,237.253,4065.6085833333336,,,,False,CMFT_Engine,Balanced,-4.547473508864641e-13
2022-01-01,2022-01-01,Barley,2021,6,4065.6085833333336,0.0,26.622,1.4749999999999999,22.21666666666667,,426.1914166666666,69.618,3572.7295000000004,,,,False,CMFT_Engine,Balanced,0.0
2022-02-01,2022-02-01,Barley,2021,7,3572.7295000000004,0.0,30.753,1.4749999999999999,22.21666666666667,,426.1914166666666,96.597,3057.002416666667,,,,False,CMFT_Engine,Balanced,0.0
2022-03-01,2022-03-01,Barley,2021,8,3057.002416666667,0.0,0.982,1.4749999999999999,22.21666666666667,,426.1914166666666,89.318,2518.7833333333338,,,,False,CMFT_Engine,Balanced,0.0
2022-04-01,2022-04-01,Barley,2021,9,2518.7833333333338,0.0,34.775,1.4749999999999999,22.21666666666667,,426.1914166666666,40.544999999999995,2063.1302500000006,,,,False,CMFT_Engine,Balanced,0.0
2022-05-01,2022-05-01,Barley,2021,10,2063.1302500000006,0.0,1.382,1.4749999999999999,22.21666666666667,,426.1914166666666,29.744000000000003,1584.8851666666674,,,,False,CMFT_Engine,Balanced,2.2737367544323206e-13
2022-06-01,2022-06-01,Barley,2021,11,1584.8851666666674,0.0,33.313,1.4749999999999999,22.21666666666667,,426.1914166666666,91.33,1076.9850833333342,,,,False,CMFT_Engine,Balanced,2.2737367544323206e-13
2022-07-01,2022-07-01,Barley,2021,12,1076.9850833333342,0.0,30.881,1.4749999999999999,22.21666666666667,,426.1914166666666,115.18299999999999,542.8,,,,True,CMFT_Engine,Balanced,1.1368683772161603e-12
2022-08-01,2022-08-01,Barley,2022,1,542.8,9986.7,4.753,1.5416666666666667,7.175,,549.51175,92.05000000000001,9883.974583333335,7.0447,6.5131,70.42501056639695,False,CMFT_Engine,Balanced,1.8189894035458565e-12
2022-09-01,2022-09-01,Barley,2022,2,9883.974583333335,0.0,4.26,1.5416666666666667,7.175,,549.51175,277.235,9052.77116666667,,,,False,CMFT_Engine,Balanced,0.0
2022-10-01,2022-10-01,Barley,2022,3,9052.77116666667,0.0,2.0629999999999997,1.5416666666666667,7.175,,549.51175,449.401,8047.204750000003,,,,False,CMFT_Engine,Balanced,1.8189894035458565e-12
2022-11-01,2022-11-01,Barley,2022,4,8047.204750000003,0.0,1.391,1.5416666666666667,7.175,,549.51175,476.791,7013.576333333336,,,,False,CMFT_Engine,Balanced,-9.094947017729282e-13
2022-12-01,2022-12-01,Barley,2022,5,7013.576333333336,0.0,1.014,1.5416666666666667,7.175,,549.51175,304.063,6152.29891666667,,,,False,CMFT_Engine,Balanced,-9.094947017729282e-13
2023-01-01,2023-01-01,Barley,2022,6,6152.29891666667,0.0,0.78,1.5416666666666667,7.175,,549.51175,219.075,5375.775500000003,,,,False,CMFT_Engine,Balanced,0.0
2023-02-01,2023-02-01,Barley,2022,7,5375.775500000003,0.0,2.259,1.5416666666666667,7.175,,549.51175,306.068,4513.738083333337,,,,False,CMFT_Engine,Balanced,-9.094947017729282e-13
2023-03-01,2023-03-01,Barley,2022,8,4513.738083333337,0.0,1.064,1.5416666666666667,7.175,,549.51175,277.375,3679.198666666671,,,,False,CMFT_Engine,Balanced,-9.094947017729282e-13
2023-04-01,2023-04-01,Barley,2022,9,3679.198666666671,0.0,1.5419999999999998,1.5416666666666667,7.175,,549.51175,188.78,2933.732250000004,,,,False,CMFT_Engine,Balanced,0.0
2023-05-01,2023-05-01,Barley,2022,10,2933.732250000004,0.0,2.045,1.5416666666666667,7.175,,549.51175,296.70300000000003,2080.8458333333374,,,,False,CMFT_Engine,Balanced,0.0
2023-06-01,2023-06-01,Barley,2022,11,2080.8458333333374,0.0,1.184,1.5416666666666667,7.175,,549.51175,192.572,1331.229416666671,,,,False,CMFT_Engine,Balanced,-4.547473508864641e-13
2023-07-01,2023-07-01,Barley,2022,12,1331.229416666671,0.0,3.054,1.5416666666666667,7.175,,549.51175,67.555,708.5,,,,True,CMFT_Engine,Balanced,4.547473508864641e-12
2023-08-01,2023-08-01,Barley,2023,1,708.5,8905.4,12.504,1.55,5.925,,514.9606666666667,13.764999999999999,9090.203333333335,7.3306,6.6786,61.24359294462912,False,CMFT_Engine,Balanced,1.8189894035458565e-12
2023-09-01,2023-09-01,Barley,2023,2,9090.203333333335,0.0,7.352,1.55,5.925,,514.9606666666667,106.931,8468.188666666669,,,,False,CMFT_Engine,Balanced,1.8189894035458565e-12
2023-10-01,2023-10-01,Barley,2023,3,8468.188666666669,0.0,5.659000000000001,1.55,5.925,,514.9606666666667,276.22,7675.192000000002,,,,False,CMFT_Engine,Balanced,9.094947017729282e-13
2023-11-01,2023-11-01,Barley,2023,4,7675.192000000002,0.0,7.811,1.55,5.925,,514.9606666666667,389.613,6770.954333333335,,,,False,CMFT_Engine,Balanced,-9.094947017729282e-13
2023-12-01,2023-12-01,Barley,2023,5,6770.954333333335,0.0,5.717,1.55,5.925,,514.9606666666667,96.49499999999999,6157.7406666666675,,,,False,CMFT_Engine,Balanced,0.0
2024-01-01,2024-01-01,Barley,2023,6,6157.7406666666675,0.0,5.4879999999999995,1.55,5.925,,514.9606666666667,69.93,5570.863000000001,,,,False,CMFT_Engine,Balanced,-9.094947017729282e-13
2024-02-01,2024-02-01,Barley,2023,7,5570.863000000001,0.0,4.271999999999999,1.55,5.925,,514.9606666666667,238.514,4814.185333333335,,,,False,CMFT_Engine,Balanced,-9.094947017729282e-13
2024-03-01,2024-03-01,Barley,2023,8,4814.185333333335,0.0,8.796999999999999,1.55,5.925,,514.9606666666667,167.25900000000001,4133.287666666667,,,,False,CMFT_Engine,Balanced,0.0
2024-04-01,2024-04-01,Barley,2023,9,4133.287666666667,0.0,12.001,1.55,5.925,,514.9606666666667,332.49,3290.3630000000003,,,,False,CMFT_Engine,Balanced,0.0
2024-05-01,2024-05-01,Barley,2023,10,3290.3630000000003,0.0,9.769,1.55,5.925,,514.9606666666667,195.774,2581.9223333333334,,,,False,CMFT_Engine,Balanced,-4.547473508864641e-13
2024-06-01,2024-06-01,Barley,2023,11,2581.9223333333334,0.0,14.827,1.55,5.925,,514.9606666666667,378.931,1695.3826666666669,,,,False,CMFT_Engine,Balanced,-4.547473508864641e-13
2024-07-01,2024-07-01,Barley,2023,12,1695.3826666666669,0.0,23.404,1.55,5.925,,514.9606666666667,44.751,1151.6,,,,True,CMFT_Engine,Balanced,2.2737367544323206e-13
2024-08-01,2024-08-01,Barley,2024,1,1151.6,8143.9,15.977,1.55,6.191666666666666,,501.71225,119.033,8682.990083333334,6.4054,5.9156,63.23045328284536,False,CMFT_Engine,Balanced,0.0
2024-09-01,2024-09-01,Barley,2024,2,8682.990083333334,0.0,8.852,1.55,6.191666666666666,,501.71225,160.515,8021.873166666669,,,,False,CMFT_Engine,Balanced,-9.094947017729282e-13
2024-10-01,2024-10-01,Barley,2024,3,8021.873166666669,0.0,11.677,1.55,6.191666666666666,,501.71225,378.744,7145.352250000003,,,,False,CMFT_Engine,Balanced,0.0
2024-11-01,2024-11-01,Barley,2024,4,7145.352250000003,0.0,14.476,1.55,6.191666666666666,,501.71225,305.5,6344.874333333336,,,,False,CMFT_Engine,Balanced,0.0
2024-12-01,2024-12-01,Barley,2024,5,6344.874333333336,0.0,12.141,1.55,6.191666666666666,,501.71225,179.39499999999998,5668.16641666667,,,,False,CMFT_Engine,Balanced,-9.094947017729282e-13
2025-01-01,2025-01-01,Barley,2024,6,5668.16641666667,0.0,12.78,1.55,6.191666666666666,,501.71225,47.045,5124.447500000003,,,,False,CMFT_Engine,Balanced,0.0
2025-02-01,2025-02-01,Barley,2024,7,5124.447500000003,0.0,19.383000000000003,1.55,6.191666666666666,,501.71225,121.964,4512.412583333336,,,,False,CMFT_Engine,Balanced,0.0
2025-03-01,2025-03-01,Barley,2024,8,4512.412583333336,0.0,2.31,1.55,6.191666666666666,,501.71225,214.34599999999998,3790.9226666666705,,,,False,CMFT_Engine,Balanced,-4.547473508864641e-13
2025-04-01,2025-04-01,Barley,2024,9,3790.9226666666705,0.0,2.886,1.55,6.191666666666666,,501.71225,182.602,3101.7527500000037,,,,False,CMFT_Engine,Balanced,0.0
2025-05-01,2025-05-01,Barley,2024,10,3101.7527500000037,0.0,5.784,1.55,6.191666666666666,,501.71225,207.92,2390.162833333337,,,,False,CMFT_Engine,Balanced,0.0
2025-06-01,2025-06-01,Barley,2024,11,2390.162833333337,0.0,20.937,1.55,6.191666666666666,,501.71225,133.17600000000002,1768.46991666667,,,,False,CMFT_Engine,Balanced,0.0
2025-07-01,2025-07-01,Barley,2024,12,1768.46991666667,0.0,41.731,1.55,6.191666666666666,,501.71225,52.047,1248.7,,,,True,CMFT_Engine,Balanced,3.410605131648481e-12
2025-08-01,2025-08-01,Barley,2025,1,1248.7,9725.2,19.843,1.55,23.825,,531.5735833333334,68.15599999999999,10368.638416666668,6.1358,5.627,79.38058395592678,False,CMFT_Engine,Balanced,0.0
2025-09-01,2025-09-01,Barley,2025,2,10368.638416666668,0.0,6.516,1.55,23.825,,531.5735833333334,222.518,9595.687833333335,,,,False,CMFT_Engine,Balanced,0.0
2025-10-01,2025-10-01,Barley,2025,3,9595.687833333335,0.0,7.58,1.55,23.825,,531.5735833333334,735.687,8310.632250000002,,,,False,CMFT_Engine,Balanced,0.0
2025-11-01,2025-11-01,Barley,2025,4,8310.632250000002,0.0,5.385000000000001,1.55,23.825,,531.5735833333334,196.002,7563.066666666668,,,,False,CMFT_Engine,Balanced,0.0
2025-12-01,2025-12-01,Barley,2025,5,7563.066666666668,0.0,8.288,1.55,23.825,,531.5735833333334,237.621,6776.785083333334,,,,False,CMFT_Engine,Balanced,0.0
2026-01-01,2026-01-01,Barley,2025,6,6776.785083333334,0.0,7.6049999999999995,1.55,23.825,,531.5735833333334,137.48399999999998,6089.9574999999995,,,,False,CMFT_Engine,Balanced,0.0
2026-02-01,2026-02-01,Barley,2025,7,6089.9574999999995,0.0,9.971,1.55,23.825,,531.5735833333334,505.08699999999993,5037.892916666665,,,,False,CMFT_Engine,Balanced,9.094947017729282e-13
2026-03-01,2026-03-01,Barley,2025,8,5037.892916666665,0.0,12.568999999999999,1.55,23.825,,531.5735833333334,338.533,4154.980333333331,,,,False,CMFT_Engine,Balanced,0.0
2026-04-01,2026-04-01,Barley,2025,9,4154.980333333331,0.0,21.809,1.55,23.825,,531.5735833333334,404.636,3215.204749999998,,,,False,CMFT_Engine,Balanced,0.0
2026-05-01,2026-05-01,Barley,2025,10,3215.204749999998,0.0,18.101,1.55,23.825,,531.5735833333334,322.206,2354.1511666666647,,,,False,CMFT_Engine,Balanced,0.0
2026-06-01,2026-06-01,Barley,2025,11,2354.1511666666647,0.0,15.99,1.55,23.825,,531.5735833333334,186.717,1626.475583333331,,,,False,CMFT_Engine,Balanced,0.0
2026-07-01,2026-07-01,Barley,2025,12,1626.475583333331,0.0,19.601,1.55,23.825,,531.5735833333334,149.128,940.0,,,,True,CMFT_Engine,Balanced,-2.0463630789890885e-12
1996-08-01,1996-08-01,Canola,1996,1,1030.0,5062.3,,0.0,,225.99166666666667,234.78333333333327,,5631.525000000001,8.7479,8.5274,26.17555910945892,False,CMFT_Engine,Balanced,0.0
1996-09-01,1996-09-01,Canola,1996,2,5631.525000000001,0.0,,0.0,,225.99166666666667,234.78333333333327,,5170.750000000001,,,,False,CMFT_Engine,Balanced,0.0
1996-10-01,1996-10-01,Canola,1996,3,5170.750000000001,0.0,,0.0,,225.99166666666667,234.78333333333327,,4709.975000000001,,,,False,CMFT_Engine,Balanced,0.0
1996-11-01,1996-11-01,Canola,1996,4,4709.975000000001,0.0,,0.0,,225.99166666666667,234.78333333333327,,4249.200000000002,,,,False,CMFT_Engine,Balanced,0.0
1996-12-01,1996-12-01,Canola,1996,5,4249.200000000002,0.0,,0.0,,225.99166666666667,234.78333333333327,,3788.4250000000015,,,,False,CMFT_Engine,Balanced,0.0
1997-01-01,1997-01-01,Canola,1996,6,3788.4250000000015,0.0,,0.0,,225.99166666666667,234.78333333333327,,3327.6500000000015,,,,False,CMFT_Engine,Balanced,0.0
1997-02-01,1997-02-01,Canola,1996,7,3327.6500000000015,0.0,,0.0,,225.99166666666667,234.78333333333327,,2866.8750000000014,,,,False,CMFT_Engine,Balanced,0.0
1997-03-01,1997-03-01,Canola,1996,8,2866.8750000000014,0.0,,0.0,,225.99166666666667,234.78333333333327,,2406.1000000000013,,,,False,CMFT_Engine,Balanced,0.0
1997-04-01,1997-04-01,Canola,1996,9,2406.1000000000013,0.0,,0.0,,225.99166666666667,234.78333333333327,,1945.3250000000012,,,,False,CMFT_Engine,Balanced,0.0
1997-05-01,1997-05-01,Canola,1996,10,1945.3250000000012,0.0,,0.0,,225.99166666666667,234.78333333333327,,1484.550000000001,,,,False,CMFT_Engine,Balanced,0.0
1997-06-01,1997-06-01,Canola,1996,11,1484.550000000001,0.0,,0.0,,225.99166666666667,234.78333333333327,,1023.775000000001,,,,False,CMFT_Engine,Balanced,0.0
1997-07-01,1997-07-01,Canola,1996,12,1023.775000000001,0.0,,0.0,,225.99166666666667,234.78333333333327,,563.0,,,,True,CMFT_Engine,Balanced,1.0231815394945443e-12
1997-08-01,1997-08-01,Canola,1997,1,563.0,6393.1,,0.0,,269.90000000000003,279.525,,6406.675000000001,12.1228,12.0328,23.426614067382488,False,CMFT_Engine,Balanced,0.0
1997-09-01,1997-09-01,Canola,1997,2,6406.675000000001,0.0,,0.0,,269.90000000000003,279.525,,5857.250000000002,,,,False,CMFT_Engine,Balanced,0.0
1997-10-01,1997-10-01,Canola,1997,3,5857.250000000002,0.0,,0.0,,269.90000000000003,279.525,,5307.825000000003,,,,False,CMFT_Engine,Balanced,0.0
1997-11-01,1997-11-01,Canola,1997,4,5307.825000000003,0.0,,0.0,,269.90000000000003,279.525,,4758.400000000003,,,,False,CMFT_Engine,Balanced,0.0
1997-12-01,1997-12-01,Canola,1997,5,4758.400000000003,0.0,,0.0,,269.90000000000003,279.525,,4208.975000000004,,,,False,CMFT_Engine,Balanced,0.0
1998-01-01,1998-01-01,Canola,1997,6,4208.975000000004,0.0,,0.0,,269.90000000000003,279.525,,3659.550000000004,,,,False,CMFT_Engine,Balanced,0.0
1998-02-01,1998-02-01,Canola,1997,7,3659.550000000004,0.0,,0.0,,269.90000000000003,279.525,,3110.1250000000036,,,,False,CMFT_Engine,Balanced,0.0
1998-03-01,1998-03-01,Canola,1997,8,3110.1250000000036,0.0,,0.0,,269.90000000000003,279.525,,2560.7000000000035,,,,False,CMFT_Engine,Balanced,0.0
1998-04-01,1998-04-01,Canola,1997,9,2560.7000000000035,0.0,,0.0,,269.90000000000003,279.525,,2011.2750000000033,,,,False,CMFT_Engine,Balanced,0.0
1998-05-01,1998-05-01,Canola,1997,10,2011.2750000000033,0.0,,0.0,,269.90000000000003,279.525,,1461.850000000003,,,,False,CMFT_Engine,Balanced,0.0
1998-06-01,1998-06-01,Canola,1997,11,1461.850000000003,0.0,,0.0,,269.90000000000003,279.525,,912.425000000003,,,,False,CMFT_Engine,Balanced,0.0
1998-07-01,1998-07-01,Canola,1997,12,912.425000000003,0.0,,0.0,,269.90000000000003,279.525,,363.0,,,,True,CMFT_Engine,Balanced,3.069544618483633e-12
1998-08-01,1998-08-01,Canola,1998,1,363.0,7643.3,,0.0,,255.20833333333334,359.2333333333333,,7391.858333333334,13.5348,13.4148,25.122417423293676,False,CMFT_Engine,Balanced,0.0
1998-09-01,1998-09-01,Canola,1998,2,7391.858333333334,0.0,,0.0,,255.20833333333334,359.2333333333333,,6777.416666666667,,,,False,CMFT_Engine,Balanced,0.0
1998-10-01,1998-10-01,Canola,1998,3,6777.416666666667,0.0,,0.0,,255.20833333333334,359.2333333333333,,6162.975,,,,False,CMFT_Engine,Balanced,0.0
1998-11-01,1998-11-01,Canola,1998,4,6162.975,0.0,,0.0,,255.20833333333334,359.2333333333333,,5548.533333333334,,,,False,CMFT_Engine,Balanced,0.0
1998-12-01,1998-12-01,Canola,1998,5,5548.533333333334,0.0,,0.0,,255.20833333333334,359.2333333333333,,4934.091666666667,,,,False,CMFT_Engine,Balanced,0.0
1999-01-01,1999-01-01,Canola,1998,6,4934.091666666667,0.0,,0.0,,255.20833333333334,359.2333333333333,,4319.650000000001,,,,False,CMFT_Engine,Balanced,0.0
1999-02-01,1999-02-01,Canola,1998,7,4319.650000000001,0.0,,0.0,,255.20833333333334,359.2333333333333,,3705.208333333334,,,,False,CMFT_Engine,Balanced,0.0
1999-03-01,1999-03-01,Canola,1998,8,3705.208333333334,0.0,,0.0,,255.20833333333334,359.2333333333333,,3090.7666666666673,,,,False,CMFT_Engine,Balanced,0.0
1999-04-01,1999-04-01,Canola,1998,9,3090.7666666666673,0.0,,0.0,,255.20833333333334,359.2333333333333,,2476.3250000000007,,,,False,CMFT_Engine,Balanced,0.0
1999-05-01,1999-05-01,Canola,1998,10,2476.3250000000007,0.0,,0.0,,255.20833333333334,359.2333333333333,,1861.883333333334,,,,False,CMFT_Engine,Balanced,0.0
1999-06-01,1999-06-01,Canola,1998,11,1861.883333333334,0.0,,0.0,,255.20833333333334,359.2333333333333,,1247.4416666666673,,,,False,CMFT_Engine,Balanced,0.0
1999-07-01,1999-07-01,Canola,1998,12,1247.4416666666673,0.0,,0.0,,255.20833333333334,359.2333333333333,,633.0,,,,True,CMFT_Engine,Balanced,6.821210263296962e-13
1999-08-01,1999-08-01,Canola,1999,1,633.0,8798.3,,0.0,,248.61666666666667,357.5749999999998,,8825.108333333334,13.8347,13.7497,28.21436414976327,False,CMFT_Engine,Balanced,0.0
1999-09-01,1999-09-01,Canola,1999,2,8825.108333333334,0.0,,0.0,,248.61666666666667,357.5749999999998,,8218.916666666668,,,,False,CMFT_Engine,Balanced,0.0
1999-10-01,1999-10-01,Canola,1999,3,8218.916666666668,0.0,,0.0,,248.61666666666667,357.5749999999998,,7612.725000000001,,,,False,CMFT_Engine,Balanced,0.0
1999-11-01,1999-11-01,Canola,1999,4,7612.725000000001,0.0,,0.0,,248.61666666666667,357.5749999999998,,7006.533333333335,,,,False,CMFT_Engine,Balanced,0.0
1999-12-01,1999-12-01,Canola,1999,5,7006.533333333335,0.0,,0.0,,248.61666666666667,357.5749999999998,,6400.341666666668,,,,False,CMFT_Engine,Balanced,0.0
2000-01-01,2000-01-01,Canola,1999,6,6400.341666666668,0.0,,0.0,,248.61666666666667,357.5749999999998,,5794.1500000000015,,,,False,CMFT_Engine,Balanced,0.0
2000-02-01,2000-02-01,Canola,1999,7,5794.1500000000015,0.0,,0.0,,248.61666666666667,357.5749999999998,,5187.958333333335,,,,False,CMFT_Engine,Balanced,0.0
2000-03-01,2000-03-01,Canola,1999,8,5187.958333333335,0.0,,0.0,,248.61666666666667,357.5749999999998,,4581.766666666668,,,,False,CMFT_Engine,Balanced,0.0
2000-04-01,2000-04-01,Canola,1999,9,4581.766666666668,0.0,,0.0,,248.61666666666667,357.5749999999998,,3975.5750000000016,,,,False,CMFT_Engine,Balanced,0.0
2000-05-01,2000-05-01,Canola,1999,10,3975.5750000000016,0.0,,0.0,,248.61666666666667,357.5749999999998,,3369.383333333335,,,,False,CMFT_Engine,Balanced,0.0
2000-06-01,2000-06-01,Canola,1999,11,3369.383333333335,0.0,,0.0,,248.61666666666667,357.5749999999998,,2763.1916666666684,,,,False,CMFT_Engine,Balanced,0.0
2000-07-01,2000-07-01,Canola,1999,12,2763.1916666666684,0.0,,0.0,,248.61666666666667,357.5749999999998,,2157.0,,,,True,CMFT_Engine,Balanced,1.8189894035458565e-12
2000-08-01,2000-08-01,Canola,2000,1,2157.0,7205.3,,0.0,,251.09166666666667,438.4333333333332,,8672.775,12.1998,12.0074,26.45865801505738,False,CMFT_Engine,Balanced,0.0
2000-09-01,2000-09-01,Canola,2000,2,8672.775,0.0,,0.0,,251.09166666666667,438.4333333333332,,7983.249999999999,,,,False,CMFT_Engine,Balanced,0.0
2000-10-01,2000-10-01,Canola,2000,3,7983.249999999999,0.0,,0.0,,251.09166666666667,438.4333333333332,,7293.724999999999,,,,False,CMFT_Engine,Balanced,0.0
2000-11-01,2000-11-01,Canola,2000,4,7293.724999999999,0.0,,0.0,,251.09166666666667,438.4333333333332,,6604.2,,,,False,CMFT_Engine,Balanced,0.0
2000-12-01,2000-12-01,Canola,2000,5,6604.2,0.0,,0.0,,251.09166666666667,438.4333333333332,,5914.675,,,,False,CMFT_Engine,Balanced,0.0
2001-01-01,2001-01-01,Canola,2000,6,5914.675,0.0,,0.0,,251.09166666666667,438.4333333333332,,5225.150000000001,,,,False,CMFT_Engine,Balanced,0.0
2001-02-01,2001-02-01,Canola,2000,7,5225.150000000001,0.0,,0.0,,251.09166666666667,438.4333333333332,,4535.625000000001,,,,False,CMFT_Engine,Balanced,0.0
2001-03-01,2001-03-01,Canola,2000,8,4535.625000000001,0.0,,0.0,,251.09166666666667,438.4333333333332,,3846.1000000000013,,,,False,CMFT_Engine,Balanced,0.0
2001-04-01,2001-04-01,Canola,2000,9,3846.1000000000013,0.0,,0.0,,251.09166666666667,438.4333333333332,,3156.575000000001,,,,False,CMFT_Engine,Balanced,0.0
2001-05-01,2001-05-01,Canola,2000,10,3156.575000000001,0.0,,0.0,,251.09166666666667,438.4333333333332,,2467.050000000001,,,,False,CMFT_Engine,Balanced,0.0
2001-06-01,2001-06-01,Canola,2000,11,2467.050000000001,0.0,,0.0,,251.09166666666667,438.4333333333332,,1777.5250000000012,,,,False,CMFT_Engine,Balanced,0.0
2001-07-01,2001-07-01,Canola,2000,12,1777.5250000000012,0.0,,0.0,,251.09166666666667,438.4333333333332,,1088.0,,,,True,CMFT_Engine,Balanced,1.3642420526593924e-12
2001-08-01,2001-08-01,Canola,2001,1,1088.0,5017.1,0.0,0.0,,191.1,116.27275000000013,0.0,5797.72725,9.4559,9.3534,23.650916431458082,False,CMFT_Engine,Balanced,0.0
2001-09-01,2001-09-01,Canola,2001,2,5797.72725,0.0,0.0,0.0,,191.1,116.27275000000013,0.0,5490.3544999999995,,,,False,CMFT_Engine,Balanced,0.0
2001-10-01,2001-10-01,Canola,2001,3,5490.3544999999995,0.0,0.0,0.0,,191.1,116.27275000000013,0.0,5182.981749999999,,,,False,CMFT_Engine,Balanced,0.0
2001-11-01,2001-11-01,Canola,2001,4,5182.981749999999,0.0,0.0,0.0,,191.1,116.27275000000013,0.0,4875.608999999999,,,,False,CMFT_Engine,Balanced,0.0
2001-12-01,2001-12-01,Canola,2001,5,4875.608999999999,0.0,0.0,0.0,,191.1,116.27275000000013,0.0,4568.236249999998,,,,False,CMFT_Engine,Balanced,0.0
2002-01-01,2002-01-01,Canola,2001,6,4568.236249999998,0.0,21.822,0.0,,191.1,116.27275000000013,146.16700000000003,4136.518499999998,,,,False,CMFT_Engine,Balanced,-9.094947017729282e-13
2002-02-01,2002-02-01,Canola,2001,7,4136.518499999998,0.0,15.629000000000001,0.0,,191.1,116.27275000000013,261.216,3583.5587499999983,,,,False,CMFT_Engine,Balanced,0.0
2002-03-01,2002-03-01,Canola,2001,8,3583.5587499999983,0.0,15.234,0.0,,191.1,116.27275000000013,189.921,3101.498999999998,,,,False,CMFT_Engine,Balanced,4.547473508864641e-13
2002-04-01,2002-04-01,Canola,2001,9,3101.498999999998,0.0,15.703,0.0,,191.1,116.27275000000013,134.692,2675.137249999998,,,,False,CMFT_Engine,Balanced,0.0
2002-05-01,2002-05-01,Canola,2001,10,2675.137249999998,0.0,5.267,0.0,,191.1,116.27275000000013,196.44600000000003,2176.5854999999974,,,,False,CMFT_Engine,Balanced,4.547473508864641e-13
2002-06-01,2002-06-01,Canola,2001,11,2176.5854999999974,0.0,9.922,0.0,,191.1,116.27275000000013,184.32000000000002,1694.8147499999973,,,,False,CMFT_Engine,Balanced,2.2737367544323206e-13
2002-07-01,2002-07-01,Canola,2001,12,1694.8147499999973,0.0,15.03,0.0,,191.1,116.27275000000013,152.872,1249.6,,,,True,CMFT_Engine,Balanced,-2.7284841053187847e-12
2002-08-01,2002-08-01,Canola,2002,1,1249.6,4520.5,12.638,0.0,,185.40833333333333,39.0915833333334,110.128,5448.110083333333,9.5798,8.9648,22.233641157638765,False,CMFT_Engine,Balanced,0.0
2002-09-01,2002-09-01,Canola,2002,2,5448.110083333333,0.0,31.983999999999998,0.0,,185.40833333333333,39.0915833333334,76.54499999999999,5179.049166666667,,,,False,CMFT_Engine,Balanced,-9.094947017729282e-13
2002-10-01,2002-10-01,Canola,2002,3,5179.049166666667,0.0,33.512,0.0,,185.40833333333333,39.0915833333334,302.921,4685.1402499999995,,,,False,CMFT_Engine,Balanced,-9.094947017729282e-13
2002-11-01,2002-11-01,Canola,2002,4,4685.1402499999995,0.0,22.019,0.0,,185.40833333333333,39.0915833333334,271.653,4211.006333333333,,,,False,CMFT_Engine,Balanced,-9.094947017729282e-13
2002-12-01,2002-12-01,Canola,2002,5,4211.006333333333,0.0,27.902,0.0,,185.40833333333333,39.0915833333334,250.428,3763.9804166666663,,,,False,CMFT_Engine,Balanced,0.0
2003-01-01,2003-01-01,Canola,2002,6,3763.9804166666663,0.0,23.524,0.0,,185.40833333333333,39.0915833333334,121.786,3441.2184999999995,,,,False,CMFT_Engine,Balanced,0.0
2003-02-01,2003-02-01,Canola,2002,7,3441.2184999999995,0.0,16.884,0.0,,185.40833333333333,39.0915833333334,172.51699999999997,3061.085583333333,,,,False,CMFT_Engine,Balanced,0.0
2003-03-01,2003-03-01,Canola,2002,8,3061.085583333333,0.0,9.940000000000001,0.0,,185.40833333333333,39.0915833333334,246.01100000000002,2600.5146666666665,,,,False,CMFT_Engine,Balanced,0.0
2003-04-01,2003-04-01,Canola,2002,9,2600.5146666666665,0.0,19.136,0.0,,185.40833333333333,39.0915833333334,178.53900000000002,2216.6117499999996,,,,False,CMFT_Engine,Balanced,0.0
2003-05-01,2003-05-01,Canola,2002,10,2216.6117499999996,0.0,15.255999999999998,0.0,,185.40833333333333,39.0915833333334,223.581,1783.7868333333327,,,,False,CMFT_Engine,Balanced,2.2737367544323206e-13
2003-06-01,2003-06-01,Canola,2002,11,1783.7868333333327,0.0,9.471,0.0,,185.40833333333333,39.0915833333334,242.753,1326.0049166666658,,,,False,CMFT_Engine,Balanced,2.2737367544323206e-13
2003-07-01,2003-07-01,Canola,2002,12,1326.0049166666658,0.0,17.336000000000002,0.0,,185.40833333333333,39.0915833333334,224.64100000000002,894.2,,,,True,CMFT_Engine,Balanced,-9.094947017729282e-13
2003-08-01,2003-08-01,Canola,2003,1,894.2,6771.2,18.828000000000003,0.0,,282.46666666666664,12.274083333333266,211.528,7177.95925,11.7022,11.5872,25.766288318144163,False,CMFT_Engine,Balanced,0.0
2003-09-01,2003-09-01,Canola,2003,2,7177.95925,0.0,36.593,0.0,,282.46666666666664,12.274083333333266,298.391,6621.420499999999,,,,False,CMFT_Engine,Balanced,9.094947017729282e-13
2003-10-01,2003-10-01,Canola,2003,3,6621.420499999999,0.0,24.013,0.0,,282.46666666666664,12.274083333333266,515.689,5835.003749999999,,,,False,CMFT_Engine,Balanced,0.0
2003-11-01,2003-11-01,Canola,2003,4,5835.003749999999,0.0,28.410999999999998,0.0,,282.46666666666664,12.274083333333266,492.86400000000003,5075.809999999999,,,,False,CMFT_Engine,Balanced,9.094947017729282e-13
2003-12-01,2003-12-01,Canola,2003,5,5075.809999999999,0.0,31.635,0.0,,282.46666666666664,12.274083333333266,315.16700000000003,4497.5372499999985,,,,False,CMFT_Engine,Balanced,0.0
2004-01-01,2004-01-01,Canola,2003,6,4497.5372499999985,0.0,28.523,0.0,,282.46666666666664,12.274083333333266,237.938,3993.381499999999,,,,False,CMFT_Engine,Balanced,-4.547473508864641e-13
2004-02-01,2004-02-01,Canola,2003,7,3993.381499999999,0.0,21.650000000000002,0.0,,282.46666666666664,12.274083333333266,244.574,3475.716749999999,,,,False,CMFT_Engine,Balanced,0.0
2004-03-01,2004-03-01,Canola,2003,8,3475.716749999999,0.0,19.266,0.0,,282.46666666666664,12.274083333333266,341.281,2858.9609999999993,,,,False,CMFT_Engine,Balanced,0.0
2004-04-01,2004-04-01,Canola,2003,9,2858.9609999999993,0.0,14.658,0.0,,282.46666666666664,12.274083333333266,238.947,2339.931249999999,,,,False,CMFT_Engine,Balanced,0.0
2004-05-01,2004-05-01,Canola,2003,10,2339.931249999999,0.0,5.384,0.0,,282.46666666666664,12.274083333333266,279.388,1771.1864999999993,,,,False,CMFT_Engine,Balanced,0.0
2004-06-01,2004-06-01,Canola,2003,11,1771.1864999999993,0.0,6.6129999999999995,0.0,,282.46666666666664,12.274083333333266,295.363,1187.6957499999994,,,,False,CMFT_Engine,Balanced,0.0
2004-07-01,2004-07-01,Canola,2003,12,1187.6957499999994,0.0,7.058,0.0,,282.46666666666664,12.274083333333266,291.413,608.6,,,,True,CMFT_Engine,Balanced,-5.684341886080801e-13
2004-08-01,2004-08-01,Canola,2004,1,608.6,7673.6,8.822000000000001,0.0,,252.57500000000002,23.29458333333351,184.774,7830.378416666667,12.8946,12.0266,28.13332180333594,False,CMFT_Engine,Balanced,0.0
2004-09-01,2004-09-01,Canola,2004,2,7830.378416666667,0.0,32.176,0.0,,252.57500000000002,23.29458333333351,101.71000000000001,7484.974833333335,,,,False,CMFT_Engine,Balanced,0.0
2004-10-01,2004-10-01,Canola,2004,3,7484.974833333335,0.0,13.886,0.0,,252.57500000000002,23.29458333333351,595.667,6627.3242500000015,,,,False,CMFT_Engine,Balanced,0.0
2004-11-01,2004-11-01,Canola,2004,4,6627.3242500000015,0.0,7.898000000000001,0.0,,252.57500000000002,23.29458333333351,460.283,5899.069666666668,,,,False,CMFT_Engine,Balanced,0.0
2004-12-01,2004-12-01,Canola,2004,5,5899.069666666668,0.0,8.707,0.0,,252.57500000000002,23.29458333333351,316.03700000000003,5315.870083333335,,,,False,CMFT_Engine,Balanced,0.0
2005-01-01,2005-01-01,Canola,2004,6,5315.870083333335,0.0,3.428,0.0,,252.57500000000002,23.29458333333351,215.275,4828.153500000001,,,,False,CMFT_Engine,Balanced,9.094947017729282e-13
2005-02-01,2005-02-01,Canola,2004,7,4828.153500000001,0.0,3.6300000000000003,0.0,,252.57500000000002,23.29458333333351,224.963,4330.950916666668,,,,False,CMFT_Engine,Balanced,9.094947017729282e-13
2005-03-01,2005-03-01,Canola,2004,8,4330.950916666668,0.0,6.9399999999999995,0.0,,252.57500000000002,23.29458333333351,313.013,3749.008333333334,,,,False,CMFT_Engine,Balanced,0.0
2005-04-01,2005-04-01,Canola,2004,9,3749.008333333334,0.0,5.767,0.0,,252.57500000000002,23.29458333333351,287.774,3191.1317500000005,,,,False,CMFT_Engine,Balanced,4.547473508864641e-13
2005-05-01,2005-05-01,Canola,2004,10,3191.1317500000005,0.0,7.385,0.0,,252.57500000000002,23.29458333333351,201.374,2721.2731666666673,,,,False,CMFT_Engine,Balanced,4.547473508864641e-13
2005-06-01,2005-06-01,Canola,2004,11,2721.2731666666673,0.0,4.564,0.0,,252.57500000000002,23.29458333333351,379.36,2070.607583333334,,,,False,CMFT_Engine,Balanced,0.0
2005-07-01,2005-07-01,Canola,2004,12,2070.607583333334,0.0,4.380000000000001,0.0,,252.57500000000002,23.29458333333351,212.518,1586.6,,,,True,CMFT_Engine,Balanced,4.547473508864641e-13
2005-08-01,2005-08-01,Canola,2005,1,1586.6,9483.3,8.994,0.0,,285.21666666666664,30.76908333333328,312.173,10450.735250000002,13.2696,12.7886,32.69649572666281,False,CMFT_Engine,Balanced,-1.8189894035458565e-12
2005-09-01,2005-09-01,Canola,2005,2,10450.735250000002,0.0,26.461000000000002,0.0,,285.21666666666664,30.76908333333328,242.812,9918.398500000001,,,,False,CMFT_Engine,Balanced,0.0
2005-10-01,2005-10-01,Canola,2005,3,9918.398500000001,0.0,12.913,0.0,,285.21666666666664,30.76908333333328,587.031,9028.294750000003,,,,False,CMFT_Engine,Balanced,-1.8189894035458565e-12
2005-11-01,2005-11-01,Canola,2005,4,9028.294750000003,0.0,9.540999999999999,0.0,,285.21666666666664,30.76908333333328,451.328,8270.522000000003,,,,False,CMFT_Engine,Balanced,0.0
2005-12-01,2005-12-01,Canola,2005,5,8270.522000000003,0.0,8.336,0.0,,285.21666666666664,30.76908333333328,573.591,7389.281250000002,,,,False,CMFT_Engine,Balanced,0.0
2006-01-01,2006-01-01,Canola,2005,6,7389.281250000002,0.0,11.508,0.0,,285.21666666666664,30.76908333333328,354.796,6730.0075000000015,,,,False,CMFT_Engine,Balanced,0.0
2006-02-01,2006-02-01,Canola,2005,7,6730.0075000000015,0.0,10.632000000000001,0.0,,285.21666666666664,30.76908333333328,441.02799999999996,5983.625750000001,,,,False,CMFT_Engine,Balanced,0.0
2006-03-01,2006-03-01,Canola,2005,8,5983.625750000001,0.0,13.18,0.0,,285.21666666666664,30.76908333333328,610.963,5069.857000000001,,,,False,CMFT_Engine,Balanced,9.094947017729282e-13
2006-04-01,2006-04-01,Canola,2005,9,5069.857000000001,0.0,5.304,0.0,,285.21666666666664,30.76908333333328,453.897,4305.27825,,,,False,CMFT_Engine,Balanced,9.094947017729282e-13
2006-05-01,2006-05-01,Canola,2005,10,4305.27825,0.0,5.771,0.0,,285.21666666666664,30.76908333333328,552.746,3442.3175000000006,,,,False,CMFT_Engine,Balanced,-4.547473508864641e-13
2006-06-01,2006-06-01,Canola,2005,11,3442.3175000000006,0.0,12.254,0.0,,285.21666666666664,30.76908333333328,306.77,2831.8157500000007,,,,False,CMFT_Engine,Balanced,0.0
2006-07-01,2006-07-01,Canola,2005,12,2831.8157500000007,0.0,14.642000000000001,0.0,,285.21666666666664,30.76908333333328,523.472,2007.0,,,,True,CMFT_Engine,Balanced,6.821210263296962e-13
2006-08-01,2006-08-01,Canola,2006,1,2007.0,9000.3,17.404999999999998,0.0,,298.21666666666664,32.41508333333335,424.326,10269.74725,13.055339,12.9438,30.65913624669726,False,CMFT_Engine,Balanced,0.0
2006-09-01,2006-09-01,Canola,2006,2,10269.74725,0.0,22.032999999999998,0.0,,298.21666666666664,32.41508333333335,565.646,9395.5025,,,,False,CMFT_Engine,Balanced,-1.8189894035458565e-12
2006-10-01,2006-10-01,Canola,2006,3,9395.5025,0.0,13.100999999999999,0.0,,298.21666666666664,32.41508333333335,534.336,8543.635750000001,,,,False,CMFT_Engine,Balanced,0.0
2006-11-01,2006-11-01,Canola,2006,4,8543.635750000001,0.0,17.268,0.0,,298.21666666666664,32.41508333333335,435.171,7795.1010000000015,,,,False,CMFT_Engine,Balanced,-9.094947017729282e-13
2006-12-01,2006-12-01,Canola,2006,5,7795.1010000000015,0.0,19.695999999999998,0.0,,298.21666666666664,32.41508333333335,348.661,7135.504250000002,,,,False,CMFT_Engine,Balanced,0.0
2007-01-01,2007-01-01,Canola,2006,6,7135.504250000002,0.0,24.284999999999997,0.0,,298.21666666666664,32.41508333333335,528.273,6300.884500000002,,,,False,CMFT_Engine,Balanced,0.0
2007-02-01,2007-02-01,Canola,2006,7,6300.884500000002,0.0,13.13,0.0,,298.21666666666664,32.41508333333335,362.078,5621.304750000002,,,,False,CMFT_Engine,Balanced,9.094947017729282e-13
2007-03-01,2007-03-01,Canola,2006,8,5621.304750000002,0.0,19.571,0.0,,298.21666666666664,32.41508333333335,498.142,4812.102000000002,,,,False,CMFT_Engine,Balanced,9.094947017729282e-13
2007-04-01,2007-04-01,Canola,2006,9,4812.102000000002,0.0,11.016,0.0,,298.21666666666664,32.41508333333335,378.435,4114.051250000001,,,,False,CMFT_Engine,Balanced,0.0
2007-05-01,2007-05-01,Canola,2006,10,4114.051250000001,0.0,16.395,0.0,,298.21666666666664,32.41508333333335,522.484,3277.330500000002,,,,False,CMFT_Engine,Balanced,0.0
2007-06-01,2007-06-01,Canola,2006,11,3277.330500000002,0.0,12.272,0.0,,298.21666666666664,32.41508333333335,394.49199999999996,2564.478750000002,,,,False,CMFT_Engine,Balanced,0.0
2007-07-01,2007-07-01,Canola,2006,12,2564.478750000002,0.0,16.839,0.0,,298.21666666666664,32.41508333333335,468.086,1782.6,,,,True,CMFT_Engine,Balanced,2.0463630789890885e-12
2007-08-01,2007-08-01,Canola,2007,1,1782.6,9611.1,14.908999999999999,0.0,,345.3666666666666,13.204166666666728,454.134,10595.904166666667,15.771,15.649,27.080160185954373,False,CMFT_Engine,Balanced,0.0
2007-09-01,2007-09-01,Canola,2007,2,10595.904166666667,0.0,20.396,0.0,,345.3666666666666,13.204166666666728,501.447,9756.282333333334,,,,False,CMFT_Engine,Balanced,0.0
2007-10-01,2007-10-01,Canola,2007,3,9756.282333333334,0.0,16.804,0.0,,345.3666666666666,13.204166666666728,446.035,8968.480500000001,,,,False,CMFT_Engine,Balanced,0.0
2007-11-01,2007-11-01,Canola,2007,4,8968.480500000001,0.0,14.870000000000001,0.0,,345.3666666666666,13.204166666666728,413.339,8211.44066666667,,,,False,CMFT_Engine,Balanced,0.0
2007-12-01,2007-12-01,Canola,2007,5,8211.44066666667,0.0,21.560000000000002,0.0,,345.3666666666666,13.204166666666728,434.68,7439.749833333335,,,,False,CMFT_Engine,Balanced,0.0
2008-01-01,2008-01-01,Canola,2007,6,7439.749833333335,0.0,18.240000000000002,0.0,,345.3666666666666,13.204166666666728,565.795,6533.624000000002,,,,False,CMFT_Engine,Balanced,0.0
2008-02-01,2008-02-01,Canola,2007,7,6533.624000000002,0.0,12.955,0.0,,345.3666666666666,13.204166666666728,582.547,5605.461166666669,,,,False,CMFT_Engine,Balanced,-9.094947017729282e-13
2008-03-01,2008-03-01,Canola,2007,8,5605.461166666669,0.0,17.387,0.0,,345.3666666666666,13.204166666666728,657.934,4606.343333333336,,,,False,CMFT_Engine,Balanced,-9.094947017729282e-13
2008-04-01,2008-04-01,Canola,2007,9,4606.343333333336,0.0,15.408,0.0,,345.3666666666666,13.204166666666728,461.69800000000004,3801.482500000003,,,,False,CMFT_Engine,Balanced,4.547473508864641e-13
2008-05-01,2008-05-01,Canola,2007,10,3801.482500000003,0.0,6.4079999999999995,0.0,,345.3666666666666,13.204166666666728,452.53700000000003,2996.7826666666692,,,,False,CMFT_Engine,Balanced,-4.547473508864641e-13
2008-06-01,2008-06-01,Canola,2007,11,2996.7826666666692,0.0,11.311,0.0,,345.3666666666666,13.204166666666728,474.133,2175.389833333336,,,,False,CMFT_Engine,Balanced,0.0
2008-07-01,2008-07-01,Canola,2007,12,2175.389833333336,0.0,8.567,0.0,,345.3666666666666,13.204166666666728,363.88599999999997,1461.5,,,,True,CMFT_Engine,Balanced,2.7284841053187847e-12
2008-08-01,2008-08-01,Canola,2008,1,1461.5,12644.9,3.412,0.0,,356.6583333333333,8.801416666666682,470.34499999999997,13274.007249999999,16.1632,16.052,34.7336938231996,False,CMFT_Engine,Balanced,1.8189894035458565e-12
2008-09-01,2008-09-01,Canola,2008,2,13274.007249999999,0.0,14.747,0.0,,356.6583333333333,8.801416666666682,593.405,12329.889499999997,,,,False,CMFT_Engine,Balanced,0.0
2008-10-01,2008-10-01,Canola,2008,3,12329.889499999997,0.0,16.832,0.0,,356.6583333333333,8.801416666666682,716.4499999999999,11264.811749999997,,,,False,CMFT_Engine,Balanced,0.0
2008-11-01,2008-11-01,Canola,2008,4,11264.811749999997,0.0,7.843000000000001,0.0,,356.6583333333333,8.801416666666682,722.78,10184.414999999997,,,,False,CMFT_Engine,Balanced,0.0
2008-12-01,2008-12-01,Canola,2008,5,10184.414999999997,0.0,5.716,0.0,,356.6583333333333,8.801416666666682,606.513,9218.158249999997,,,,False,CMFT_Engine,Balanced,0.0
2009-01-01,2009-01-01,Canola,2008,6,9218.158249999997,0.0,4.74,0.0,,356.6583333333333,8.801416666666682,505.087,8352.351499999995,,,,False,CMFT_Engine,Balanced,1.8189894035458565e-12
2009-02-01,2009-02-01,Canola,2008,7,8352.351499999995,0.0,6.960000000000001,0.0,,356.6583333333333,8.801416666666682,628.35,7365.501749999994,,,,False,CMFT_Engine,Balanced,0.0
2009-03-01,2009-03-01,Canola,2008,8,7365.501749999994,0.0,10.559000000000001,0.0,,356.6583333333333,8.801416666666682,682.419,6328.181999999993,,,,False,CMFT_Engine,Balanced,0.0
2009-04-01,2009-04-01,Canola,2008,9,6328.181999999993,0.0,11.33,0.0,,356.6583333333333,8.801416666666682,886.93,5087.122249999993,,,,False,CMFT_Engine,Balanced,0.0
2009-05-01,2009-05-01,Canola,2008,10,5087.122249999993,0.0,4.8,0.0,,356.6583333333333,8.801416666666682,667.515,4058.9474999999934,,,,False,CMFT_Engine,Balanced,-9.094947017729282e-13
2009-06-01,2009-06-01,Canola,2008,11,4058.9474999999934,0.0,15.828,0.0,,356.6583333333333,8.801416666666682,857.088,2852.227749999993,,,,False,CMFT_Engine,Balanced,4.547473508864641e-13
2009-07-01,2009-07-01,Canola,2008,12,2852.227749999993,0.0,17.756,0.0,,356.6583333333333,8.801416666666682,561.024,1943.5,,,,True,CMFT_Engine,Balanced,-6.821210263296962e-12
2009-08-01,2009-08-01,Canola,2009,1,1943.5,12898.1,22.772,0.0,,398.98333333333335,21.763666666666797,442.487,14001.138,16.5297,16.1017,35.31984040505039,False,CMFT_Engine,Balanced,0.0
2009-09-01,2009-09-01,Canola,2009,2,14001.138,0.0,18.396,0.0,,398.98333333333335,21.763666666666797,422.53700000000003,13176.25,,,,False,CMFT_Engine,Balanced,0.0
2009-10-01,2009-10-01,Canola,2009,3,13176.25,0.0,10.833,0.0,,398.98333333333335,21.763666666666797,813.726,11952.609999999999,,,,False,CMFT_Engine,Balanced,0.0
2009-11-01,2009-11-01,Canola,2009,4,11952.609999999999,0.0,10.752,0.0,,398.98333333333335,21.763666666666797,770.447,10772.167999999998,,,,False,CMFT_Engine,Balanced,0.0
2009-12-01,2009-12-01,Canola,2009,5,10772.167999999998,0.0,7.018,0.0,,398.98333333333335,21.763666666666797,441.517,9916.921999999997,,,,False,CMFT_Engine,Balanced,0.0
2010-01-01,2010-01-01,Canola,2009,6,9916.921999999997,0.0,7.758,0.0,,398.98333333333335,21.763666666666797,500.829,9003.103999999996,,,,False,CMFT_Engine,Balanced,0.0
2010-02-01,2010-02-01,Canola,2009,7,9003.103999999996,0.0,9.445,0.0,,398.98333333333335,21.763666666666797,567.936,8023.865999999995,,,,False,CMFT_Engine,Balanced,-9.094947017729282e-13
2010-03-01,2010-03-01,Canola,2009,8,8023.865999999995,0.0,6.117999999999999,0.0,,398.98333333333335,21.763666666666797,848.435,6760.801999999996,,,,False,CMFT_Engine,Balanced,0.0
2010-04-01,2010-04-01,Canola,2009,9,6760.801999999996,0.0,10.083,0.0,,398.98333333333335,21.763666666666797,549.167,5800.970999999996,,,,False,CMFT_Engine,Balanced,-9.094947017729282e-13
2010-05-01,2010-05-01,Canola,2009,10,5800.970999999996,0.0,4.772,0.0,,398.98333333333335,21.763666666666797,639.695,4745.300999999996,,,,False,CMFT_Engine,Balanced,0.0
2010-06-01,2010-06-01,Canola,2009,11,4745.300999999996,0.0,9.295,0.0,,398.98333333333335,21.763666666666797,586.525,3747.323999999996,,,,False,CMFT_Engine,Balanced,-4.547473508864641e-13
2010-07-01,2010-07-01,Canola,2009,12,3747.323999999996,0.0,10.612,0.0,,398.98333333333335,21.763666666666797,588.489,2748.7,,,,True,CMFT_Engine,Balanced,-4.092726157978177e-12
2010-08-01,2010-08-01,Canola,2010,1,2748.7,12788.6,16.116,0.0,,525.8666666666667,4.851750000000038,508.364,14514.333583333333,17.5859,16.9459,33.275384930868235,False,CMFT_Engine,Balanced,0.0
2010-09-01,2010-09-01,Canola,2010,2,14514.333583333333,0.0,48.174,0.0,,525.8666666666667,4.851750000000038,499.587,13532.202166666668,,,,False,CMFT_Engine,Balanced,0.0
2010-10-01,2010-10-01,Canola,2010,3,13532.202166666668,0.0,35.677,0.0,,525.8666666666667,4.851750000000038,783.054,12254.10675,,,,False,CMFT_Engine,Balanced,0.0
2010-11-01,2010-11-01,Canola,2010,4,12254.10675,0.0,13.54,0.0,,525.8666666666667,4.851750000000038,787.267,10949.661333333335,,,,False,CMFT_Engine,Balanced,0.0
2010-12-01,2010-12-01,Canola,2010,5,10949.661333333335,0.0,14.681,0.0,,525.8666666666667,4.851750000000038,611.296,9822.327916666669,,,,False,CMFT_Engine,Balanced,0.0
2011-01-01,2011-01-01,Canola,2010,6,9822.327916666669,0.0,15.73,0.0,,525.8666666666667,4.851750000000038,611.3580000000001,8695.981500000002,,,,False,CMFT_Engine,Balanced,0.0
2011-02-01,2011-02-01,Canola,2010,7,8695.981500000002,0.0,13.461,0.0,,525.8666666666667,4.851750000000038,687.326,7491.398083333334,,,,False,CMFT_Engine,Balanced,0.0
2011-03-01,2011-03-01,Canola,2010,8,7491.398083333334,0.0,21.793,0.0,,525.8666666666667,4.851750000000038,484.746,6497.726666666667,,,,False,CMFT_Engine,Balanced,0.0
2011-04-01,2011-04-01,Canola,2010,9,6497.726666666667,0.0,10.569,0.0,,525.8666666666667,4.851750000000038,496.229,5481.348250000001,,,,False,CMFT_Engine,Balanced,0.0
2011-05-01,2011-05-01,Canola,2010,10,5481.348250000001,0.0,10.358,0.0,,525.8666666666667,4.851750000000038,626.7909999999999,4334.196833333335,,,,False,CMFT_Engine,Balanced,-9.094947017729282e-13
2011-06-01,2011-06-01,Canola,2010,11,4334.196833333335,0.0,12.338,0.0,,525.8666666666667,4.851750000000038,425.438,3390.3784166666683,,,,False,CMFT_Engine,Balanced,0.0
2011-07-01,2011-07-01,Canola,2010,12,3390.3784166666683,0.0,11.216999999999999,0.0,,525.8666666666667,4.851750000000038,685.077,2185.8,,,,True,CMFT_Engine,Balanced,9.094947017729282e-13
2011-08-01,2011-08-01,Canola,2011,1,2185.8,14608.1,13.968,0.0,,583.275,40.715500000000524,349.61,15834.267500000002,18.98968,18.7538,34.34544728268404,False,CMFT_Engine,Balanced,0.0
2011-09-01,2011-09-01,Canola,2011,2,15834.267500000002,0.0,15.58,0.0,,583.275,40.715500000000524,746.499,14479.358000000002,,,,False,CMFT_Engine,Balanced,0.0
2011-10-01,2011-10-01,Canola,2011,3,14479.358000000002,0.0,8.683,0.0,,583.275,40.715500000000524,1024.729,12839.321500000004,,,,False,CMFT_Engine,Balanced,0.0
2011-11-01,2011-11-01,Canola,2011,4,12839.321500000004,0.0,6.604,0.0,,583.275,40.715500000000524,893.6049999999999,11328.330000000004,,,,False,CMFT_Engine,Balanced,0.0
2011-12-01,2011-12-01,Canola,2011,5,11328.330000000004,0.0,6.037000000000001,0.0,,583.275,40.715500000000524,857.237,9853.139500000003,,,,False,CMFT_Engine,Balanced,1.8189894035458565e-12
2012-01-01,2012-01-01,Canola,2011,6,9853.139500000003,0.0,9.030000000000001,0.0,,583.275,40.715500000000524,1038.209,8199.970000000003,,,,False,CMFT_Engine,Balanced,0.0
2012-02-01,2012-02-01,Canola,2011,7,8199.970000000003,0.0,6.401000000000001,0.0,,583.275,40.715500000000524,800.539,6781.841500000002,,,,False,CMFT_Engine,Balanced,9.094947017729282e-13
2012-03-01,2012-03-01,Canola,2011,8,6781.841500000002,0.0,7.654999999999999,0.0,,583.275,40.715500000000524,777.248,5388.258000000002,,,,False,CMFT_Engine,Balanced,0.0
2012-04-01,2012-04-01,Canola,2011,9,5388.258000000002,0.0,6.918,0.0,,583.275,40.715500000000524,596.1850000000001,4175.000500000001,,,,False,CMFT_Engine,Balanced,0.0
2012-05-01,2012-05-01,Canola,2011,10,4175.000500000001,0.0,3.124,0.0,,583.275,40.715500000000524,668.659,2885.475,,,,False,CMFT_Engine,Balanced,0.0
2012-06-01,2012-06-01,Canola,2011,11,2885.475,0.0,1.5919999999999999,0.0,,583.275,40.715500000000524,495.469,1767.6074999999996,,,,False,CMFT_Engine,Balanced,-4.547473508864641e-13
2012-07-01,2012-07-01,Canola,2011,12,1767.6074999999996,0.0,10.979,0.0,,583.275,40.715500000000524,447.196,707.4,,,,True,CMFT_Engine,Balanced,-6.821210263296962e-13
2012-08-01,2012-08-01,Canola,2012,1,707.4,13868.5,9.674999999999999,0.0,,559.7333333333333,24.06566666666643,368.876,13632.899999999998,22.176,21.8938,27.930137127862686,False,CMFT_Engine,Balanced,0.0
2012-09-01,2012-09-01,Canola,2012,2,13632.899999999998,0.0,34.434000000000005,0.0,,559.7333333333333,24.06566666666643,712.644,12370.890999999996,,,,False,CMFT_Engine,Balanced,0.0
2012-10-01,2012-10-01,Canola,2012,3,12370.890999999996,0.0,7.837000000000001,0.0,,559.7333333333333,24.06566666666643,1014.1129999999999,10780.815999999995,,,,False,CMFT_Engine,Balanced,0.0
2012-11-01,2012-11-01,Canola,2012,4,10780.815999999995,0.0,24.463,0.0,,559.7333333333333,24.06566666666643,646.14,9575.339999999995,,,,False,CMFT_Engine,Balanced,0.0
2012-12-01,2012-12-01,Canola,2012,5,9575.339999999995,0.0,5.086,0.0,,559.7333333333333,24.06566666666643,774.0780000000001,8222.548999999994,,,,False,CMFT_Engine,Balanced,0.0
2013-01-01,2013-01-01,Canola,2012,6,8222.548999999994,0.0,4.503,0.0,,559.7333333333333,24.06566666666643,598.109,7045.143999999994,,,,False,CMFT_Engine,Balanced,0.0
2013-02-01,2013-02-01,Canola,2012,7,7045.143999999994,0.0,5.399,0.0,,559.7333333333333,24.06566666666643,571.295,5895.448999999994,,,,False,CMFT_Engine,Balanced,0.0
2013-03-01,2013-03-01,Canola,2012,8,5895.448999999994,0.0,8.241,0.0,,559.7333333333333,24.06566666666643,694.252,4625.638999999995,,,,False,CMFT_Engine,Balanced,-9.094947017729282e-13
2013-04-01,2013-04-01,Canola,2012,9,4625.638999999995,0.0,5.439,0.0,,559.7333333333333,24.06566666666643,526.6949999999999,3520.5839999999953,,,,False,CMFT_Engine,Balanced,0.0
2013-05-01,2013-05-01,Canola,2012,10,3520.5839999999953,0.0,4.811,0.0,,559.7333333333333,24.06566666666643,590.0419999999999,2351.5539999999955,,,,False,CMFT_Engine,Balanced,4.547473508864641e-13
2013-06-01,2013-06-01,Canola,2012,11,2351.5539999999955,0.0,6.113,0.0,,559.7333333333333,24.06566666666643,248.343,1525.5249999999955,,,,False,CMFT_Engine,Balanced,0.0
2013-07-01,2013-07-01,Canola,2012,12,1525.5249999999955,0.0,11.607000000000001,0.0,,559.7333333333333,24.06566666666643,365.233,588.1,,,,True,CMFT_Engine,Balanced,-4.206412995699793e-12
2013-08-01,2013-08-01,Canola,2013,1,588.1,18551.0,10.637,0.0,,581.6166666666667,3.6029166666665637,264.63800000000003,18299.879416666663,20.4458,20.3451,40.20427363345474,False,CMFT_Engine,Balanced,3.637978807091713e-12
2013-09-01,2013-09-01,Canola,2013,2,18299.879416666663,0.0,5.801,0.0,,581.6166666666667,3.6029166666665637,504.34299999999996,17216.11783333333,,,,False,CMFT_Engine,Balanced,0.0
2013-10-01,2013-10-01,Canola,2013,3,17216.11783333333,0.0,3.9720000000000004,0.0,,581.6166666666667,3.6029166666665637,1090.745,15544.125249999997,,,,False,CMFT_Engine,Balanced,3.637978807091713e-12
2013-11-01,2013-11-01,Canola,2013,4,15544.125249999997,0.0,4.109,0.0,,581.6166666666667,3.6029166666665637,834.041,14128.973666666665,,,,False,CMFT_Engine,Balanced,0.0
2013-12-01,2013-12-01,Canola,2013,5,14128.973666666665,0.0,4.673000000000001,0.0,,581.6166666666667,3.6029166666665637,680.255,12868.172083333333,,,,False,CMFT_Engine,Balanced,0.0
2014-01-01,2014-01-01,Canola,2013,6,12868.172083333333,0.0,4.287,0.0,,581.6166666666667,3.6029166666665637,651.871,11635.3685,,,,False,CMFT_Engine,Balanced,0.0
2014-02-01,2014-02-01,Canola,2013,7,11635.3685,0.0,5.601,0.0,,581.6166666666667,3.6029166666665637,564.09,10491.659916666667,,,,False,CMFT_Engine,Balanced,0.0
2014-03-01,2014-03-01,Canola,2013,8,10491.659916666667,0.0,6.4799999999999995,0.0,,581.6166666666667,3.6029166666665637,925.143,8987.777333333333,,,,False,CMFT_Engine,Balanced,0.0
2014-04-01,2014-04-01,Canola,2013,9,8987.777333333333,0.0,7.21,0.0,,581.6166666666667,3.6029166666665637,975.471,7434.2967499999995,,,,False,CMFT_Engine,Balanced,0.0
2014-05-01,2014-05-01,Canola,2013,10,7434.2967499999995,0.0,3.7339999999999995,0.0,,581.6166666666667,3.6029166666665637,960.725,5892.086166666666,,,,False,CMFT_Engine,Balanced,0.0
2014-06-01,2014-06-01,Canola,2013,11,5892.086166666666,0.0,4.526000000000001,0.0,,581.6166666666667,3.6029166666665637,1004.8820000000001,4306.510583333333,,,,False,CMFT_Engine,Balanced,0.0
2014-07-01,2014-07-01,Canola,2013,12,4306.510583333333,0.0,5.052,0.0,,581.6166666666667,3.6029166666665637,718.343,3008.0,,,,True,CMFT_Engine,Balanced,-9.094947017729282e-13
2014-08-01,2014-08-01,Canola,2014,1,3008.0,16410.1,1.312,0.0,,613.3666666666667,28.774416666666713,847.172,17930.098916666666,20.8996,20.7381,34.89048342181781,False,CMFT_Engine,Balanced,3.637978807091713e-12
2014-09-01,2014-09-01,Canola,2014,2,17930.098916666666,0.0,7.849,0.0,,613.3666666666667,28.774416666666713,760.5199999999999,16535.28683333333,,,,False,CMFT_Engine,Balanced,0.0
2014-10-01,2014-10-01,Canola,2014,3,16535.28683333333,0.0,8.839,0.0,,613.3666666666667,28.774416666666713,878.229,15023.755749999998,,,,False,CMFT_Engine,Balanced,0.0
2014-11-01,2014-11-01,Canola,2014,4,15023.755749999998,0.0,8.772,0.0,,613.3666666666667,28.774416666666713,804.539,13585.847666666665,,,,False,CMFT_Engine,Balanced,0.0
2014-12-01,2014-12-01,Canola,2014,5,13585.847666666665,0.0,10.149000000000001,0.0,,613.3666666666667,28.774416666666713,679.829,12274.02658333333,,,,False,CMFT_Engine,Balanced,0.0
2015-01-01,2015-01-01,Canola,2014,6,12274.02658333333,0.0,7.872,0.0,,613.3666666666667,28.774416666666713,589.29,11050.467499999995,,,,False,CMFT_Engine,Balanced,0.0
2015-02-01,2015-02-01,Canola,2014,7,11050.467499999995,0.0,4.24,0.0,,613.3666666666667,28.774416666666713,532.2330000000001,9880.333416666661,,,,False,CMFT_Engine,Balanced,0.0
2015-03-01,2015-03-01,Canola,2014,8,9880.333416666661,0.0,3.375,0.0,,613.3666666666667,28.774416666666713,763.9159999999999,8477.651333333328,,,,False,CMFT_Engine,Balanced,0.0
2015-04-01,2015-04-01,Canola,2014,9,8477.651333333328,0.0,4.826,0.0,,613.3666666666667,28.774416666666713,913.059,6927.277249999994,,,,False,CMFT_Engine,Balanced,-9.094947017729282e-13
2015-05-01,2015-05-01,Canola,2014,10,6927.277249999994,0.0,3.9179999999999997,0.0,,613.3666666666667,28.774416666666713,848.6419999999999,5440.41216666666,,,,False,CMFT_Engine,Balanced,0.0
2015-06-01,2015-06-01,Canola,2014,11,5440.41216666666,0.0,4.603,0.0,,613.3666666666667,28.774416666666713,710.1370000000001,4092.7370833333266,,,,False,CMFT_Engine,Balanced,-9.094947017729282e-13
2015-07-01,2015-07-01,Canola,2014,12,4092.7370833333266,0.0,10.833,0.0,,613.3666666666667,28.774416666666713,888.129,2573.3,,,,True,CMFT_Engine,Balanced,-6.821210263296962e-12
2015-08-01,2015-08-01,Canola,2015,1,2573.3,18376.5,6.800000000000001,0.0,,692.9499999999999,30.5107500000006,650.2370000000001,19582.90225,20.7847,20.6689,39.202174583553074,False,CMFT_Engine,Balanced,-3.637978807091713e-12
2015-09-01,2015-09-01,Canola,2015,2,19582.90225,0.0,20.648,0.0,,692.9499999999999,30.5107500000006,889.5939999999999,17990.495499999997,,,,False,CMFT_Engine,Balanced,0.0
2015-10-01,2015-10-01,Canola,2015,3,17990.495499999997,0.0,8.661,0.0,,692.9499999999999,30.5107500000006,903.078,16372.617749999998,,,,False,CMFT_Engine,Balanced,-1.8189894035458565e-12
2015-11-01,2015-11-01,Canola,2015,4,16372.617749999998,0.0,3.598,0.0,,692.9499999999999,30.5107500000006,792.461,14860.293999999996,,,,False,CMFT_Engine,Balanced,0.0
2015-12-01,2015-12-01,Canola,2015,5,14860.293999999996,0.0,12.483,0.0,,692.9499999999999,30.5107500000006,730.15,13419.166249999995,,,,False,CMFT_Engine,Balanced,0.0
2016-01-01,2016-01-01,Canola,2015,6,13419.166249999995,0.0,3.932,0.0,,692.9499999999999,30.5107500000006,790.909,11908.728499999994,,,,False,CMFT_Engine,Balanced,0.0
2016-02-01,2016-02-01,Canola,2015,7,11908.728499999994,0.0,5.49,0.0,,692.9499999999999,30.5107500000006,754.203,10436.554749999992,,,,False,CMFT_Engine,Balanced,0.0
2016-03-01,2016-03-01,Canola,2015,8,10436.554749999992,0.0,12.056999999999999,0.0,,692.9499999999999,30.5107500000006,1088.404,8636.746999999992,,,,False,CMFT_Engine,Balanced,-1.8189894035458565e-12
2016-04-01,2016-04-01,Canola,2015,9,8636.746999999992,0.0,9.996,0.0,,692.9499999999999,30.5107500000006,1071.685,6851.597249999991,,,,False,CMFT_Engine,Balanced,9.094947017729282e-13
2016-05-01,2016-05-01,Canola,2015,10,6851.597249999991,0.0,9.315,0.0,,692.9499999999999,30.5107500000006,931.277,5206.17449999999,,,,False,CMFT_Engine,Balanced,0.0
2016-06-01,2016-06-01,Canola,2015,11,5206.17449999999,0.0,3.6899999999999995,0.0,,692.9499999999999,30.5107500000006,848.89,3637.513749999989,,,,False,CMFT_Engine,Balanced,4.547473508864641e-13
2016-07-01,2016-07-01,Canola,2015,12,3637.513749999989,0.0,8.311000000000002,0.0,,692.9499999999999,30.5107500000006,831.564,2090.8,,,,True,CMFT_Engine,Balanced,-1.1368683772161603e-11
2016-08-01,2016-08-01,Canola,2016,1,2090.8,19599.2,3.362,0.0,,765.9499999999999,19.145999999999788,642.683,20265.583,20.784044,20.4192,42.32182093323931,False,CMFT_Engine,Balanced,0.0
2016-09-01,2016-09-01,Canola,2016,2,20265.583,0.0,7.617,0.0,,765.9499999999999,19.145999999999788,761.356,18726.747999999996,,,,False,CMFT_Engine,Balanced,0.0
2016-10-01,2016-10-01,Canola,2016,3,18726.747999999996,0.0,12.030999999999999,0.0,,765.9499999999999,19.145999999999788,765.557,17188.125999999993,,,,False,CMFT_Engine,Balanced,0.0
2016-11-01,2016-11-01,Canola,2016,4,17188.125999999993,0.0,5.523000000000001,0.0,,765.9499999999999,19.145999999999788,1077.473,15331.079999999994,,,,False,CMFT_Engine,Balanced,-1.8189894035458565e-12
2016-12-01,2016-12-01,Canola,2016,5,15331.079999999994,0.0,6.808,0.0,,765.9499999999999,19.145999999999788,1047.5,13505.291999999994,,,,False,CMFT_Engine,Balanced,0.0
2017-01-01,2017-01-01,Canola,2016,6,13505.291999999994,0.0,4.341,0.0,,765.9499999999999,19.145999999999788,1422.792,11301.744999999994,,,,False,CMFT_Engine,Balanced,0.0
2017-02-01,2017-02-01,Canola,2016,7,11301.744999999994,0.0,9.608,0.0,,765.9499999999999,19.145999999999788,735.875,9790.381999999994,,,,False,CMFT_Engine,Balanced,-1.8189894035458565e-12
2017-03-01,2017-03-01,Canola,2016,8,9790.381999999994,0.0,8.847999999999999,0.0,,765.9499999999999,19.145999999999788,1066.316,7947.817999999995,,,,False,CMFT_Engine,Balanced,-1.8189894035458565e-12
2017-04-01,2017-04-01,Canola,2016,9,7947.817999999995,0.0,7.17,0.0,,765.9499999999999,19.145999999999788,972.566,6197.325999999995,,,,False,CMFT_Engine,Balanced,9.094947017729282e-13
2017-05-01,2017-05-01,Canola,2016,10,6197.325999999995,0.0,11.896,0.0,,765.9499999999999,19.145999999999788,1026.114,4398.011999999994,,,,False,CMFT_Engine,Balanced,9.094947017729282e-13
2017-06-01,2017-06-01,Canola,2016,11,4398.011999999994,0.0,7.956,0.0,,765.9499999999999,19.145999999999788,842.7579999999999,2778.113999999995,,,,False,CMFT_Engine,Balanced,0.0
2017-07-01,2017-07-01,Canola,2016,12,2778.113999999995,0.0,9.369,0.0,,765.9499999999999,19.145999999999788,660.687,1341.7,,,,True,CMFT_Engine,Balanced,-4.320099833421409e-12
2017-08-01,2017-08-01,Canola,2017,1,1341.7,21458.1,6.369000000000001,0.0,,772.4333333333334,12.88066666666638,688.969,21331.885999999995,23.0141,22.9143,41.2904288697451,False,CMFT_Engine,Balanced,0.0
2017-09-01,2017-09-01,Canola,2017,2,21331.885999999995,0.0,9.951,0.0,,772.4333333333334,12.88066666666638,861.79,19694.732999999997,,,,False,CMFT_Engine,Balanced,-3.637978807091713e-12
2017-10-01,2017-10-01,Canola,2017,3,19694.732999999997,0.0,11.677,0.0,,772.4333333333334,12.88066666666638,1296.8700000000001,17624.225999999995,,,,False,CMFT_Engine,Balanced,0.0
2017-11-01,2017-11-01,Canola,2017,4,17624.225999999995,0.0,5.12,0.0,,772.4333333333334,12.88066666666638,889.332,15954.699999999995,,,,False,CMFT_Engine,Balanced,-3.637978807091713e-12
2017-12-01,2017-12-01,Canola,2017,5,15954.699999999995,0.0,7.044,0.0,,772.4333333333334,12.88066666666638,1176.102,14000.327999999996,,,,False,CMFT_Engine,Balanced,-1.8189894035458565e-12
2018-01-01,2018-01-01,Canola,2017,6,14000.327999999996,0.0,9.143,0.0,,772.4333333333334,12.88066666666638,1141.3,12082.856999999996,,,,False,CMFT_Engine,Balanced,1.8189894035458565e-12
2018-02-01,2018-02-01,Canola,2017,7,12082.856999999996,0.0,6.883,0.0,,772.4333333333334,12.88066666666638,558.794,10745.631999999996,,,,False,CMFT_Engine,Balanced,1.8189894035458565e-12
2018-03-01,2018-03-01,Canola,2017,8,10745.631999999996,0.0,6.314,0.0,,772.4333333333334,12.88066666666638,842.7330000000001,9123.898999999996,,,,False,CMFT_Engine,Balanced,0.0
2018-04-01,2018-04-01,Canola,2017,9,9123.898999999996,0.0,7.323,0.0,,772.4333333333334,12.88066666666638,926.315,7419.592999999997,,,,False,CMFT_Engine,Balanced,0.0
2018-05-01,2018-05-01,Canola,2017,10,7419.592999999997,0.0,9.864,0.0,,772.4333333333334,12.88066666666638,818.063,5826.079999999997,,,,False,CMFT_Engine,Balanced,0.0
2018-06-01,2018-06-01,Canola,2017,11,5826.079999999997,0.0,12.889999999999999,0.0,,772.4333333333334,12.88066666666638,1024.72,4028.9359999999974,,,,False,CMFT_Engine,Balanced,4.547473508864641e-13
2018-07-01,2018-07-01,Canola,2017,12,4028.9359999999974,0.0,15.455,0.0,,772.4333333333334,12.88066666666638,623.377,2635.7,,,,True,CMFT_Engine,Balanced,-2.2737367544323206e-12
2018-08-01,2018-08-01,Canola,2018,1,2635.7,20723.5,6.697,0.0,,774.6166666666667,47.74675000000017,584.05,21959.483583333335,22.8132,22.5352,40.54771751526501,False,CMFT_Engine,Balanced,3.637978807091713e-12
2018-09-01,2018-09-01,Canola,2018,2,21959.483583333335,0.0,25.338,0.0,,774.6166666666667,47.74675000000017,583.304,20579.15416666667,,,,False,CMFT_Engine,Balanced,0.0
2018-10-01,2018-10-01,Canola,2018,3,20579.15416666667,0.0,27.047,0.0,,774.6166666666667,47.74675000000017,1432.453,18351.384750000005,,,,False,CMFT_Engine,Balanced,0.0
2018-11-01,2018-11-01,Canola,2018,4,18351.384750000005,0.0,17.652,0.0,,774.6166666666667,47.74675000000017,832.237,16714.43633333334,,,,False,CMFT_Engine,Balanced,0.0
2018-12-01,2018-12-01,Canola,2018,5,16714.43633333334,0.0,10.527,0.0,,774.6166666666667,47.74675000000017,943.314,14959.28591666667,,,,False,CMFT_Engine,Balanced,0.0
2019-01-01,2019-01-01,Canola,2018,6,14959.28591666667,0.0,8.078,0.0,,774.6166666666667,47.74675000000017,772.275,13372.725500000002,,,,False,CMFT_Engine,Balanced,0.0
2019-02-01,2019-02-01,Canola,2018,7,13372.725500000002,0.0,6.396,0.0,,774.6166666666667,47.74675000000017,533.135,12023.623083333336,,,,False,CMFT_Engine,Balanced,0.0
2019-03-01,2019-03-01,Canola,2018,8,12023.623083333336,0.0,8.344,0.0,,774.6166666666667,47.74675000000017,705.496,10504.107666666669,,,,False,CMFT_Engine,Balanced,0.0
2019-04-01,2019-04-01,Canola,2018,9,10504.107666666669,0.0,9.763,0.0,,774.6166666666667,47.74675000000017,540.322,9151.185250000002,,,,False,CMFT_Engine,Balanced,0.0
2019-05-01,2019-05-01,Canola,2018,10,9151.185250000002,0.0,5.523,0.0,,774.6166666666667,47.74675000000017,865.4979999999999,7468.846833333335,,,,False,CMFT_Engine,Balanced,0.0
2019-06-01,2019-06-01,Canola,2018,11,7468.846833333335,0.0,7.933,0.0,,774.6166666666667,47.74675000000017,747.794,5906.622416666668,,,,False,CMFT_Engine,Balanced,0.0
2019-07-01,2019-07-01,Canola,2018,12,5906.622416666668,0.0,13.165000000000001,0.0,,774.6166666666667,47.74675000000017,662.624,4434.8,,,,True,CMFT_Engine,Balanced,9.094947017729282e-13
2019-08-01,2019-08-01,Canola,2019,1,4434.8,19912.3,12.155,0.0,,844.0833333333334,74.77841666666659,686.231,22754.162249999998,21.1809,20.9328,41.94293585903463,False,CMFT_Engine,Balanced,0.0
2019-09-01,2019-09-01,Canola,2019,2,22754.162249999998,0.0,21.036,0.0,,844.0833333333334,74.77841666666659,400.936,21455.400499999996,,,,False,CMFT_Engine,Balanced,0.0
2019-10-01,2019-10-01,Canola,2019,3,21455.400499999996,0.0,24.169,0.0,,844.0833333333334,74.77841666666659,685.329,19875.378749999996,,,,False,CMFT_Engine,Balanced,0.0
2019-11-01,2019-11-01,Canola,2019,4,19875.378749999996,0.0,16.728,0.0,,844.0833333333334,74.77841666666659,914.17,18059.074999999993,,,,False,CMFT_Engine,Balanced,3.637978807091713e-12
2019-12-01,2019-12-01,Canola,2019,5,18059.074999999993,0.0,16.615000000000002,0.0,,844.0833333333334,74.77841666666659,736.73,16420.098249999995,,,,False,CMFT_Engine,Balanced,0.0
2020-01-01,2020-01-01,Canola,2019,6,16420.098249999995,0.0,14.155000000000001,0.0,,844.0833333333334,74.77841666666659,837.6909999999999,14677.700499999995,,,,False,CMFT_Engine,Balanced,-1.8189894035458565e-12
2020-02-01,2020-02-01,Canola,2019,7,14677.700499999995,0.0,12.392999999999999,0.0,,844.0833333333334,74.77841666666659,783.964,12987.267749999995,,,,False,CMFT_Engine,Balanced,0.0
2020-03-01,2020-03-01,Canola,2019,8,12987.267749999995,0.0,11.01,0.0,,844.0833333333334,74.77841666666659,1210.353,10869.062999999996,,,,False,CMFT_Engine,Balanced,-1.8189894035458565e-12
2020-04-01,2020-04-01,Canola,2019,9,10869.062999999996,0.0,4.931,0.0,,844.0833333333334,74.77841666666659,1083.0140000000001,8872.118249999998,,,,False,CMFT_Engine,Balanced,-1.8189894035458565e-12
2020-05-01,2020-05-01,Canola,2019,10,8872.118249999998,0.0,2.89,0.0,,844.0833333333334,74.77841666666659,889.786,7066.360499999997,,,,False,CMFT_Engine,Balanced,0.0
2020-06-01,2020-06-01,Canola,2019,11,7066.360499999997,0.0,7.43,0.0,,844.0833333333334,74.77841666666659,822.597,5332.331749999997,,,,False,CMFT_Engine,Balanced,9.094947017729282e-13
2020-07-01,2020-07-01,Canola,2019,12,5332.331749999997,0.0,11.471,0.0,,844.0833333333334,74.77841666666659,990.341,3434.6,,,,True,CMFT_Engine,Balanced,-3.637978807091713e-12
2020-08-01,2020-08-01,Canola,2020,1,3434.6,19484.7,15.116000000000001,0.0,,868.7333333333332,29.842999999999847,835.452,21200.387666666666,20.7826,20.5724,41.761249769108126,False,CMFT_Engine,Balanced,0.0
2020-09-01,2020-09-01,Canola,2020,2,21200.387666666666,0.0,14.203,0.0,,868.7333333333332,29.842999999999847,966.6800000000001,19349.334333333332,,,,False,CMFT_Engine,Balanced,0.0
2020-10-01,2020-10-01,Canola,2020,3,19349.334333333332,0.0,17.879,0.0,,868.7333333333332,29.842999999999847,1130.166,17338.470999999998,,,,False,CMFT_Engine,Balanced,0.0
2020-11-01,2020-11-01,Canola,2020,4,17338.470999999998,0.0,8.717,0.0,,868.7333333333332,29.842999999999847,1251.183,15197.428666666667,,,,False,CMFT_Engine,Balanced,-3.637978807091713e-12
2020-12-01,2020-12-01,Canola,2020,5,15197.428666666667,0.0,9.225000000000001,0.0,,868.7333333333332,29.842999999999847,979.803,13328.274333333335,,,,False,CMFT_Engine,Balanced,0.0
2021-01-01,2021-01-01,Canola,2020,6,13328.274333333335,0.0,14.145000000000001,0.0,,868.7333333333332,29.842999999999847,967.987,11475.856000000003,,,,False,CMFT_Engine,Balanced,-1.8189894035458565e-12
2021-02-01,2021-02-01,Canola,2020,7,11475.856000000003,0.0,6.5089999999999995,0.0,,868.7333333333332,29.842999999999847,839.914,9743.87466666667,,,,False,CMFT_Engine,Balanced,0.0
2021-03-01,2021-03-01,Canola,2020,8,9743.87466666667,0.0,8.665000000000001,0.0,,868.7333333333332,29.842999999999847,958.648,7895.3153333333385,,,,False,CMFT_Engine,Balanced,-1.8189894035458565e-12
2021-04-01,2021-04-01,Canola,2020,9,7895.3153333333385,0.0,5.276999999999999,0.0,,868.7333333333332,29.842999999999847,628.228,6373.788000000005,,,,False,CMFT_Engine,Balanced,0.0
2021-05-01,2021-05-01,Canola,2020,10,6373.788000000005,0.0,4.285,0.0,,868.7333333333332,29.842999999999847,724.209,4755.287666666672,,,,False,CMFT_Engine,Balanced,0.0
2021-06-01,2021-06-01,Canola,2020,11,4755.287666666672,0.0,11.665999999999999,0.0,,868.7333333333332,29.842999999999847,680.535,3187.8423333333385,,,,False,CMFT_Engine,Balanced,4.547473508864641e-13
2021-07-01,2021-07-01,Canola,2020,12,3187.8423333333385,0.0,9.366,0.0,,868.7333333333332,29.842999999999847,522.632,1776.0,,,,True,CMFT_Engine,Balanced,5.4569682106375694e-12
2021-08-01,2021-08-01,Canola,2021,1,1776.0,14248.3,9.161000000000001,0.0,,712.9499999999999,70.33149999999982,243.147,15007.0325,22.270249,22.10622,28.419294105912275,False,CMFT_Engine,Balanced,-1.8189894035458565e-12
2021-09-01,2021-09-01,Canola,2021,2,15007.0325,0.0,15.520999999999999,0.0,,712.9499999999999,70.33149999999982,270.76,13968.512,,,,False,CMFT_Engine,Balanced,-1.8189894035458565e-12
2021-10-01,2021-10-01,Canola,2021,3,13968.512,0.0,11.851,0.0,,712.9499999999999,70.33149999999982,1023.5020000000001,12173.579500000002,,,,False,CMFT_Engine,Balanced,-1.8189894035458565e-12
2021-11-01,2021-11-01,Canola,2021,4,12173.579500000002,0.0,6.981999999999999,0.0,,712.9499999999999,70.33149999999982,811.804,10585.476000000002,,,,False,CMFT_Engine,Balanced,-1.8189894035458565e-12
2021-12-01,2021-12-01,Canola,2021,5,10585.476000000002,0.0,15.927999999999999,0.0,,712.9499999999999,70.33149999999982,580.619,9237.503500000003,,,,False,CMFT_Engine,Balanced,-1.8189894035458565e-12
2022-01-01,2022-01-01,Canola,2021,6,9237.503500000003,0.0,9.562999999999999,0.0,,712.9499999999999,70.33149999999982,492.05199999999996,7971.733000000002,,,,False,CMFT_Engine,Balanced,0.0
2022-02-01,2022-02-01,Canola,2021,7,7971.733000000002,0.0,8.027,0.0,,712.9499999999999,70.33149999999982,299.356,6897.122500000002,,,,False,CMFT_Engine,Balanced,0.0
2022-03-01,2022-03-01,Canola,2021,8,6897.122500000002,0.0,14.311,0.0,,712.9499999999999,70.33149999999982,315.015,5813.1370000000015,,,,False,CMFT_Engine,Balanced,0.0
2022-04-01,2022-04-01,Canola,2021,9,5813.1370000000015,0.0,4.066,0.0,,712.9499999999999,70.33149999999982,252.544,4781.377500000001,,,,False,CMFT_Engine,Balanced,0.0
2022-05-01,2022-05-01,Canola,2021,10,4781.377500000001,0.0,2.12,0.0,,712.9499999999999,70.33149999999982,350.01800000000003,3650.1980000000017,,,,False,CMFT_Engine,Balanced,0.0
2022-06-01,2022-06-01,Canola,2021,11,3650.1980000000017,0.0,3.461,0.0,,712.9499999999999,70.33149999999982,294.95300000000003,2575.4245000000014,,,,False,CMFT_Engine,Balanced,4.547473508864641e-13
2022-07-01,2022-07-01,Canola,2021,12,2575.4245000000014,0.0,3.746,0.0,,712.9499999999999,70.33149999999982,311.789,1484.1,,,,True,CMFT_Engine,Balanced,2.0463630789890885e-12
2022-08-01,2022-08-01,Canola,2022,1,1484.1,18849.8,6.5,0.0,,830.1166666666667,59.22050000000005,111.412,19339.650833333333,21.3957,21.2418,39.12732473236731,False,CMFT_Engine,Balanced,0.0
2022-09-01,2022-09-01,Canola,2022,2,19339.650833333333,0.0,15.963,0.0,,830.1166666666667,59.22050000000005,230.667,18235.609666666667,,,,False,CMFT_Engine,Balanced,0.0
2022-10-01,2022-10-01,Canola,2022,3,18235.609666666667,0.0,27.298000000000002,0.0,,830.1166666666667,59.22050000000005,1162.202,16211.3685,,,,False,CMFT_Engine,Balanced,1.8189894035458565e-12
2022-11-01,2022-11-01,Canola,2022,4,16211.3685,0.0,17.442999999999998,0.0,,830.1166666666667,59.22050000000005,1133.9750000000001,14205.499333333333,,,,False,CMFT_Engine,Balanced,0.0
2022-12-01,2022-12-01,Canola,2022,5,14205.499333333333,0.0,15.926,0.0,,830.1166666666667,59.22050000000005,710.691,12621.397166666666,,,,False,CMFT_Engine,Balanced,0.0
2023-01-01,2023-01-01,Canola,2022,6,12621.397166666666,0.0,15.103,0.0,,830.1166666666667,59.22050000000005,752.8939999999999,10994.268999999998,,,,False,CMFT_Engine,Balanced,0.0
2023-02-01,2023-02-01,Canola,2022,7,10994.268999999998,0.0,9.99,0.0,,830.1166666666667,59.22050000000005,773.821,9341.100833333332,,,,False,CMFT_Engine,Balanced,0.0
2023-03-01,2023-03-01,Canola,2022,8,9341.100833333332,0.0,17.409,0.0,,830.1166666666667,59.22050000000005,928.41,7540.762666666665,,,,False,CMFT_Engine,Balanced,9.094947017729282e-13
2023-04-01,2023-04-01,Canola,2022,9,7540.762666666665,0.0,10.428,0.0,,830.1166666666667,59.22050000000005,681.0759999999999,5980.777499999997,,,,False,CMFT_Engine,Balanced,0.0
2023-05-01,2023-05-01,Canola,2022,10,5980.777499999997,0.0,4.407,0.0,,830.1166666666667,59.22050000000005,560.849,4534.99833333333,,,,False,CMFT_Engine,Balanced,0.0
2023-06-01,2023-06-01,Canola,2022,11,4534.99833333333,0.0,0.516,0.0,,830.1166666666667,59.22050000000005,295.541,3350.636166666663,,,,False,CMFT_Engine,Balanced,0.0
2023-07-01,2023-07-01,Canola,2022,12,3350.636166666663,0.0,10.346,0.0,,830.1166666666667,59.22050000000005,609.145,1862.5,,,,True,CMFT_Engine,Balanced,-3.637978807091713e-12
2023-08-01,2023-08-01,Canola,2023,1,1862.5,19463.6,53.196999999999996,0.0,,919.4083333333333,44.40991666666704,415.761,19999.71775,22.0867,21.8852,39.213659596439605,False,CMFT_Engine,Balanced,0.0
2023-09-01,2023-09-01,Canola,2023,2,19999.71775,0.0,20.873,0.0,,919.4083333333333,44.40991666666704,255.5,18801.2725,,,,False,CMFT_Engine,Balanced,0.0
2023-10-01,2023-10-01,Canola,2023,3,18801.2725,0.0,51.703,0.0,,919.4083333333333,44.40991666666704,895.212,16993.94525,,,,False,CMFT_Engine,Balanced,0.0
2023-11-01,2023-11-01,Canola,2023,4,16993.94525,0.0,67.614,0.0,,919.4083333333333,44.40991666666704,505.07899999999995,15592.662000000002,,,,False,CMFT_Engine,Balanced,0.0
2023-12-01,2023-12-01,Canola,2023,5,15592.662000000002,0.0,14.102,0.0,,919.4083333333333,44.40991666666704,414.75,14228.195750000003,,,,False,CMFT_Engine,Balanced,0.0
2024-01-01,2024-01-01,Canola,2023,6,14228.195750000003,0.0,16.524,0.0,,919.4083333333333,44.40991666666704,496.84999999999997,12784.051500000001,,,,False,CMFT_Engine,Balanced,0.0
2024-02-01,2024-02-01,Canola,2023,7,12784.051500000001,0.0,9.31,0.0,,919.4083333333333,44.40991666666704,368.017,11461.52625,,,,False,CMFT_Engine,Balanced,0.0
2024-03-01,2024-03-01,Canola,2023,8,11461.52625,0.0,13.780999999999999,0.0,,919.4083333333333,44.40991666666704,616.065,9895.424,,,,False,CMFT_Engine,Balanced,0.0
2024-04-01,2024-04-01,Canola,2023,9,9895.424,0.0,5.978,0.0,,919.4083333333333,44.40991666666704,524.257,8413.32675,,,,False,CMFT_Engine,Balanced,0.0
2024-05-01,2024-05-01,Canola,2023,10,8413.32675,0.0,5.2299999999999995,0.0,,919.4083333333333,44.40991666666704,925.031,6529.707499999999,,,,False,CMFT_Engine,Balanced,9.094947017729282e-13
2024-06-01,2024-06-01,Canola,2023,11,6529.707499999999,0.0,6.628,0.0,,919.4083333333333,44.40991666666704,815.996,4756.521249999998,,,,False,CMFT_Engine,Balanced,-9.094947017729282e-13
2024-07-01,2024-07-01,Canola,2023,12,4756.521249999998,0.0,11.155999999999999,0.0,,919.4083333333333,44.40991666666704,579.059,3224.8,,,,True,CMFT_Engine,Balanced,-2.7284841053187847e-12
2024-08-01,2024-08-01,Canola,2024,1,3224.8,19239.5,10.930000000000001,0.0,,951.0,16.601333333333304,978.963,20528.665666666668,22.0108,21.8586,38.80933151025226,False,CMFT_Engine,Balanced,0.0
2024-09-01,2024-09-01,Canola,2024,2,20528.665666666668,0.0,17.125,0.0,,951.0,16.601333333333304,708.816,18869.373333333337,,,,False,CMFT_Engine,Balanced,0.0
2024-10-01,2024-10-01,Canola,2024,3,18869.373333333337,0.0,31.084,0.0,,951.0,16.601333333333304,1195.87,16736.986000000004,,,,False,CMFT_Engine,Balanced,0.0
2024-11-01,2024-11-01,Canola,2024,4,16736.986000000004,0.0,14.514000000000001,0.0,,951.0,16.601333333333304,867.956,14915.94266666667,,,,False,CMFT_Engine,Balanced,0.0
2024-12-01,2024-12-01,Canola,2024,5,14915.94266666667,0.0,11.859,0.0,,951.0,16.601333333333304,656.157,13304.043333333337,,,,False,CMFT_Engine,Balanced,0.0
2025-01-01,2025-01-01,Canola,2024,6,13304.043333333337,0.0,13.565,0.0,,951.0,16.601333333333304,873.742,11476.265000000003,,,,False,CMFT_Engine,Balanced,0.0
2025-02-01,2025-02-01,Canola,2024,7,11476.265000000003,0.0,5.771999999999999,0.0,,951.0,16.601333333333304,652.038,9862.39766666667,,,,False,CMFT_Engine,Balanced,0.0
2025-03-01,2025-03-01,Canola,2024,8,9862.39766666667,0.0,2.655,0.0,,951.0,16.601333333333304,838.563,8058.888333333337,,,,False,CMFT_Engine,Balanced,-9.094947017729282e-13
2025-04-01,2025-04-01,Canola,2024,9,8058.888333333337,0.0,3.871,0.0,,951.0,16.601333333333304,917.451,6177.707000000004,,,,False,CMFT_Engine,Balanced,0.0
2025-05-01,2025-05-01,Canola,2024,10,6177.707000000004,0.0,3.784,0.0,,951.0,16.601333333333304,637.026,4576.863666666671,,,,False,CMFT_Engine,Balanced,0.0
2025-06-01,2025-06-01,Canola,2024,11,4576.863666666671,0.0,3.1750000000000003,0.0,,951.0,16.601333333333304,651.261,2961.1763333333374,,,,False,CMFT_Engine,Balanced,0.0
2025-07-01,2025-07-01,Canola,2024,12,2961.1763333333374,0.0,12.540000000000001,0.0,,951.0,16.601333333333304,408.815,1597.3,,,,True,CMFT_Engine,Balanced,4.092726157978177e-12
2025-08-01,2025-08-01,Canola,2025,1,1597.3,22227.4,14.269,0.0,,1074.2083333333333,15.419499999999971,478.79,22270.551166666668,21.6381,21.5107,45.561587233330386,False,CMFT_Engine,Balanced,0.0
2025-09-01,2025-09-01,Canola,2025,2,22270.551166666668,0.0,27.629,0.0,,1074.2083333333333,15.419499999999971,246.071,20962.481333333337,,,,False,CMFT_Engine,Balanced,0.0
2025-10-01,2025-10-01,Canola,2025,3,20962.481333333337,0.0,29.536,0.0,,1074.2083333333333,15.419499999999971,650.983,19251.406500000005,,,,False,CMFT_Engine,Balanced,0.0
2025-11-01,2025-11-01,Canola,2025,4,19251.406500000005,0.0,13.017000000000001,0.0,,1074.2083333333333,15.419499999999971,631.81,17542.98566666667,,,,False,CMFT_Engine,Balanced,0.0
2025-12-01,2025-12-01,Canola,2025,5,17542.98566666667,0.0,6.499999999999999,0.0,,1074.2083333333333,15.419499999999971,654.829,15805.028833333337,,,,False,CMFT_Engine,Balanced,1.8189894035458565e-12
2026-01-01,2026-01-01,Canola,2025,6,15805.028833333337,0.0,2.271,0.0,,1074.2083333333333,15.419499999999971,796.419,13921.253000000004,,,,False,CMFT_Engine,Balanced,0.0
2026-02-01,2026-02-01,Canola,2025,7,13921.253000000004,0.0,2.944,0.0,,1074.2083333333333,15.419499999999971,807.18,12027.389166666671,,,,False,CMFT_Engine,Balanced,-1.8189894035458565e-12
2026-03-01,2026-03-01,Canola,2025,8,12027.389166666671,0.0,3.4899999999999998,0.0,,1074.2083333333333,15.419499999999971,1008.359,9932.892333333337,,,,False,CMFT_Engine,Balanced,0.0
2026-04-01,2026-04-01,Canola,2025,9,9932.892333333337,0.0,3.617,0.0,,1074.2083333333333,15.419499999999971,779.773,8067.108500000004,,,,False,CMFT_Engine,Balanced,-9.094947017729282e-13
2026-05-01,2026-05-01,Canola,2025,10,8067.108500000004,0.0,1.904,0.0,,1074.2083333333333,15.419499999999971,1111.289,5868.095666666672,,,,False,CMFT_Engine,Balanced,0.0
2026-06-01,2026-06-01,Canola,2025,11,5868.095666666672,0.0,0.9650000000000001,0.0,,1074.2083333333333,15.419499999999971,758.191,4021.2418333333385,,,,False,CMFT_Engine,Balanced,4.547473508864641e-13
2026-07-01,2026-07-01,Canola,2025,12,4021.2418333333385,0.0,3.08,0.0,,1074.2083333333333,15.419499999999971,1035.194,1899.5,,,,True,CMFT_Engine,Balanced,5.002220859751105e-12
1998-08-01,1998-08-01,Dry peas,1998,1,380.0,2336.8,,,,,195.15,,2521.65,2.68,2.665,32.218640960600375,False,CMFT_Engine,Balanced,0.0
1998-09-01,1998-09-01,Dry peas,1998,2,2521.65,0.0,,,,,195.15,,2326.5,,,,False,CMFT_Engine,Balanced,0.0
1998-10-01,1998-10-01,Dry peas,1998,3,2326.5,0.0,,,,,195.15,,2131.35,,,,False,CMFT_Engine,Balanced,0.0
1998-11-01,1998-11-01,Dry peas,1998,4,2131.35,0.0,,,,,195.15,,1936.1999999999998,,,,False,CMFT_Engine,Balanced,0.0
1998-12-01,1998-12-01,Dry peas,1998,5,1936.1999999999998,0.0,,,,,195.15,,1741.0499999999997,,,,False,CMFT_Engine,Balanced,0.0
1999-01-01,1999-01-01,Dry peas,1998,6,1741.0499999999997,0.0,,,,,195.15,,1545.8999999999996,,,,False,CMFT_Engine,Balanced,0.0
1999-02-01,1999-02-01,Dry peas,1998,7,1545.8999999999996,0.0,,,,,195.15,,1350.7499999999995,,,,False,CMFT_Engine,Balanced,0.0
1999-03-01,1999-03-01,Dry peas,1998,8,1350.7499999999995,0.0,,,,,195.15,,1155.5999999999995,,,,False,CMFT_Engine,Balanced,0.0
1999-04-01,1999-04-01,Dry peas,1998,9,1155.5999999999995,0.0,,,,,195.15,,960.4499999999995,,,,False,CMFT_Engine,Balanced,0.0
1999-05-01,1999-05-01,Dry peas,1998,10,960.4499999999995,0.0,,,,,195.15,,765.2999999999995,,,,False,CMFT_Engine,Balanced,0.0
1999-06-01,1999-06-01,Dry peas,1998,11,765.2999999999995,0.0,,,,,195.15,,570.1499999999995,,,,False,CMFT_Engine,Balanced,0.0
1999-07-01,1999-07-01,Dry peas,1998,12,570.1499999999995,0.0,,,,,195.15,,375.0,,,,True,CMFT_Engine,Balanced,-4.547473508864641e-13
1999-08-01,1999-08-01,Dry peas,1999,1,375.0,2251.9,,,,,185.57500000000002,,2441.3250000000003,2.104,2.064,40.08872966569767,False,CMFT_Engine,Balanced,0.0
1999-09-01,1999-09-01,Dry peas,1999,2,2441.3250000000003,0.0,,,,,185.57500000000002,,2255.7500000000005,,,,False,CMFT_Engine,Balanced,0.0
1999-10-01,1999-10-01,Dry peas,1999,3,2255.7500000000005,0.0,,,,,185.57500000000002,,2070.1750000000006,,,,False,CMFT_Engine,Balanced,0.0
1999-11-01,1999-11-01,Dry peas,1999,4,2070.1750000000006,0.0,,,,,185.57500000000002,,1884.6000000000006,,,,False,CMFT_Engine,Balanced,0.0
1999-12-01,1999-12-01,Dry peas,1999,5,1884.6000000000006,0.0,,,,,185.57500000000002,,1699.0250000000005,,,,False,CMFT_Engine,Balanced,0.0
2000-01-01,2000-01-01,Dry peas,1999,6,1699.0250000000005,0.0,,,,,185.57500000000002,,1513.4500000000005,,,,False,CMFT_Engine,Balanced,0.0
2000-02-01,2000-02-01,Dry peas,1999,7,1513.4500000000005,0.0,,,,,185.57500000000002,,1327.8750000000005,,,,False,CMFT_Engine,Balanced,0.0
2000-03-01,2000-03-01,Dry peas,1999,8,1327.8750000000005,0.0,,,,,185.57500000000002,,1142.3000000000004,,,,False,CMFT_Engine,Balanced,0.0
2000-04-01,2000-04-01,Dry peas,1999,9,1142.3000000000004,0.0,,,,,185.57500000000002,,956.7250000000004,,,,False,CMFT_Engine,Balanced,0.0
2000-05-01,2000-05-01,Dry peas,1999,10,956.7250000000004,0.0,,,,,185.57500000000002,,771.1500000000003,,,,False,CMFT_Engine,Balanced,0.0
2000-06-01,2000-06-01,Dry peas,1999,11,771.1500000000003,0.0,,,,,185.57500000000002,,585.5750000000003,,,,False,CMFT_Engine,Balanced,0.0
2000-07-01,2000-07-01,Dry peas,1999,12,585.5750000000003,0.0,,,,,185.57500000000002,,400.0,,,,True,CMFT_Engine,Balanced,2.2737367544323206e-13
2000-08-01,2000-08-01,Dry peas,2000,1,400.0,2864.3,,,,,255.775,,3008.525,3.065,3.015,34.907124348258705,False,CMFT_Engine,Balanced,0.0
2000-09-01,2000-09-01,Dry peas,2000,2,3008.525,0.0,,,,,255.775,,2752.75,,,,False,CMFT_Engine,Balanced,0.0
2000-10-01,2000-10-01,Dry peas,2000,3,2752.75,0.0,,,,,255.775,,2496.975,,,,False,CMFT_Engine,Balanced,0.0
2000-11-01,2000-11-01,Dry peas,2000,4,2496.975,0.0,,,,,255.775,,2241.2,,,,False,CMFT_Engine,Balanced,0.0
2000-12-01,2000-12-01,Dry peas,2000,5,2241.2,0.0,,,,,255.775,,1985.4249999999997,,,,False,CMFT_Engine,Balanced,0.0
2001-01-01,2001-01-01,Dry peas,2000,6,1985.4249999999997,0.0,,,,,255.775,,1729.6499999999996,,,,False,CMFT_Engine,Balanced,0.0
2001-02-01,2001-02-01,Dry peas,2000,7,1729.6499999999996,0.0,,,,,255.775,,1473.8749999999995,,,,False,CMFT_Engine,Balanced,0.0
2001-03-01,2001-03-01,Dry peas,2000,8,1473.8749999999995,0.0,,,,,255.775,,1218.0999999999995,,,,False,CMFT_Engine,Balanced,0.0
2001-04-01,2001-04-01,Dry peas,2000,9,1218.0999999999995,0.0,,,,,255.775,,962.3249999999995,,,,False,CMFT_Engine,Balanced,0.0
2001-05-01,2001-05-01,Dry peas,2000,10,962.3249999999995,0.0,,,,,255.775,,706.5499999999995,,,,False,CMFT_Engine,Balanced,0.0
2001-06-01,2001-06-01,Dry peas,2000,11,706.5499999999995,0.0,,,,,255.775,,450.7749999999995,,,,False,CMFT_Engine,Balanced,0.0
2001-07-01,2001-07-01,Dry peas,2000,12,450.7749999999995,0.0,,,,,255.775,,195.0,,,,True,CMFT_Engine,Balanced,-4.831690603168681e-13
2001-08-01,2001-08-01,Dry peas,2001,1,195.0,2044.8,,,,,163.73333333333335,,2076.0666666666666,3.32,3.175,23.664100081889764,False,CMFT_Engine,Balanced,0.0
2001-09-01,2001-09-01,Dry peas,2001,2,2076.0666666666666,0.0,,,,,163.73333333333335,,1912.3333333333333,,,,False,CMFT_Engine,Balanced,0.0
2001-10-01,2001-10-01,Dry peas,2001,3,1912.3333333333333,0.0,,,,,163.73333333333335,,1748.6,,,,False,CMFT_Engine,Balanced,0.0
2001-11-01,2001-11-01,Dry peas,2001,4,1748.6,0.0,,,,,163.73333333333335,,1584.8666666666666,,,,False,CMFT_Engine,Balanced,0.0
2001-12-01,2001-12-01,Dry peas,2001,5,1584.8666666666666,0.0,,,,,163.73333333333335,,1421.1333333333332,,,,False,CMFT_Engine,Balanced,0.0
2002-01-01,2002-01-01,Dry peas,2001,6,1421.1333333333332,0.0,,,,,163.73333333333335,,1257.3999999999999,,,,False,CMFT_Engine,Balanced,0.0
2002-02-01,2002-02-01,Dry peas,2001,7,1257.3999999999999,0.0,,,,,163.73333333333335,,1093.6666666666665,,,,False,CMFT_Engine,Balanced,0.0
2002-03-01,2002-03-01,Dry peas,2001,8,1093.6666666666665,0.0,,,,,163.73333333333335,,929.9333333333332,,,,False,CMFT_Engine,Balanced,0.0
2002-04-01,2002-04-01,Dry peas,2001,9,929.9333333333332,0.0,,,,,163.73333333333335,,766.1999999999998,,,,False,CMFT_Engine,Balanced,0.0
2002-05-01,2002-05-01,Dry peas,2001,10,766.1999999999998,0.0,,,,,163.73333333333335,,602.4666666666665,,,,False,CMFT_Engine,Balanced,0.0
2002-06-01,2002-06-01,Dry peas,2001,11,602.4666666666665,0.0,,,,,163.73333333333335,,438.7333333333331,,,,False,CMFT_Engine,Balanced,0.0
2002-07-01,2002-07-01,Dry peas,2001,12,438.7333333333331,0.0,,,,,163.73333333333335,,275.0,,,,True,CMFT_Engine,Balanced,-2.2737367544323206e-13
2002-08-01,2002-08-01,Dry peas,2002,1,275.0,1283.8,,,,,110.89999999999999,,1447.8999999999999,2.99,2.42,19.492381016528924,False,CMFT_Engine,Balanced,0.0
2002-09-01,2002-09-01,Dry peas,2002,2,1447.8999999999999,0.0,,,,,110.89999999999999,,1336.9999999999998,,,,False,CMFT_Engine,Balanced,0.0
2002-10-01,2002-10-01,Dry peas,2002,3,1336.9999999999998,0.0,,,,,110.89999999999999,,1226.0999999999997,,,,False,CMFT_Engine,Balanced,0.0
2002-11-01,2002-11-01,Dry peas,2002,4,1226.0999999999997,0.0,,,,,110.89999999999999,,1115.1999999999996,,,,False,CMFT_Engine,Balanced,0.0
2002-12-01,2002-12-01,Dry peas,2002,5,1115.1999999999996,0.0,,,,,110.89999999999999,,1004.2999999999996,,,,False,CMFT_Engine,Balanced,0.0
2003-01-01,2003-01-01,Dry peas,2002,6,1004.2999999999996,0.0,,,,,110.89999999999999,,893.3999999999996,,,,False,CMFT_Engine,Balanced,0.0
2003-02-01,2003-02-01,Dry peas,2002,7,893.3999999999996,0.0,,,,,110.89999999999999,,782.4999999999997,,,,False,CMFT_Engine,Balanced,0.0
2003-03-01,2003-03-01,Dry peas,2002,8,782.4999999999997,0.0,,,,,110.89999999999999,,671.5999999999997,,,,False,CMFT_Engine,Balanced,0.0
2003-04-01,2003-04-01,Dry peas,2002,9,671.5999999999997,0.0,,,,,110.89999999999999,,560.6999999999997,,,,False,CMFT_Engine,Balanced,0.0
2003-05-01,2003-05-01,Dry peas,2002,10,560.6999999999997,0.0,,,,,110.89999999999999,,449.7999999999997,,,,False,CMFT_Engine,Balanced,0.0
2003-06-01,2003-06-01,Dry peas,2002,11,449.7999999999997,0.0,,,,,110.89999999999999,,338.89999999999975,,,,False,CMFT_Engine,Balanced,0.0
2003-07-01,2003-07-01,Dry peas,2002,12,338.89999999999975,0.0,,,,,110.89999999999999,,228.0,,,,True,CMFT_Engine,Balanced,-2.2737367544323206e-13
2003-08-01,2003-08-01,Dry peas,2003,1,228.0,1930.9,,,,,163.24166666666667,,1995.6583333333333,2.89,2.84,24.981834623239436,False,CMFT_Engine,Balanced,0.0
2003-09-01,2003-09-01,Dry peas,2003,2,1995.6583333333333,0.0,,,,,163.24166666666667,,1832.4166666666665,,,,False,CMFT_Engine,Balanced,0.0
2003-10-01,2003-10-01,Dry peas,2003,3,1832.4166666666665,0.0,,,,,163.24166666666667,,1669.1749999999997,,,,False,CMFT_Engine,Balanced,0.0
2003-11-01,2003-11-01,Dry peas,2003,4,1669.1749999999997,0.0,,,,,163.24166666666667,,1505.933333333333,,,,False,CMFT_Engine,Balanced,0.0
2003-12-01,2003-12-01,Dry peas,2003,5,1505.933333333333,0.0,,,,,163.24166666666667,,1342.6916666666662,,,,False,CMFT_Engine,Balanced,0.0
2004-01-01,2004-01-01,Dry peas,2003,6,1342.6916666666662,0.0,,,,,163.24166666666667,,1179.4499999999994,,,,False,CMFT_Engine,Balanced,0.0
2004-02-01,2004-02-01,Dry peas,2003,7,1179.4499999999994,0.0,,,,,163.24166666666667,,1016.2083333333327,,,,False,CMFT_Engine,Balanced,0.0
2004-03-01,2004-03-01,Dry peas,2003,8,1016.2083333333327,0.0,,,,,163.24166666666667,,852.966666666666,,,,False,CMFT_Engine,Balanced,0.0
2004-04-01,2004-04-01,Dry peas,2003,9,852.966666666666,0.0,,,,,163.24166666666667,,689.7249999999993,,,,False,CMFT_Engine,Balanced,0.0
2004-05-01,2004-05-01,Dry peas,2003,10,689.7249999999993,0.0,,,,,163.24166666666667,,526.4833333333327,,,,False,CMFT_Engine,Balanced,0.0
2004-06-01,2004-06-01,Dry peas,2003,11,526.4833333333327,0.0,,,,,163.24166666666667,,363.241666666666,,,,False,CMFT_Engine,Balanced,0.0
2004-07-01,2004-07-01,Dry peas,2003,12,363.241666666666,0.0,,,,,163.24166666666667,,200.0,,,,True,CMFT_Engine,Balanced,-6.821210263296962e-13
2004-08-01,2004-08-01,Dry peas,2004,1,200.0,3097.2,,,,,235.35,,3061.85,3.17,3.074,37.02101094339622,False,CMFT_Engine,Balanced,0.0
2004-09-01,2004-09-01,Dry peas,2004,2,3061.85,0.0,,,,,235.35,,2826.5,,,,False,CMFT_Engine,Balanced,0.0
2004-10-01,2004-10-01,Dry peas,2004,3,2826.5,0.0,,,,,235.35,,2591.15,,,,False,CMFT_Engine,Balanced,0.0
2004-11-01,2004-11-01,Dry peas,2004,4,2591.15,0.0,,,,,235.35,,2355.8,,,,False,CMFT_Engine,Balanced,0.0
2004-12-01,2004-12-01,Dry peas,2004,5,2355.8,0.0,,,,,235.35,,2120.4500000000003,,,,False,CMFT_Engine,Balanced,0.0
2005-01-01,2005-01-01,Dry peas,2004,6,2120.4500000000003,0.0,,,,,235.35,,1885.1000000000004,,,,False,CMFT_Engine,Balanced,0.0
2005-02-01,2005-02-01,Dry peas,2004,7,1885.1000000000004,0.0,,,,,235.35,,1649.7500000000005,,,,False,CMFT_Engine,Balanced,0.0
2005-03-01,2005-03-01,Dry peas,2004,8,1649.7500000000005,0.0,,,,,235.35,,1414.4000000000005,,,,False,CMFT_Engine,Balanced,0.0
2005-04-01,2005-04-01,Dry peas,2004,9,1414.4000000000005,0.0,,,,,235.35,,1179.0500000000006,,,,False,CMFT_Engine,Balanced,0.0
2005-05-01,2005-05-01,Dry peas,2004,10,1179.0500000000006,0.0,,,,,235.35,,943.7000000000006,,,,False,CMFT_Engine,Balanced,0.0
2005-06-01,2005-06-01,Dry peas,2004,11,943.7000000000006,0.0,,,,,235.35,,708.3500000000006,,,,False,CMFT_Engine,Balanced,0.0
2005-07-01,2005-07-01,Dry peas,2004,12,708.3500000000006,0.0,,,,,235.35,,473.0,,,,True,CMFT_Engine,Balanced,5.684341886080801e-13
2005-08-01,2005-08-01,Dry peas,2005,1,473.0,2993.6,,,,,258.6333333333333,,3207.9666666666667,3.22,3.13,35.1424729456869,False,CMFT_Engine,Balanced,0.0
2005-09-01,2005-09-01,Dry peas,2005,2,3207.9666666666667,0.0,,,,,258.6333333333333,,2949.3333333333335,,,,False,CMFT_Engine,Balanced,0.0
2005-10-01,2005-10-01,Dry peas,2005,3,2949.3333333333335,0.0,,,,,258.6333333333333,,2690.7000000000003,,,,False,CMFT_Engine,Balanced,0.0
2005-11-01,2005-11-01,Dry peas,2005,4,2690.7000000000003,0.0,,,,,258.6333333333333,,2432.066666666667,,,,False,CMFT_Engine,Balanced,0.0
2005-12-01,2005-12-01,Dry peas,2005,5,2432.066666666667,0.0,,,,,258.6333333333333,,2173.433333333334,,,,False,CMFT_Engine,Balanced,0.0
2006-01-01,2006-01-01,Dry peas,2005,6,2173.433333333334,0.0,,,,,258.6333333333333,,1914.8000000000006,,,,False,CMFT_Engine,Balanced,0.0
2006-02-01,2006-02-01,Dry peas,2005,7,1914.8000000000006,0.0,,,,,258.6333333333333,,1656.1666666666674,,,,False,CMFT_Engine,Balanced,0.0
2006-03-01,2006-03-01,Dry peas,2005,8,1656.1666666666674,0.0,,,,,258.6333333333333,,1397.5333333333342,,,,False,CMFT_Engine,Balanced,0.0
2006-04-01,2006-04-01,Dry peas,2005,9,1397.5333333333342,0.0,,,,,258.6333333333333,,1138.900000000001,,,,False,CMFT_Engine,Balanced,0.0
2006-05-01,2006-05-01,Dry peas,2005,10,1138.900000000001,0.0,,,,,258.6333333333333,,880.2666666666677,,,,False,CMFT_Engine,Balanced,0.0
2006-06-01,2006-06-01,Dry peas,2005,11,880.2666666666677,0.0,,,,,258.6333333333333,,621.6333333333343,,,,False,CMFT_Engine,Balanced,0.0
2006-07-01,2006-07-01,Dry peas,2005,12,621.6333333333343,0.0,,,,,258.6333333333333,,363.0,,,,True,CMFT_Engine,Balanced,1.0231815394945443e-12
2006-08-01,2006-08-01,Dry peas,2006,1,363.0,2519.9,,,,,226.32500000000002,,2656.5750000000003,3.115515,3.041,30.447369164748434,False,CMFT_Engine,Balanced,0.0
2006-09-01,2006-09-01,Dry peas,2006,2,2656.5750000000003,0.0,,,,,226.32500000000002,,2430.2500000000005,,,,False,CMFT_Engine,Balanced,0.0
2006-10-01,2006-10-01,Dry peas,2006,3,2430.2500000000005,0.0,,,,,226.32500000000002,,2203.9250000000006,,,,False,CMFT_Engine,Balanced,0.0
2006-11-01,2006-11-01,Dry peas,2006,4,2203.9250000000006,0.0,,,,,226.32500000000002,,1977.6000000000006,,,,False,CMFT_Engine,Balanced,0.0
2006-12-01,2006-12-01,Dry peas,2006,5,1977.6000000000006,0.0,,,,,226.32500000000002,,1751.2750000000005,,,,False,CMFT_Engine,Balanced,0.0
2007-01-01,2007-01-01,Dry peas,2006,6,1751.2750000000005,0.0,,,,,226.32500000000002,,1524.9500000000005,,,,False,CMFT_Engine,Balanced,0.0
2007-02-01,2007-02-01,Dry peas,2006,7,1524.9500000000005,0.0,,,,,226.32500000000002,,1298.6250000000005,,,,False,CMFT_Engine,Balanced,0.0
2007-03-01,2007-03-01,Dry peas,2006,8,1298.6250000000005,0.0,,,,,226.32500000000002,,1072.3000000000004,,,,False,CMFT_Engine,Balanced,0.0
2007-04-01,2007-04-01,Dry peas,2006,9,1072.3000000000004,0.0,,,,,226.32500000000002,,845.9750000000004,,,,False,CMFT_Engine,Balanced,0.0
2007-05-01,2007-05-01,Dry peas,2006,10,845.9750000000004,0.0,,,,,226.32500000000002,,619.6500000000003,,,,False,CMFT_Engine,Balanced,0.0
2007-06-01,2007-06-01,Dry peas,2006,11,619.6500000000003,0.0,,,,,226.32500000000002,,393.3250000000003,,,,False,CMFT_Engine,Balanced,0.0
2007-07-01,2007-07-01,Dry peas,2006,12,393.3250000000003,0.0,,,,,226.32500000000002,,167.0,,,,True,CMFT_Engine,Balanced,2.5579538487363607e-13
2007-08-01,2007-08-01,Dry peas,2007,1,167.0,2934.8,,,,,237.23333333333335,,2864.5666666666666,3.63,3.565,30.248362064516126,False,CMFT_Engine,Balanced,0.0
2007-09-01,2007-09-01,Dry peas,2007,2,2864.5666666666666,0.0,,,,,237.23333333333335,,2627.333333333333,,,,False,CMFT_Engine,Balanced,0.0
2007-10-01,2007-10-01,Dry peas,2007,3,2627.333333333333,0.0,,,,,237.23333333333335,,2390.0999999999995,,,,False,CMFT_Engine,Balanced,0.0
2007-11-01,2007-11-01,Dry peas,2007,4,2390.0999999999995,0.0,,,,,237.23333333333335,,2152.866666666666,,,,False,CMFT_Engine,Balanced,0.0
2007-12-01,2007-12-01,Dry peas,2007,5,2152.866666666666,0.0,,,,,237.23333333333335,,1915.6333333333325,,,,False,CMFT_Engine,Balanced,0.0
2008-01-01,2008-01-01,Dry peas,2007,6,1915.6333333333325,0.0,,,,,237.23333333333335,,1678.3999999999992,,,,False,CMFT_Engine,Balanced,0.0
2008-02-01,2008-02-01,Dry peas,2007,7,1678.3999999999992,0.0,,,,,237.23333333333335,,1441.1666666666658,,,,False,CMFT_Engine,Balanced,0.0
2008-03-01,2008-03-01,Dry peas,2007,8,1441.1666666666658,0.0,,,,,237.23333333333335,,1203.9333333333325,,,,False,CMFT_Engine,Balanced,0.0
2008-04-01,2008-04-01,Dry peas,2007,9,1203.9333333333325,0.0,,,,,237.23333333333335,,966.6999999999991,,,,False,CMFT_Engine,Balanced,0.0
2008-05-01,2008-05-01,Dry peas,2007,10,966.6999999999991,0.0,,,,,237.23333333333335,,729.4666666666658,,,,False,CMFT_Engine,Balanced,0.0
2008-06-01,2008-06-01,Dry peas,2007,11,729.4666666666658,0.0,,,,,237.23333333333335,,492.23333333333244,,,,False,CMFT_Engine,Balanced,0.0
2008-07-01,2008-07-01,Dry peas,2007,12,492.23333333333244,0.0,,,,,237.23333333333335,,255.0,,,,True,CMFT_Engine,Balanced,-9.094947017729282e-13
2008-08-01,2008-08-01,Dry peas,2008,1,255.0,3564.5,,,,,281.2083333333333,,3538.2916666666665,3.985,3.895,33.62590979460847,False,CMFT_Engine,Balanced,0.0
2008-09-01,2008-09-01,Dry peas,2008,2,3538.2916666666665,0.0,,,,,281.2083333333333,,3257.083333333333,,,,False,CMFT_Engine,Balanced,0.0
2008-10-01,2008-10-01,Dry peas,2008,3,3257.083333333333,0.0,,,,,281.2083333333333,,2975.8749999999995,,,,False,CMFT_Engine,Balanced,0.0
2008-11-01,2008-11-01,Dry peas,2008,4,2975.8749999999995,0.0,,,,,281.2083333333333,,2694.666666666666,,,,False,CMFT_Engine,Balanced,0.0
2008-12-01,2008-12-01,Dry peas,2008,5,2694.666666666666,0.0,,,,,281.2083333333333,,2413.4583333333326,,,,False,CMFT_Engine,Balanced,0.0
2009-01-01,2009-01-01,Dry peas,2008,6,2413.4583333333326,0.0,,,,,281.2083333333333,,2132.249999999999,,,,False,CMFT_Engine,Balanced,0.0
2009-02-01,2009-02-01,Dry peas,2008,7,2132.249999999999,0.0,,,,,281.2083333333333,,1851.0416666666658,,,,False,CMFT_Engine,Balanced,0.0
2009-03-01,2009-03-01,Dry peas,2008,8,1851.0416666666658,0.0,,,,,281.2083333333333,,1569.8333333333326,,,,False,CMFT_Engine,Balanced,0.0
2009-04-01,2009-04-01,Dry peas,2008,9,1569.8333333333326,0.0,,,,,281.2083333333333,,1288.6249999999993,,,,False,CMFT_Engine,Balanced,0.0
2009-05-01,2009-05-01,Dry peas,2008,10,1288.6249999999993,0.0,,,,,281.2083333333333,,1007.4166666666661,,,,False,CMFT_Engine,Balanced,0.0
2009-06-01,2009-06-01,Dry peas,2008,11,1007.4166666666661,0.0,,,,,281.2083333333333,,726.2083333333328,,,,False,CMFT_Engine,Balanced,0.0
2009-07-01,2009-07-01,Dry peas,2008,12,726.2083333333328,0.0,,,,,281.2083333333333,,445.0,,,,True,CMFT_Engine,Balanced,-5.115907697472721e-13
2009-08-01,2009-08-01,Dry peas,2009,1,445.0,3379.4,,,,,242.86666666666667,,3581.5333333333333,3.76,3.675,33.78820674285714,False,CMFT_Engine,Balanced,0.0
2009-09-01,2009-09-01,Dry peas,2009,2,3581.5333333333333,0.0,,,,,242.86666666666667,,3338.6666666666665,,,,False,CMFT_Engine,Balanced,0.0
2009-10-01,2009-10-01,Dry peas,2009,3,3338.6666666666665,0.0,,,,,242.86666666666667,,3095.7999999999997,,,,False,CMFT_Engine,Balanced,0.0
2009-11-01,2009-11-01,Dry peas,2009,4,3095.7999999999997,0.0,,,,,242.86666666666667,,2852.933333333333,,,,False,CMFT_Engine,Balanced,0.0
2009-12-01,2009-12-01,Dry peas,2009,5,2852.933333333333,0.0,,,,,242.86666666666667,,2610.066666666666,,,,False,CMFT_Engine,Balanced,0.0
2010-01-01,2010-01-01,Dry peas,2009,6,2610.066666666666,0.0,,,,,242.86666666666667,,2367.1999999999994,,,,False,CMFT_Engine,Balanced,0.0
2010-02-01,2010-02-01,Dry peas,2009,7,2367.1999999999994,0.0,,,,,242.86666666666667,,2124.3333333333326,,,,False,CMFT_Engine,Balanced,0.0
2010-03-01,2010-03-01,Dry peas,2009,8,2124.3333333333326,0.0,,,,,242.86666666666667,,1881.4666666666658,,,,False,CMFT_Engine,Balanced,0.0
2010-04-01,2010-04-01,Dry peas,2009,9,1881.4666666666658,0.0,,,,,242.86666666666667,,1638.599999999999,,,,False,CMFT_Engine,Balanced,0.0
2010-05-01,2010-05-01,Dry peas,2009,10,1638.599999999999,0.0,,,,,242.86666666666667,,1395.7333333333322,,,,False,CMFT_Engine,Balanced,0.0
2010-06-01,2010-06-01,Dry peas,2009,11,1395.7333333333322,0.0,,,,,242.86666666666667,,1152.8666666666654,,,,False,CMFT_Engine,Balanced,0.0
2010-07-01,2010-07-01,Dry peas,2009,12,1152.8666666666654,0.0,,,,,242.86666666666667,,910.0,,,,True,CMFT_Engine,Balanced,-1.2505552149377763e-12
2010-08-01,2010-08-01,Dry peas,2010,1,910.0,3018.2,,,,,282.76666666666665,,3645.4333333333334,3.625,3.432,32.31347183566433,False,CMFT_Engine,Balanced,0.0
2010-09-01,2010-09-01,Dry peas,2010,2,3645.4333333333334,0.0,,,,,282.76666666666665,,3362.666666666667,,,,False,CMFT_Engine,Balanced,0.0
2010-10-01,2010-10-01,Dry peas,2010,3,3362.666666666667,0.0,,,,,282.76666666666665,,3079.9000000000005,,,,False,CMFT_Engine,Balanced,0.0
2010-11-01,2010-11-01,Dry peas,2010,4,3079.9000000000005,0.0,,,,,282.76666666666665,,2797.133333333334,,,,False,CMFT_Engine,Balanced,0.0
2010-12-01,2010-12-01,Dry peas,2010,5,2797.133333333334,0.0,,,,,282.76666666666665,,2514.3666666666677,,,,False,CMFT_Engine,Balanced,0.0
2011-01-01,2011-01-01,Dry peas,2010,6,2514.3666666666677,0.0,,,,,282.76666666666665,,2231.6000000000013,,,,False,CMFT_Engine,Balanced,0.0
2011-02-01,2011-02-01,Dry peas,2010,7,2231.6000000000013,0.0,,,,,282.76666666666665,,1948.8333333333346,,,,False,CMFT_Engine,Balanced,0.0
2011-03-01,2011-03-01,Dry peas,2010,8,1948.8333333333346,0.0,,,,,282.76666666666665,,1666.066666666668,,,,False,CMFT_Engine,Balanced,0.0
2011-04-01,2011-04-01,Dry peas,2010,9,1666.066666666668,0.0,,,,,282.76666666666665,,1383.3000000000013,,,,False,CMFT_Engine,Balanced,0.0
2011-05-01,2011-05-01,Dry peas,2010,10,1383.3000000000013,0.0,,,,,282.76666666666665,,1100.5333333333347,,,,False,CMFT_Engine,Balanced,0.0
2011-06-01,2011-06-01,Dry peas,2010,11,1100.5333333333347,0.0,,,,,282.76666666666665,,817.766666666668,,,,False,CMFT_Engine,Balanced,0.0
2011-07-01,2011-07-01,Dry peas,2010,12,817.766666666668,0.0,,,,,282.76666666666665,,535.0,,,,True,CMFT_Engine,Balanced,1.3642420526593924e-12
2011-08-01,2011-08-01,Dry peas,2011,1,535.0,2502.0,,,,,231.0,,2806.0,2.436726,2.407,38.19390835064396,False,CMFT_Engine,Balanced,0.0
2011-09-01,2011-09-01,Dry peas,2011,2,2806.0,0.0,,,,,231.0,,2575.0,,,,False,CMFT_Engine,Balanced,0.0
2011-10-01,2011-10-01,Dry peas,2011,3,2575.0,0.0,,,,,231.0,,2344.0,,,,False,CMFT_Engine,Balanced,0.0
2011-11-01,2011-11-01,Dry peas,2011,4,2344.0,0.0,,,,,231.0,,2113.0,,,,False,CMFT_Engine,Balanced,0.0
2011-12-01,2011-12-01,Dry peas,2011,5,2113.0,0.0,,,,,231.0,,1882.0,,,,False,CMFT_Engine,Balanced,0.0
2012-01-01,2012-01-01,Dry peas,2011,6,1882.0,0.0,,,,,231.0,,1651.0,,,,False,CMFT_Engine,Balanced,0.0
2012-02-01,2012-02-01,Dry peas,2011,7,1651.0,0.0,,,,,231.0,,1420.0,,,,False,CMFT_Engine,Balanced,0.0
2012-03-01,2012-03-01,Dry peas,2011,8,1420.0,0.0,,,,,231.0,,1189.0,,,,False,CMFT_Engine,Balanced,0.0
2012-04-01,2012-04-01,Dry peas,2011,9,1189.0,0.0,,,,,231.0,,958.0,,,,False,CMFT_Engine,Balanced,0.0
2012-05-01,2012-05-01,Dry peas,2011,10,958.0,0.0,,,,,231.0,,727.0,,,,False,CMFT_Engine,Balanced,0.0
2012-06-01,2012-06-01,Dry peas,2011,11,727.0,0.0,,,,,231.0,,496.0,,,,False,CMFT_Engine,Balanced,0.0
2012-07-01,2012-07-01,Dry peas,2011,12,496.0,0.0,,,,,231.0,,265.0,,,,True,CMFT_Engine,Balanced,0.0
2012-08-01,2012-08-01,Dry peas,2012,1,265.0,3340.8,,,,,285.98333333333335,,3319.8166666666666,3.73,3.645,33.67718874074074,False,CMFT_Engine,Balanced,0.0
2012-09-01,2012-09-01,Dry peas,2012,2,3319.8166666666666,0.0,,,,,285.98333333333335,,3033.833333333333,,,,False,CMFT_Engine,Balanced,0.0
2012-10-01,2012-10-01,Dry peas,2012,3,3033.833333333333,0.0,,,,,285.98333333333335,,2747.8499999999995,,,,False,CMFT_Engine,Balanced,0.0
2012-11-01,2012-11-01,Dry peas,2012,4,2747.8499999999995,0.0,,,,,285.98333333333335,,2461.866666666666,,,,False,CMFT_Engine,Balanced,0.0
2012-12-01,2012-12-01,Dry peas,2012,5,2461.866666666666,0.0,,,,,285.98333333333335,,2175.8833333333323,,,,False,CMFT_Engine,Balanced,0.0
2013-01-01,2013-01-01,Dry peas,2012,6,2175.8833333333323,0.0,,,,,285.98333333333335,,1889.899999999999,,,,False,CMFT_Engine,Balanced,0.0
2013-02-01,2013-02-01,Dry peas,2012,7,1889.899999999999,0.0,,,,,285.98333333333335,,1603.9166666666656,,,,False,CMFT_Engine,Balanced,0.0
2013-03-01,2013-03-01,Dry peas,2012,8,1603.9166666666656,0.0,,,,,285.98333333333335,,1317.9333333333323,,,,False,CMFT_Engine,Balanced,0.0
2013-04-01,2013-04-01,Dry peas,2012,9,1317.9333333333323,0.0,,,,,285.98333333333335,,1031.949999999999,,,,False,CMFT_Engine,Balanced,0.0
2013-05-01,2013-05-01,Dry peas,2012,10,1031.949999999999,0.0,,,,,285.98333333333335,,745.9666666666656,,,,False,CMFT_Engine,Balanced,0.0
2013-06-01,2013-06-01,Dry peas,2012,11,745.9666666666656,0.0,,,,,285.98333333333335,,459.9833333333322,,,,False,CMFT_Engine,Balanced,0.0
2013-07-01,2013-07-01,Dry peas,2012,12,459.9833333333322,0.0,,,,,285.98333333333335,,174.0,,,,True,CMFT_Engine,Balanced,-1.1368683772161603e-12
2013-08-01,2013-08-01,Dry peas,2013,1,174.0,3960.8,,,,,317.15000000000003,,3817.65,3.35,3.315,43.90179395475113,False,CMFT_Engine,Balanced,0.0
2013-09-01,2013-09-01,Dry peas,2013,2,3817.65,0.0,,,,,317.15000000000003,,3500.5,,,,False,CMFT_Engine,Balanced,0.0
2013-10-01,2013-10-01,Dry peas,2013,3,3500.5,0.0,,,,,317.15000000000003,,3183.35,,,,False,CMFT_Engine,Balanced,0.0
2013-11-01,2013-11-01,Dry peas,2013,4,3183.35,0.0,,,,,317.15000000000003,,2866.2,,,,False,CMFT_Engine,Balanced,0.0
2013-12-01,2013-12-01,Dry peas,2013,5,2866.2,0.0,,,,,317.15000000000003,,2549.0499999999997,,,,False,CMFT_Engine,Balanced,0.0
2014-01-01,2014-01-01,Dry peas,2013,6,2549.0499999999997,0.0,,,,,317.15000000000003,,2231.8999999999996,,,,False,CMFT_Engine,Balanced,0.0
2014-02-01,2014-02-01,Dry peas,2013,7,2231.8999999999996,0.0,,,,,317.15000000000003,,1914.7499999999995,,,,False,CMFT_Engine,Balanced,0.0
2014-03-01,2014-03-01,Dry peas,2013,8,1914.7499999999995,0.0,,,,,317.15000000000003,,1597.5999999999995,,,,False,CMFT_Engine,Balanced,0.0
2014-04-01,2014-04-01,Dry peas,2013,9,1597.5999999999995,0.0,,,,,317.15000000000003,,1280.4499999999994,,,,False,CMFT_Engine,Balanced,0.0
2014-05-01,2014-05-01,Dry peas,2013,10,1280.4499999999994,0.0,,,,,317.15000000000003,,963.2999999999993,,,,False,CMFT_Engine,Balanced,0.0
2014-06-01,2014-06-01,Dry peas,2013,11,963.2999999999993,0.0,,,,,317.15000000000003,,646.1499999999992,,,,False,CMFT_Engine,Balanced,0.0
2014-07-01,2014-07-01,Dry peas,2013,12,646.1499999999992,0.0,,,,,317.15000000000003,,329.0,,,,True,CMFT_Engine,Balanced,-8.526512829121202e-13
2014-08-01,2014-08-01,Dry peas,2014,1,329.0,3810.1,,,,,287.925,,3851.175,4.04,3.968,35.28154520413306,False,CMFT_Engine,Balanced,0.0
2014-09-01,2014-09-01,Dry peas,2014,2,3851.175,0.0,,,,,287.925,,3563.25,,,,False,CMFT_Engine,Balanced,0.0
2014-10-01,2014-10-01,Dry peas,2014,3,3563.25,0.0,,,,,287.925,,3275.325,,,,False,CMFT_Engine,Balanced,0.0
2014-11-01,2014-11-01,Dry peas,2014,4,3275.325,0.0,,,,,287.925,,2987.3999999999996,,,,False,CMFT_Engine,Balanced,0.0
2014-12-01,2014-12-01,Dry peas,2014,5,2987.3999999999996,0.0,,,,,287.925,,2699.4749999999995,,,,False,CMFT_Engine,Balanced,0.0
2015-01-01,2015-01-01,Dry peas,2014,6,2699.4749999999995,0.0,,,,,287.925,,2411.5499999999993,,,,False,CMFT_Engine,Balanced,0.0
2015-02-01,2015-02-01,Dry peas,2014,7,2411.5499999999993,0.0,,,,,287.925,,2123.624999999999,,,,False,CMFT_Engine,Balanced,0.0
2015-03-01,2015-03-01,Dry peas,2014,8,2123.624999999999,0.0,,,,,287.925,,1835.6999999999991,,,,False,CMFT_Engine,Balanced,0.0
2015-04-01,2015-04-01,Dry peas,2014,9,1835.6999999999991,0.0,,,,,287.925,,1547.7749999999992,,,,False,CMFT_Engine,Balanced,0.0
2015-05-01,2015-05-01,Dry peas,2014,10,1547.7749999999992,0.0,,,,,287.925,,1259.8499999999992,,,,False,CMFT_Engine,Balanced,0.0
2015-06-01,2015-06-01,Dry peas,2014,11,1259.8499999999992,0.0,,,,,287.925,,971.9249999999993,,,,False,CMFT_Engine,Balanced,0.0
2015-07-01,2015-07-01,Dry peas,2014,12,971.9249999999993,0.0,,,,,287.925,,684.0,,,,True,CMFT_Engine,Balanced,-6.821210263296962e-13
2015-08-01,2015-08-01,Dry peas,2015,1,684.0,3200.7,,,,,309.2083333333333,,3575.4916666666663,3.75,3.692,31.85416050650054,False,CMFT_Engine,Balanced,0.0
2015-09-01,2015-09-01,Dry peas,2015,2,3575.4916666666663,0.0,,,,,309.2083333333333,,3266.283333333333,,,,False,CMFT_Engine,Balanced,0.0
2015-10-01,2015-10-01,Dry peas,2015,3,3266.283333333333,0.0,,,,,309.2083333333333,,2957.0749999999994,,,,False,CMFT_Engine,Balanced,0.0
2015-11-01,2015-11-01,Dry peas,2015,4,2957.0749999999994,0.0,,,,,309.2083333333333,,2647.866666666666,,,,False,CMFT_Engine,Balanced,0.0
2015-12-01,2015-12-01,Dry peas,2015,5,2647.866666666666,0.0,,,,,309.2083333333333,,2338.6583333333324,,,,False,CMFT_Engine,Balanced,0.0
2016-01-01,2016-01-01,Dry peas,2015,6,2338.6583333333324,0.0,,,,,309.2083333333333,,2029.4499999999991,,,,False,CMFT_Engine,Balanced,0.0
2016-02-01,2016-02-01,Dry peas,2015,7,2029.4499999999991,0.0,,,,,309.2083333333333,,1720.2416666666659,,,,False,CMFT_Engine,Balanced,0.0
2016-03-01,2016-03-01,Dry peas,2015,8,1720.2416666666659,0.0,,,,,309.2083333333333,,1411.0333333333326,,,,False,CMFT_Engine,Balanced,0.0
2016-04-01,2016-04-01,Dry peas,2015,9,1411.0333333333326,0.0,,,,,309.2083333333333,,1101.8249999999994,,,,False,CMFT_Engine,Balanced,0.0
2016-05-01,2016-05-01,Dry peas,2015,10,1101.8249999999994,0.0,,,,,309.2083333333333,,792.6166666666661,,,,False,CMFT_Engine,Balanced,0.0
2016-06-01,2016-06-01,Dry peas,2015,11,792.6166666666661,0.0,,,,,309.2083333333333,,483.4083333333328,,,,False,CMFT_Engine,Balanced,0.0
2016-07-01,2016-07-01,Dry peas,2015,12,483.4083333333328,0.0,,,,,309.2083333333333,,174.2,,,,True,CMFT_Engine,Balanced,-5.115907697472721e-13
2016-08-01,2016-08-01,Dry peas,2016,1,174.2,4835.9,,,,,392.47499999999997,,4617.624999999999,4.2817,4.144,42.87858562499999,False,CMFT_Engine,Balanced,0.0
2016-09-01,2016-09-01,Dry peas,2016,2,4617.624999999999,0.0,,,,,392.47499999999997,,4225.149999999999,,,,False,CMFT_Engine,Balanced,0.0
2016-10-01,2016-10-01,Dry peas,2016,3,4225.149999999999,0.0,,,,,392.47499999999997,,3832.674999999999,,,,False,CMFT_Engine,Balanced,0.0
2016-11-01,2016-11-01,Dry peas,2016,4,3832.674999999999,0.0,,,,,392.47499999999997,,3440.199999999999,,,,False,CMFT_Engine,Balanced,0.0
2016-12-01,2016-12-01,Dry peas,2016,5,3440.199999999999,0.0,,,,,392.47499999999997,,3047.724999999999,,,,False,CMFT_Engine,Balanced,0.0
2017-01-01,2017-01-01,Dry peas,2016,6,3047.724999999999,0.0,,,,,392.47499999999997,,2655.249999999999,,,,False,CMFT_Engine,Balanced,0.0
2017-02-01,2017-02-01,Dry peas,2016,7,2655.249999999999,0.0,,,,,392.47499999999997,,2262.774999999999,,,,False,CMFT_Engine,Balanced,0.0
2017-03-01,2017-03-01,Dry peas,2016,8,2262.774999999999,0.0,,,,,392.47499999999997,,1870.2999999999993,,,,False,CMFT_Engine,Balanced,0.0
2017-04-01,2017-04-01,Dry peas,2016,9,1870.2999999999993,0.0,,,,,392.47499999999997,,1477.8249999999994,,,,False,CMFT_Engine,Balanced,0.0
2017-05-01,2017-05-01,Dry peas,2016,10,1477.8249999999994,0.0,,,,,392.47499999999997,,1085.3499999999995,,,,False,CMFT_Engine,Balanced,0.0
2017-06-01,2017-06-01,Dry peas,2016,11,1085.3499999999995,0.0,,,,,392.47499999999997,,692.8749999999995,,,,False,CMFT_Engine,Balanced,0.0
2017-07-01,2017-07-01,Dry peas,2016,12,692.8749999999995,0.0,,,,,392.47499999999997,,300.4,,,,True,CMFT_Engine,Balanced,-3.979039320256561e-13
2017-08-01,2017-08-01,Dry peas,2017,1,300.4,4112.2,,,,,313.7,,4098.9,4.093,4.058,37.23446109906357,False,CMFT_Engine,Balanced,0.0
2017-09-01,2017-09-01,Dry peas,2017,2,4098.9,0.0,,,,,313.7,,3785.2,,,,False,CMFT_Engine,Balanced,0.0
2017-10-01,2017-10-01,Dry peas,2017,3,3785.2,0.0,,,,,313.7,,3471.5,,,,False,CMFT_Engine,Balanced,0.0
2017-11-01,2017-11-01,Dry peas,2017,4,3471.5,0.0,,,,,313.7,,3157.8,,,,False,CMFT_Engine,Balanced,0.0
2017-12-01,2017-12-01,Dry peas,2017,5,3157.8,0.0,,,,,313.7,,2844.1000000000004,,,,False,CMFT_Engine,Balanced,0.0
2018-01-01,2018-01-01,Dry peas,2017,6,2844.1000000000004,0.0,,,,,313.7,,2530.4000000000005,,,,False,CMFT_Engine,Balanced,0.0
2018-02-01,2018-02-01,Dry peas,2017,7,2530.4000000000005,0.0,,,,,313.7,,2216.7000000000007,,,,False,CMFT_Engine,Balanced,0.0
2018-03-01,2018-03-01,Dry peas,2017,8,2216.7000000000007,0.0,,,,,313.7,,1903.0000000000007,,,,False,CMFT_Engine,Balanced,0.0
2018-04-01,2018-04-01,Dry peas,2017,9,1903.0000000000007,0.0,,,,,313.7,,1589.3000000000006,,,,False,CMFT_Engine,Balanced,0.0
2018-05-01,2018-05-01,Dry peas,2017,10,1589.3000000000006,0.0,,,,,313.7,,1275.6000000000006,,,,False,CMFT_Engine,Balanced,0.0
2018-06-01,2018-06-01,Dry peas,2017,11,1275.6000000000006,0.0,,,,,313.7,,961.9000000000005,,,,False,CMFT_Engine,Balanced,0.0
2018-07-01,2018-07-01,Dry peas,2017,12,961.9000000000005,0.0,,,,,313.7,,648.2,,,,True,CMFT_Engine,Balanced,4.547473508864641e-13
2018-08-01,2018-08-01,Dry peas,2018,1,648.2,3580.7,,,,,326.38333333333327,,3902.5166666666664,3.6153,3.5365,37.2029313134455,False,CMFT_Engine,Balanced,0.0
2018-09-01,2018-09-01,Dry peas,2018,2,3902.5166666666664,0.0,,,,,326.38333333333327,,3576.133333333333,,,,False,CMFT_Engine,Balanced,0.0
2018-10-01,2018-10-01,Dry peas,2018,3,3576.133333333333,0.0,,,,,326.38333333333327,,3249.75,,,,False,CMFT_Engine,Balanced,0.0
2018-11-01,2018-11-01,Dry peas,2018,4,3249.75,0.0,,,,,326.38333333333327,,2923.366666666667,,,,False,CMFT_Engine,Balanced,0.0
2018-12-01,2018-12-01,Dry peas,2018,5,2923.366666666667,0.0,,,,,326.38333333333327,,2596.9833333333336,,,,False,CMFT_Engine,Balanced,0.0
2019-01-01,2019-01-01,Dry peas,2018,6,2596.9833333333336,0.0,,,,,326.38333333333327,,2270.6000000000004,,,,False,CMFT_Engine,Balanced,0.0
2019-02-01,2019-02-01,Dry peas,2018,7,2270.6000000000004,0.0,,,,,326.38333333333327,,1944.2166666666672,,,,False,CMFT_Engine,Balanced,0.0
2019-03-01,2019-03-01,Dry peas,2018,8,1944.2166666666672,0.0,,,,,326.38333333333327,,1617.833333333334,,,,False,CMFT_Engine,Balanced,0.0
2019-04-01,2019-04-01,Dry peas,2018,9,1617.833333333334,0.0,,,,,326.38333333333327,,1291.4500000000007,,,,False,CMFT_Engine,Balanced,0.0
2019-05-01,2019-05-01,Dry peas,2018,10,1291.4500000000007,0.0,,,,,326.38333333333327,,965.0666666666675,,,,False,CMFT_Engine,Balanced,0.0
2019-06-01,2019-06-01,Dry peas,2018,11,965.0666666666675,0.0,,,,,326.38333333333327,,638.6833333333343,,,,False,CMFT_Engine,Balanced,0.0
2019-07-01,2019-07-01,Dry peas,2018,12,638.6833333333343,0.0,,,,,326.38333333333327,,312.3,,,,True,CMFT_Engine,Balanced,1.0231815394945443e-12
2019-08-01,2019-08-01,Dry peas,2019,1,312.3,4236.5,,,,,359.6333333333334,,4189.166666666667,4.3328,4.2277,36.82018238049057,False,CMFT_Engine,Balanced,0.0
2019-09-01,2019-09-01,Dry peas,2019,2,4189.166666666667,0.0,,,,,359.6333333333334,,3829.5333333333338,,,,False,CMFT_Engine,Balanced,0.0
2019-10-01,2019-10-01,Dry peas,2019,3,3829.5333333333338,0.0,,,,,359.6333333333334,,3469.9000000000005,,,,False,CMFT_Engine,Balanced,0.0
2019-11-01,2019-11-01,Dry peas,2019,4,3469.9000000000005,0.0,,,,,359.6333333333334,,3110.2666666666673,,,,False,CMFT_Engine,Balanced,0.0
2019-12-01,2019-12-01,Dry peas,2019,5,3110.2666666666673,0.0,,,,,359.6333333333334,,2750.633333333334,,,,False,CMFT_Engine,Balanced,0.0
2020-01-01,2020-01-01,Dry peas,2019,6,2750.633333333334,0.0,,,,,359.6333333333334,,2391.000000000001,,,,False,CMFT_Engine,Balanced,0.0
2020-02-01,2020-02-01,Dry peas,2019,7,2391.000000000001,0.0,,,,,359.6333333333334,,2031.3666666666675,,,,False,CMFT_Engine,Balanced,0.0
2020-03-01,2020-03-01,Dry peas,2019,8,2031.3666666666675,0.0,,,,,359.6333333333334,,1671.733333333334,,,,False,CMFT_Engine,Balanced,0.0
2020-04-01,2020-04-01,Dry peas,2019,9,1671.733333333334,0.0,,,,,359.6333333333334,,1312.1000000000006,,,,False,CMFT_Engine,Balanced,0.0
2020-05-01,2020-05-01,Dry peas,2019,10,1312.1000000000006,0.0,,,,,359.6333333333334,,952.4666666666672,,,,False,CMFT_Engine,Balanced,0.0
2020-06-01,2020-06-01,Dry peas,2019,11,952.4666666666672,0.0,,,,,359.6333333333334,,592.8333333333337,,,,False,CMFT_Engine,Balanced,0.0
2020-07-01,2020-07-01,Dry peas,2019,12,592.8333333333337,0.0,,,,,359.6333333333334,,233.2,,,,True,CMFT_Engine,Balanced,3.410605131648481e-13
2020-08-01,2020-08-01,Dry peas,2020,1,233.2,4594.4,,,,,355.6916666666666,,4471.908333333333,4.2554,4.1632,40.54939836664104,False,CMFT_Engine,Balanced,0.0
2020-09-01,2020-09-01,Dry peas,2020,2,4471.908333333333,0.0,,,,,355.6916666666666,,4116.216666666666,,,,False,CMFT_Engine,Balanced,0.0
2020-10-01,2020-10-01,Dry peas,2020,3,4116.216666666666,0.0,,,,,355.6916666666666,,3760.5249999999996,,,,False,CMFT_Engine,Balanced,0.0
2020-11-01,2020-11-01,Dry peas,2020,4,3760.5249999999996,0.0,,,,,355.6916666666666,,3404.833333333333,,,,False,CMFT_Engine,Balanced,0.0
2020-12-01,2020-12-01,Dry peas,2020,5,3404.833333333333,0.0,,,,,355.6916666666666,,3049.1416666666664,,,,False,CMFT_Engine,Balanced,0.0
2021-01-01,2021-01-01,Dry peas,2020,6,3049.1416666666664,0.0,,,,,355.6916666666666,,2693.45,,,,False,CMFT_Engine,Balanced,0.0
2021-02-01,2021-02-01,Dry peas,2020,7,2693.45,0.0,,,,,355.6916666666666,,2337.758333333333,,,,False,CMFT_Engine,Balanced,0.0
2021-03-01,2021-03-01,Dry peas,2020,8,2337.758333333333,0.0,,,,,355.6916666666666,,1982.0666666666666,,,,False,CMFT_Engine,Balanced,0.0
2021-04-01,2021-04-01,Dry peas,2020,9,1982.0666666666666,0.0,,,,,355.6916666666666,,1626.375,,,,False,CMFT_Engine,Balanced,0.0
2021-05-01,2021-05-01,Dry peas,2020,10,1626.375,0.0,,,,,355.6916666666666,,1270.6833333333334,,,,False,CMFT_Engine,Balanced,0.0
2021-06-01,2021-06-01,Dry peas,2020,11,1270.6833333333334,0.0,,,,,355.6916666666666,,914.9916666666668,,,,False,CMFT_Engine,Balanced,0.0
2021-07-01,2021-07-01,Dry peas,2020,12,914.9916666666668,0.0,,,,,355.6916666666666,,559.3,,,,True,CMFT_Engine,Balanced,2.2737367544323206e-13
2021-08-01,2021-08-01,Dry peas,2021,1,559.3,2243.8,,,,,205.33333333333337,,2597.766666666667,3.854729,3.719004,22.168708089585273,False,CMFT_Engine,Balanced,0.0
2021-09-01,2021-09-01,Dry peas,2021,2,2597.766666666667,0.0,,,,,205.33333333333337,,2392.4333333333334,,,,False,CMFT_Engine,Balanced,0.0
2021-10-01,2021-10-01,Dry peas,2021,3,2392.4333333333334,0.0,,,,,205.33333333333337,,2187.1,,,,False,CMFT_Engine,Balanced,0.0
2021-11-01,2021-11-01,Dry peas,2021,4,2187.1,0.0,,,,,205.33333333333337,,1981.7666666666664,,,,False,CMFT_Engine,Balanced,0.0
2021-12-01,2021-12-01,Dry peas,2021,5,1981.7666666666664,0.0,,,,,205.33333333333337,,1776.433333333333,,,,False,CMFT_Engine,Balanced,0.0
2022-01-01,2022-01-01,Dry peas,2021,6,1776.433333333333,0.0,,,,,205.33333333333337,,1571.0999999999995,,,,False,CMFT_Engine,Balanced,0.0
2022-02-01,2022-02-01,Dry peas,2021,7,1571.0999999999995,0.0,,,,,205.33333333333337,,1365.766666666666,,,,False,CMFT_Engine,Balanced,0.0
2022-03-01,2022-03-01,Dry peas,2021,8,1365.766666666666,0.0,,,,,205.33333333333337,,1160.4333333333325,,,,False,CMFT_Engine,Balanced,0.0
2022-04-01,2022-04-01,Dry peas,2021,9,1160.4333333333325,0.0,,,,,205.33333333333337,,955.0999999999991,,,,False,CMFT_Engine,Balanced,0.0
2022-05-01,2022-05-01,Dry peas,2021,10,955.0999999999991,0.0,,,,,205.33333333333337,,749.7666666666657,,,,False,CMFT_Engine,Balanced,0.0
2022-06-01,2022-06-01,Dry peas,2021,11,749.7666666666657,0.0,,,,,205.33333333333337,,544.4333333333324,,,,False,CMFT_Engine,Balanced,0.0
2022-07-01,2022-07-01,Dry peas,2021,12,544.4333333333324,0.0,,,,,205.33333333333337,,339.1,,,,True,CMFT_Engine,Balanced,-1.0231815394945443e-12
2022-08-01,2022-08-01,Dry peas,2022,1,339.1,3423.3,,,,,267.7083333333333,,3494.6916666666666,3.3681,3.3312,37.75957859329971,False,CMFT_Engine,Balanced,0.0
2022-09-01,2022-09-01,Dry peas,2022,2,3494.6916666666666,0.0,,,,,267.7083333333333,,3226.983333333333,,,,False,CMFT_Engine,Balanced,0.0
2022-10-01,2022-10-01,Dry peas,2022,3,3226.983333333333,0.0,,,,,267.7083333333333,,2959.2749999999996,,,,False,CMFT_Engine,Balanced,0.0
2022-11-01,2022-11-01,Dry peas,2022,4,2959.2749999999996,0.0,,,,,267.7083333333333,,2691.566666666666,,,,False,CMFT_Engine,Balanced,0.0
2022-12-01,2022-12-01,Dry peas,2022,5,2691.566666666666,0.0,,,,,267.7083333333333,,2423.8583333333327,,,,False,CMFT_Engine,Balanced,0.0
2023-01-01,2023-01-01,Dry peas,2022,6,2423.8583333333327,0.0,,,,,267.7083333333333,,2156.149999999999,,,,False,CMFT_Engine,Balanced,0.0
2023-02-01,2023-02-01,Dry peas,2022,7,2156.149999999999,0.0,,,,,267.7083333333333,,1888.441666666666,,,,False,CMFT_Engine,Balanced,0.0
2023-03-01,2023-03-01,Dry peas,2022,8,1888.441666666666,0.0,,,,,267.7083333333333,,1620.7333333333327,,,,False,CMFT_Engine,Balanced,0.0
2023-04-01,2023-04-01,Dry peas,2022,9,1620.7333333333327,0.0,,,,,267.7083333333333,,1353.0249999999994,,,,False,CMFT_Engine,Balanced,0.0
2023-05-01,2023-05-01,Dry peas,2022,10,1353.0249999999994,0.0,,,,,267.7083333333333,,1085.3166666666662,,,,False,CMFT_Engine,Balanced,0.0
2023-06-01,2023-06-01,Dry peas,2022,11,1085.3166666666662,0.0,,,,,267.7083333333333,,817.6083333333329,,,,False,CMFT_Engine,Balanced,0.0
2023-07-01,2023-07-01,Dry peas,2022,12,817.6083333333329,0.0,,,,,267.7083333333333,,549.9,,,,True,CMFT_Engine,Balanced,-3.410605131648481e-13
2023-08-01,2023-08-01,Dry peas,2023,1,549.9,2608.8,,,,,238.28333333333333,,2920.416666666667,3.0476,2.9649,32.330589416169175,False,CMFT_Engine,Balanced,0.0
2023-09-01,2023-09-01,Dry peas,2023,2,2920.416666666667,0.0,,,,,238.28333333333333,,2682.1333333333337,,,,False,CMFT_Engine,Balanced,0.0
2023-10-01,2023-10-01,Dry peas,2023,3,2682.1333333333337,0.0,,,,,238.28333333333333,,2443.8500000000004,,,,False,CMFT_Engine,Balanced,0.0
2023-11-01,2023-11-01,Dry peas,2023,4,2443.8500000000004,0.0,,,,,238.28333333333333,,2205.566666666667,,,,False,CMFT_Engine,Balanced,0.0
2023-12-01,2023-12-01,Dry peas,2023,5,2205.566666666667,0.0,,,,,238.28333333333333,,1967.2833333333338,,,,False,CMFT_Engine,Balanced,0.0
2024-01-01,2024-01-01,Dry peas,2023,6,1967.2833333333338,0.0,,,,,238.28333333333333,,1729.0000000000005,,,,False,CMFT_Engine,Balanced,0.0
2024-02-01,2024-02-01,Dry peas,2023,7,1729.0000000000005,0.0,,,,,238.28333333333333,,1490.7166666666672,,,,False,CMFT_Engine,Balanced,0.0
2024-03-01,2024-03-01,Dry peas,2023,8,1490.7166666666672,0.0,,,,,238.28333333333333,,1252.4333333333338,,,,False,CMFT_Engine,Balanced,0.0
2024-04-01,2024-04-01,Dry peas,2023,9,1252.4333333333338,0.0,,,,,238.28333333333333,,1014.1500000000005,,,,False,CMFT_Engine,Balanced,0.0
2024-05-01,2024-05-01,Dry peas,2023,10,1014.1500000000005,0.0,,,,,238.28333333333333,,775.8666666666672,,,,False,CMFT_Engine,Balanced,0.0
2024-06-01,2024-06-01,Dry peas,2023,11,775.8666666666672,0.0,,,,,238.28333333333333,,537.5833333333339,,,,False,CMFT_Engine,Balanced,0.0
2024-07-01,2024-07-01,Dry peas,2023,12,537.5833333333339,0.0,,,,,238.28333333333333,,299.3,,,,True,CMFT_Engine,Balanced,6.252776074688882e-13
2024-08-01,2024-08-01,Dry peas,2024,1,299.3,2997.4,,,,,233.97500000000002,,3062.7250000000004,3.2128,3.1643,34.80566519609392,False,CMFT_Engine,Balanced,0.0
2024-09-01,2024-09-01,Dry peas,2024,2,3062.7250000000004,0.0,,,,,233.97500000000002,,2828.7500000000005,,,,False,CMFT_Engine,Balanced,0.0
2024-10-01,2024-10-01,Dry peas,2024,3,2828.7500000000005,0.0,,,,,233.97500000000002,,2594.7750000000005,,,,False,CMFT_Engine,Balanced,0.0
2024-11-01,2024-11-01,Dry peas,2024,4,2594.7750000000005,0.0,,,,,233.97500000000002,,2360.8000000000006,,,,False,CMFT_Engine,Balanced,0.0
2024-12-01,2024-12-01,Dry peas,2024,5,2360.8000000000006,0.0,,,,,233.97500000000002,,2126.8250000000007,,,,False,CMFT_Engine,Balanced,0.0
2025-01-01,2025-01-01,Dry peas,2024,6,2126.8250000000007,0.0,,,,,233.97500000000002,,1892.8500000000008,,,,False,CMFT_Engine,Balanced,0.0
2025-02-01,2025-02-01,Dry peas,2024,7,1892.8500000000008,0.0,,,,,233.97500000000002,,1658.875000000001,,,,False,CMFT_Engine,Balanced,0.0
2025-03-01,2025-03-01,Dry peas,2024,8,1658.875000000001,0.0,,,,,233.97500000000002,,1424.900000000001,,,,False,CMFT_Engine,Balanced,0.0
2025-04-01,2025-04-01,Dry peas,2024,9,1424.900000000001,0.0,,,,,233.97500000000002,,1190.925000000001,,,,False,CMFT_Engine,Balanced,0.0
2025-05-01,2025-05-01,Dry peas,2024,10,1190.925000000001,0.0,,,,,233.97500000000002,,956.9500000000011,,,,False,CMFT_Engine,Balanced,0.0
2025-06-01,2025-06-01,Dry peas,2024,11,956.9500000000011,0.0,,,,,233.97500000000002,,722.975000000001,,,,False,CMFT_Engine,Balanced,0.0
2025-07-01,2025-07-01,Dry peas,2024,12,722.975000000001,0.0,,,,,233.97500000000002,,489.0,,,,True,CMFT_Engine,Balanced,1.0231815394945443e-12
2025-08-01,2025-08-01,Dry peas,2025,1,489.0,3934.2,,,,,270.14166666666665,,4153.058333333333,3.5097,3.4162,42.31516437562203,False,CMFT_Engine,Balanced,0.0
2025-09-01,2025-09-01,Dry peas,2025,2,4153.058333333333,0.0,,,,,270.14166666666665,,3882.916666666667,,,,False,CMFT_Engine,Balanced,0.0
2025-10-01,2025-10-01,Dry peas,2025,3,3882.916666666667,0.0,,,,,270.14166666666665,,3612.7750000000005,,,,False,CMFT_Engine,Balanced,0.0
2025-11-01,2025-11-01,Dry peas,2025,4,3612.7750000000005,0.0,,,,,270.14166666666665,,3342.633333333334,,,,False,CMFT_Engine,Balanced,0.0
2025-12-01,2025-12-01,Dry peas,2025,5,3342.633333333334,0.0,,,,,270.14166666666665,,3072.4916666666677,,,,False,CMFT_Engine,Balanced,0.0
2026-01-01,2026-01-01,Dry peas,2025,6,3072.4916666666677,0.0,,,,,270.14166666666665,,2802.3500000000013,,,,False,CMFT_Engine,Balanced,0.0
2026-02-01,2026-02-01,Dry peas,2025,7,2802.3500000000013,0.0,,,,,270.14166666666665,,2532.208333333335,,,,False,CMFT_Engine,Balanced,0.0
2026-03-01,2026-03-01,Dry peas,2025,8,2532.208333333335,0.0,,,,,270.14166666666665,,2262.0666666666684,,,,False,CMFT_Engine,Balanced,0.0
2026-04-01,2026-04-01,Dry peas,2025,9,2262.0666666666684,0.0,,,,,270.14166666666665,,1991.9250000000018,,,,False,CMFT_Engine,Balanced,0.0
2026-05-01,2026-05-01,Dry peas,2025,10,1991.9250000000018,0.0,,,,,270.14166666666665,,1721.7833333333351,,,,False,CMFT_Engine,Balanced,0.0
2026-06-01,2026-06-01,Dry peas,2025,11,1721.7833333333351,0.0,,,,,270.14166666666665,,1451.6416666666685,,,,False,CMFT_Engine,Balanced,0.0
2026-07-01,2026-07-01,Dry peas,2025,12,1451.6416666666685,0.0,,,,,270.14166666666665,,1181.5,,,,True,CMFT_Engine,Balanced,1.8189894035458565e-12
1996-08-01,1996-08-01,Durum,1996,1,1973.0,4626.6,,20.224999999999998,0.0,,404.49166666666673,,6174.883333333333,5.1,5.1,33.33302008235294,False,CMFT_Engine,Balanced,0.0
1996-09-01,1996-09-01,Durum,1996,2,6174.883333333333,0.0,,20.224999999999998,0.0,,404.49166666666673,,5750.166666666666,,,,False,CMFT_Engine,Balanced,0.0
1996-10-01,1996-10-01,Durum,1996,3,5750.166666666666,0.0,,20.224999999999998,0.0,,404.49166666666673,,5325.449999999999,,,,False,CMFT_Engine,Balanced,0.0
1996-11-01,1996-11-01,Durum,1996,4,5325.449999999999,0.0,,20.224999999999998,0.0,,404.49166666666673,,4900.733333333332,,,,False,CMFT_Engine,Balanced,0.0
1996-12-01,1996-12-01,Durum,1996,5,4900.733333333332,0.0,,20.224999999999998,0.0,,404.49166666666673,,4476.016666666665,,,,False,CMFT_Engine,Balanced,0.0
1997-01-01,1997-01-01,Durum,1996,6,4476.016666666665,0.0,,20.224999999999998,0.0,,404.49166666666673,,4051.2999999999975,,,,False,CMFT_Engine,Balanced,0.0
1997-02-01,1997-02-01,Durum,1996,7,4051.2999999999975,0.0,,20.224999999999998,0.0,,404.49166666666673,,3626.5833333333308,,,,False,CMFT_Engine,Balanced,0.0
1997-03-01,1997-03-01,Durum,1996,8,3626.5833333333308,0.0,,20.224999999999998,0.0,,404.49166666666673,,3201.866666666664,,,,False,CMFT_Engine,Balanced,0.0
1997-04-01,1997-04-01,Durum,1996,9,3201.866666666664,0.0,,20.224999999999998,0.0,,404.49166666666673,,2777.1499999999974,,,,False,CMFT_Engine,Balanced,0.0
1997-05-01,1997-05-01,Durum,1996,10,2777.1499999999974,0.0,,20.224999999999998,0.0,,404.49166666666673,,2352.4333333333307,,,,False,CMFT_Engine,Balanced,0.0
1997-06-01,1997-06-01,Durum,1996,11,2352.4333333333307,0.0,,20.224999999999998,0.0,,404.49166666666673,,1927.716666666664,,,,False,CMFT_Engine,Balanced,0.0
1997-07-01,1997-07-01,Durum,1996,12,1927.716666666664,0.0,,20.224999999999998,0.0,,404.49166666666673,,1503.0,,,,True,CMFT_Engine,Balanced,-2.7284841053187847e-12
1997-08-01,1997-08-01,Durum,1997,1,1503.0,4351.7,,20.391666666666666,0.0,,404.4166666666667,,5429.891666666666,5.515,5.465,29.258473795059466,False,CMFT_Engine,Balanced,0.0
1997-09-01,1997-09-01,Durum,1997,2,5429.891666666666,0.0,,20.391666666666666,0.0,,404.4166666666667,,5005.083333333333,,,,False,CMFT_Engine,Balanced,0.0
1997-10-01,1997-10-01,Durum,1997,3,5005.083333333333,0.0,,20.391666666666666,0.0,,404.4166666666667,,4580.275,,,,False,CMFT_Engine,Balanced,0.0
1997-11-01,1997-11-01,Durum,1997,4,4580.275,0.0,,20.391666666666666,0.0,,404.4166666666667,,4155.466666666666,,,,False,CMFT_Engine,Balanced,0.0
1997-12-01,1997-12-01,Durum,1997,5,4155.466666666666,0.0,,20.391666666666666,0.0,,404.4166666666667,,3730.6583333333333,,,,False,CMFT_Engine,Balanced,0.0
1998-01-01,1998-01-01,Durum,1997,6,3730.6583333333333,0.0,,20.391666666666666,0.0,,404.4166666666667,,3305.85,,,,False,CMFT_Engine,Balanced,0.0
1998-02-01,1998-02-01,Durum,1997,7,3305.85,0.0,,20.391666666666666,0.0,,404.4166666666667,,2881.0416666666665,,,,False,CMFT_Engine,Balanced,0.0
1998-03-01,1998-03-01,Durum,1997,8,2881.0416666666665,0.0,,20.391666666666666,0.0,,404.4166666666667,,2456.233333333333,,,,False,CMFT_Engine,Balanced,0.0
1998-04-01,1998-04-01,Durum,1997,9,2456.233333333333,0.0,,20.391666666666666,0.0,,404.4166666666667,,2031.4249999999995,,,,False,CMFT_Engine,Balanced,0.0
1998-05-01,1998-05-01,Durum,1997,10,2031.4249999999995,0.0,,20.391666666666666,0.0,,404.4166666666667,,1606.616666666666,,,,False,CMFT_Engine,Balanced,0.0
1998-06-01,1998-06-01,Durum,1997,11,1606.616666666666,0.0,,20.391666666666666,0.0,,404.4166666666667,,1181.8083333333327,,,,False,CMFT_Engine,Balanced,0.0
1998-07-01,1998-07-01,Durum,1997,12,1181.8083333333327,0.0,,20.391666666666666,0.0,,404.4166666666667,,757.0,,,,True,CMFT_Engine,Balanced,-6.821210263296962e-13
1998-08-01,1998-08-01,Durum,1998,1,757.0,6041.9,,19.691666666666666,0.0,,385.38333333333327,,6393.825,7.25,7.2,30.83357792083333,False,CMFT_Engine,Balanced,0.0
1998-09-01,1998-09-01,Durum,1998,2,6393.825,0.0,,19.691666666666666,0.0,,385.38333333333327,,5988.75,,,,False,CMFT_Engine,Balanced,0.0
1998-10-01,1998-10-01,Durum,1998,3,5988.75,0.0,,19.691666666666666,0.0,,385.38333333333327,,5583.675,,,,False,CMFT_Engine,Balanced,0.0
1998-11-01,1998-11-01,Durum,1998,4,5583.675,0.0,,19.691666666666666,0.0,,385.38333333333327,,5178.6,,,,False,CMFT_Engine,Balanced,0.0
1998-12-01,1998-12-01,Durum,1998,5,5178.6,0.0,,19.691666666666666,0.0,,385.38333333333327,,4773.525000000001,,,,False,CMFT_Engine,Balanced,0.0
1999-01-01,1999-01-01,Durum,1998,6,4773.525000000001,0.0,,19.691666666666666,0.0,,385.38333333333327,,4368.450000000001,,,,False,CMFT_Engine,Balanced,0.0
1999-02-01,1999-02-01,Durum,1998,7,4368.450000000001,0.0,,19.691666666666666,0.0,,385.38333333333327,,3963.375000000001,,,,False,CMFT_Engine,Balanced,0.0
1999-03-01,1999-03-01,Durum,1998,8,3963.375000000001,0.0,,19.691666666666666,0.0,,385.38333333333327,,3558.300000000001,,,,False,CMFT_Engine,Balanced,0.0
1999-04-01,1999-04-01,Durum,1998,9,3558.300000000001,0.0,,19.691666666666666,0.0,,385.38333333333327,,3153.2250000000013,,,,False,CMFT_Engine,Balanced,0.0
1999-05-01,1999-05-01,Durum,1998,10,3153.2250000000013,0.0,,19.691666666666666,0.0,,385.38333333333327,,2748.1500000000015,,,,False,CMFT_Engine,Balanced,0.0
1999-06-01,1999-06-01,Durum,1998,11,2748.1500000000015,0.0,,19.691666666666666,0.0,,385.38333333333327,,2343.0750000000016,,,,False,CMFT_Engine,Balanced,0.0
1999-07-01,1999-07-01,Durum,1998,12,2343.0750000000016,0.0,,19.691666666666666,0.0,,385.38333333333327,,1938.0,,,,True,CMFT_Engine,Balanced,1.8189894035458565e-12
1999-08-01,1999-08-01,Durum,1999,1,1938.0,4340.9,,21.916666666666668,0.0,,353.4083333333333,,5903.574999999999,4.41,4.37,36.49902227231121,False,CMFT_Engine,Balanced,0.0
1999-09-01,1999-09-01,Durum,1999,2,5903.574999999999,0.0,,21.916666666666668,0.0,,353.4083333333333,,5528.249999999998,,,,False,CMFT_Engine,Balanced,0.0
1999-10-01,1999-10-01,Durum,1999,3,5528.249999999998,0.0,,21.916666666666668,0.0,,353.4083333333333,,5152.924999999997,,,,False,CMFT_Engine,Balanced,0.0
1999-11-01,1999-11-01,Durum,1999,4,5152.924999999997,0.0,,21.916666666666668,0.0,,353.4083333333333,,4777.599999999997,,,,False,CMFT_Engine,Balanced,0.0
1999-12-01,1999-12-01,Durum,1999,5,4777.599999999997,0.0,,21.916666666666668,0.0,,353.4083333333333,,4402.274999999996,,,,False,CMFT_Engine,Balanced,0.0
2000-01-01,2000-01-01,Durum,1999,6,4402.274999999996,0.0,,21.916666666666668,0.0,,353.4083333333333,,4026.9499999999957,,,,False,CMFT_Engine,Balanced,0.0
2000-02-01,2000-02-01,Durum,1999,7,4026.9499999999957,0.0,,21.916666666666668,0.0,,353.4083333333333,,3651.624999999996,,,,False,CMFT_Engine,Balanced,0.0
2000-03-01,2000-03-01,Durum,1999,8,3651.624999999996,0.0,,21.916666666666668,0.0,,353.4083333333333,,3276.299999999996,,,,False,CMFT_Engine,Balanced,0.0
2000-04-01,2000-04-01,Durum,1999,9,3276.299999999996,0.0,,21.916666666666668,0.0,,353.4083333333333,,2900.9749999999963,,,,False,CMFT_Engine,Balanced,0.0
2000-05-01,2000-05-01,Durum,1999,10,2900.9749999999963,0.0,,21.916666666666668,0.0,,353.4083333333333,,2525.6499999999965,,,,False,CMFT_Engine,Balanced,0.0
2000-06-01,2000-06-01,Durum,1999,11,2525.6499999999965,0.0,,21.916666666666668,0.0,,353.4083333333333,,2150.3249999999966,,,,False,CMFT_Engine,Balanced,0.0
2000-07-01,2000-07-01,Durum,1999,12,2150.3249999999966,0.0,,21.916666666666668,0.0,,353.4083333333333,,1775.0,,,,True,CMFT_Engine,Balanced,-3.183231456205249e-12
2000-08-01,2000-08-01,Durum,2000,1,1775.0,5708.5,,21.224999999999998,0.0,,362.98333333333335,,7099.291666666666,6.53,6.48,32.369044976851846,False,CMFT_Engine,Balanced,0.0
2000-09-01,2000-09-01,Durum,2000,2,7099.291666666666,0.0,,21.224999999999998,0.0,,362.98333333333335,,6715.083333333332,,,,False,CMFT_Engine,Balanced,0.0
2000-10-01,2000-10-01,Durum,2000,3,6715.083333333332,0.0,,21.224999999999998,0.0,,362.98333333333335,,6330.874999999998,,,,False,CMFT_Engine,Balanced,0.0
2000-11-01,2000-11-01,Durum,2000,4,6330.874999999998,0.0,,21.224999999999998,0.0,,362.98333333333335,,5946.666666666664,,,,False,CMFT_Engine,Balanced,0.0
2000-12-01,2000-12-01,Durum,2000,5,5946.666666666664,0.0,,21.224999999999998,0.0,,362.98333333333335,,5562.45833333333,,,,False,CMFT_Engine,Balanced,0.0
2001-01-01,2001-01-01,Durum,2000,6,5562.45833333333,0.0,,21.224999999999998,0.0,,362.98333333333335,,5178.249999999996,,,,False,CMFT_Engine,Balanced,0.0
2001-02-01,2001-02-01,Durum,2000,7,5178.249999999996,0.0,,21.224999999999998,0.0,,362.98333333333335,,4794.041666666662,,,,False,CMFT_Engine,Balanced,0.0
2001-03-01,2001-03-01,Durum,2000,8,4794.041666666662,0.0,,21.224999999999998,0.0,,362.98333333333335,,4409.8333333333285,,,,False,CMFT_Engine,Balanced,0.0
2001-04-01,2001-04-01,Durum,2000,9,4409.8333333333285,0.0,,21.224999999999998,0.0,,362.98333333333335,,4025.6249999999945,,,,False,CMFT_Engine,Balanced,0.0
2001-05-01,2001-05-01,Durum,2000,10,4025.6249999999945,0.0,,21.224999999999998,0.0,,362.98333333333335,,3641.4166666666615,,,,False,CMFT_Engine,Balanced,0.0
2001-06-01,2001-06-01,Durum,2000,11,3641.4166666666615,0.0,,21.224999999999998,0.0,,362.98333333333335,,3257.2083333333285,,,,False,CMFT_Engine,Balanced,0.0
2001-07-01,2001-07-01,Durum,2000,12,3257.2083333333285,0.0,,21.224999999999998,0.0,,362.98333333333335,,2873.0,,,,True,CMFT_Engine,Balanced,-4.547473508864641e-12
2001-08-01,2001-08-01,Durum,2001,1,2873.0,3049.5,0.0,20.758333333333333,0.0,,158.18933333333334,0.0,5743.552333333333,5.35,5.08,22.057069517716535,False,CMFT_Engine,Balanced,0.0
2001-09-01,2001-09-01,Durum,2001,2,5743.552333333333,0.0,0.0,20.758333333333333,0.0,,158.18933333333334,0.0,5564.604666666666,,,,False,CMFT_Engine,Balanced,0.0
2001-10-01,2001-10-01,Durum,2001,3,5564.604666666666,0.0,0.0,20.758333333333333,0.0,,158.18933333333334,0.0,5385.656999999999,,,,False,CMFT_Engine,Balanced,0.0
2001-11-01,2001-11-01,Durum,2001,4,5385.656999999999,0.0,0.0,20.758333333333333,0.0,,158.18933333333334,0.0,5206.709333333332,,,,False,CMFT_Engine,Balanced,0.0
2001-12-01,2001-12-01,Durum,2001,5,5206.709333333332,0.0,0.0,20.758333333333333,0.0,,158.18933333333334,0.0,5027.761666666665,,,,False,CMFT_Engine,Balanced,0.0
2002-01-01,2002-01-01,Durum,2001,6,5027.761666666665,0.0,0.692,20.758333333333333,0.0,,158.18933333333334,369.704,4479.801999999999,,,,False,CMFT_Engine,Balanced,0.0
2002-02-01,2002-02-01,Durum,2001,7,4479.801999999999,0.0,0.936,20.758333333333333,0.0,,158.18933333333334,272.866,4028.924333333332,,,,False,CMFT_Engine,Balanced,-4.547473508864641e-13
2002-03-01,2002-03-01,Durum,2001,8,4028.924333333332,0.0,0.74,20.758333333333333,0.0,,158.18933333333334,227.098,3623.6186666666654,,,,False,CMFT_Engine,Balanced,0.0
2002-04-01,2002-04-01,Durum,2001,9,3623.6186666666654,0.0,1.594,20.758333333333333,0.0,,158.18933333333334,326.152,3120.112999999999,,,,False,CMFT_Engine,Balanced,0.0
2002-05-01,2002-05-01,Durum,2001,10,3120.112999999999,0.0,0.468,20.758333333333333,0.0,,158.18933333333334,431.052,2510.581333333332,,,,False,CMFT_Engine,Balanced,0.0
2002-06-01,2002-06-01,Durum,2001,11,2510.581333333332,0.0,0.122,20.758333333333333,0.0,,158.18933333333334,282.748,2049.0076666666655,,,,False,CMFT_Engine,Balanced,0.0
2002-07-01,2002-07-01,Durum,2001,12,2049.0076666666655,0.0,0.276,20.758333333333333,0.0,,158.18933333333334,325.436,1544.9,,,,True,CMFT_Engine,Balanced,-1.3642420526593924e-12
2002-08-01,2002-08-01,Durum,2002,1,1544.9,3876.9,1.776,23.025000000000002,0.0,,46.45266666666669,414.55199999999996,4939.546333333333,6.125,5.55,25.666964059459456,False,CMFT_Engine,Balanced,9.094947017729282e-13
2002-09-01,2002-09-01,Durum,2002,2,4939.546333333333,0.0,0.728,23.025000000000002,0.0,,46.45266666666669,297.094,4573.702666666666,,,,False,CMFT_Engine,Balanced,0.0
2002-10-01,2002-10-01,Durum,2002,3,4573.702666666666,0.0,0.812,23.025000000000002,0.0,,46.45266666666669,267.688,4237.348999999999,,,,False,CMFT_Engine,Balanced,0.0
2002-11-01,2002-11-01,Durum,2002,4,4237.348999999999,0.0,0.552,23.025000000000002,0.0,,46.45266666666669,167.284,4001.139333333332,,,,False,CMFT_Engine,Balanced,0.0
2002-12-01,2002-12-01,Durum,2002,5,4001.139333333332,0.0,0.0,23.025000000000002,0.0,,46.45266666666669,258.208,3673.4536666666654,,,,False,CMFT_Engine,Balanced,0.0
2003-01-01,2003-01-01,Durum,2002,6,3673.4536666666654,0.0,0.784,23.025000000000002,0.0,,46.45266666666669,181.278,3423.481999999999,,,,False,CMFT_Engine,Balanced,0.0
2003-02-01,2003-02-01,Durum,2002,7,3423.481999999999,0.0,0.27,23.025000000000002,0.0,,46.45266666666669,149.184,3205.0903333333326,,,,False,CMFT_Engine,Balanced,-4.547473508864641e-13
2003-03-01,2003-03-01,Durum,2002,8,3205.0903333333326,0.0,0.328,23.025000000000002,0.0,,46.45266666666669,87.454,3048.486666666666,,,,False,CMFT_Engine,Balanced,-4.547473508864641e-13
2003-04-01,2003-04-01,Durum,2002,9,3048.486666666666,0.0,0.032,23.025000000000002,0.0,,46.45266666666669,212.996,2766.0449999999996,,,,False,CMFT_Engine,Balanced,0.0
2003-05-01,2003-05-01,Durum,2002,10,2766.0449999999996,0.0,0.062,23.025000000000002,0.0,,46.45266666666669,353.506,2343.123333333333,,,,False,CMFT_Engine,Balanced,0.0
2003-06-01,2003-06-01,Durum,2002,11,2343.123333333333,0.0,0.198,23.025000000000002,0.0,,46.45266666666669,245.686,2028.1576666666665,,,,False,CMFT_Engine,Balanced,-2.2737367544323206e-13
2003-07-01,2003-07-01,Durum,2002,12,2028.1576666666665,0.0,0.004,23.025000000000002,0.0,,46.45266666666669,350.084,1608.6,,,,True,CMFT_Engine,Balanced,-2.2737367544323206e-13
2003-08-01,2003-08-01,Durum,2003,1,1608.6,4211.6,0.034,20.958333333333332,0.0,,29.563000000000063,411.18600000000004,5358.526666666667,5.96,5.915,26.162259834319524,False,CMFT_Engine,Balanced,9.094947017729282e-13
2003-09-01,2003-09-01,Durum,2003,2,5358.526666666667,0.0,0.104,20.958333333333332,0.0,,29.563000000000063,337.574,4970.535333333333,,,,False,CMFT_Engine,Balanced,9.094947017729282e-13
2003-10-01,2003-10-01,Durum,2003,3,4970.535333333333,0.0,0.096,20.958333333333332,0.0,,29.563000000000063,369.48,4550.629999999999,,,,False,CMFT_Engine,Balanced,0.0
2003-11-01,2003-11-01,Durum,2003,4,4550.629999999999,0.0,0.004,20.958333333333332,0.0,,29.563000000000063,358.792,4141.320666666666,,,,False,CMFT_Engine,Balanced,0.0
2003-12-01,2003-12-01,Durum,2003,5,4141.320666666666,0.0,0.112,20.958333333333332,0.0,,29.563000000000063,234.652,3856.259333333332,,,,False,CMFT_Engine,Balanced,4.547473508864641e-13
2004-01-01,2004-01-01,Durum,2003,6,3856.259333333332,0.0,0.012,20.958333333333332,0.0,,29.563000000000063,344.048,3461.701999999999,,,,False,CMFT_Engine,Balanced,-4.547473508864641e-13
2004-02-01,2004-02-01,Durum,2003,7,3461.701999999999,0.0,0.212,20.958333333333332,0.0,,29.563000000000063,144.822,3266.5706666666656,,,,False,CMFT_Engine,Balanced,-4.547473508864641e-13
2004-03-01,2004-03-01,Durum,2003,8,3266.5706666666656,0.0,0.09,20.958333333333332,0.0,,29.563000000000063,153.258,3062.8813333333323,,,,False,CMFT_Engine,Balanced,0.0
2004-04-01,2004-04-01,Durum,2003,9,3062.8813333333323,0.0,0.046,20.958333333333332,0.0,,29.563000000000063,129.95,2882.4559999999988,,,,False,CMFT_Engine,Balanced,0.0
2004-05-01,2004-05-01,Durum,2003,10,2882.4559999999988,0.0,0.204,20.958333333333332,0.0,,29.563000000000063,241.972,2590.1666666666656,,,,False,CMFT_Engine,Balanced,-4.547473508864641e-13
2004-06-01,2004-06-01,Durum,2003,11,2590.1666666666656,0.0,0.162,20.958333333333332,0.0,,29.563000000000063,219.92000000000002,2319.8873333333318,,,,False,CMFT_Engine,Balanced,0.0
2004-07-01,2004-07-01,Durum,2003,12,2319.8873333333318,0.0,0.268,20.958333333333332,0.0,,29.563000000000063,495.534,1774.1,,,,True,CMFT_Engine,Balanced,-1.8189894035458565e-12
2004-08-01,2004-08-01,Durum,2004,1,1774.1,4801.4,0.152,21.183333333333334,0.0,,54.02716666666671,513.84,5986.6015,5.285,5.07,34.79708110059171,False,CMFT_Engine,Balanced,0.0
2004-09-01,2004-09-01,Durum,2004,2,5986.6015,0.0,0.006,21.183333333333334,0.0,,54.02716666666671,364.616,5546.781,,,,False,CMFT_Engine,Balanced,0.0
2004-10-01,2004-10-01,Durum,2004,3,5546.781,0.0,0.002,21.183333333333334,0.0,,54.02716666666671,248.96,5222.6125,,,,False,CMFT_Engine,Balanced,0.0
2004-11-01,2004-11-01,Durum,2004,4,5222.6125,0.0,0.0,21.183333333333334,0.0,,54.02716666666671,255.612,4891.79,,,,False,CMFT_Engine,Balanced,0.0
2004-12-01,2004-12-01,Durum,2004,5,4891.79,0.0,0.114,21.183333333333334,0.0,,54.02716666666671,119.752,4696.9415,,,,False,CMFT_Engine,Balanced,-9.094947017729282e-13
2005-01-01,2005-01-01,Durum,2004,6,4696.9415,0.0,0.096,21.183333333333334,0.0,,54.02716666666671,156.41,4465.4169999999995,,,,False,CMFT_Engine,Balanced,0.0
2005-02-01,2005-02-01,Durum,2004,7,4465.4169999999995,0.0,0.0,21.183333333333334,0.0,,54.02716666666671,177.486,4212.720499999999,,,,False,CMFT_Engine,Balanced,0.0
2005-03-01,2005-03-01,Durum,2004,8,4212.720499999999,0.0,0.18,21.183333333333334,0.0,,54.02716666666671,164.35,3973.3399999999997,,,,False,CMFT_Engine,Balanced,0.0
2005-04-01,2005-04-01,Durum,2004,9,3973.3399999999997,0.0,0.014,21.183333333333334,0.0,,54.02716666666671,125.276,3772.8675,,,,False,CMFT_Engine,Balanced,0.0
2005-05-01,2005-05-01,Durum,2004,10,3772.8675,0.0,0.124,21.183333333333334,0.0,,54.02716666666671,458.464,3239.3169999999996,,,,False,CMFT_Engine,Balanced,0.0
2005-06-01,2005-06-01,Durum,2004,11,3239.3169999999996,0.0,0.032,21.183333333333334,0.0,,54.02716666666671,345.714,2818.4244999999996,,,,False,CMFT_Engine,Balanced,0.0
2005-07-01,2005-07-01,Durum,2004,12,2818.4244999999996,0.0,0.108,21.183333333333334,0.0,,54.02716666666671,256.422,2486.9,,,,True,CMFT_Engine,Balanced,-4.547473508864641e-13
2005-08-01,2005-08-01,Durum,2005,1,2486.9,5914.6,0.0,20.675,0.0,,61.01516666666669,381.288,7938.521833333333,5.7,5.63,38.60111687744227,False,CMFT_Engine,Balanced,9.094947017729282e-13
2005-09-01,2005-09-01,Durum,2005,2,7938.521833333333,0.0,0.004,20.675,0.0,,61.01516666666669,382.586,7474.249666666666,,,,False,CMFT_Engine,Balanced,0.0
2005-10-01,2005-10-01,Durum,2005,3,7474.249666666666,0.0,0.096,20.675,0.0,,61.01516666666669,359.74,7032.915499999998,,,,False,CMFT_Engine,Balanced,0.0
2005-11-01,2005-11-01,Durum,2005,4,7032.915499999998,0.0,0.004,20.675,0.0,,61.01516666666669,417.894,6533.335333333331,,,,False,CMFT_Engine,Balanced,0.0
2005-12-01,2005-12-01,Durum,2005,5,6533.335333333331,0.0,0.02,20.675,0.0,,61.01516666666669,245.44799999999998,6206.2171666666645,,,,False,CMFT_Engine,Balanced,-9.094947017729282e-13
2006-01-01,2006-01-01,Durum,2005,6,6206.2171666666645,0.0,3.098,20.675,0.0,,61.01516666666669,339.882,5787.742999999998,,,,False,CMFT_Engine,Balanced,0.0
2006-02-01,2006-02-01,Durum,2005,7,5787.742999999998,0.0,0.184,20.675,0.0,,61.01516666666669,209.812,5496.424833333331,,,,False,CMFT_Engine,Balanced,0.0
2006-03-01,2006-03-01,Durum,2005,8,5496.424833333331,0.0,0.118,20.675,0.0,,61.01516666666669,332.726,5082.126666666664,,,,False,CMFT_Engine,Balanced,0.0
2006-04-01,2006-04-01,Durum,2005,9,5082.126666666664,0.0,0.092,20.675,0.0,,61.01516666666669,527.65,4472.878499999997,,,,False,CMFT_Engine,Balanced,0.0
2006-05-01,2006-05-01,Durum,2005,10,4472.878499999997,0.0,0.008,20.675,0.0,,61.01516666666669,350.15999999999997,4041.0363333333303,,,,False,CMFT_Engine,Balanced,-4.547473508864641e-13
2006-06-01,2006-06-01,Durum,2005,11,4041.0363333333303,0.0,0.004,20.675,0.0,,61.01516666666669,398.696,3560.6541666666635,,,,False,CMFT_Engine,Balanced,0.0
2006-07-01,2006-07-01,Durum,2005,12,3560.6541666666635,0.0,0.0,20.675,0.0,,61.01516666666669,205.564,3273.4,,,,True,CMFT_Engine,Balanced,-3.183231456205249e-12
2006-08-01,2006-08-01,Durum,2006,1,3273.4,3346.2,0.094,21.375,0.0,,54.13266666666681,292.442,6251.744333333334,3.79538,3.75,32.787138383999995,False,CMFT_Engine,Balanced,0.0
2006-09-01,2006-09-01,Durum,2006,2,6251.744333333334,0.0,0.006,21.375,0.0,,54.13266666666681,375.264,5800.978666666668,,,,False,CMFT_Engine,Balanced,0.0
2006-10-01,2006-10-01,Durum,2006,3,5800.978666666668,0.0,0.014,21.375,0.0,,54.13266666666681,625.74,5099.745000000002,,,,False,CMFT_Engine,Balanced,0.0
2006-11-01,2006-11-01,Durum,2006,4,5099.745000000002,0.0,0.094,21.375,0.0,,54.13266666666681,474.87399999999997,4549.457333333336,,,,False,CMFT_Engine,Balanced,0.0
2006-12-01,2006-12-01,Durum,2006,5,4549.457333333336,0.0,0.094,21.375,0.0,,54.13266666666681,434.738,4039.305666666669,,,,False,CMFT_Engine,Balanced,4.547473508864641e-13
2007-01-01,2007-01-01,Durum,2006,6,4039.305666666669,0.0,0.0,21.375,0.0,,54.13266666666681,295.188,3668.610000000002,,,,False,CMFT_Engine,Balanced,0.0
2007-02-01,2007-02-01,Durum,2006,7,3668.610000000002,0.0,0.002,21.375,0.0,,54.13266666666681,223.174,3369.930333333335,,,,False,CMFT_Engine,Balanced,0.0
2007-03-01,2007-03-01,Durum,2006,8,3369.930333333335,0.0,0.092,21.375,0.0,,54.13266666666681,196.308,3098.2066666666683,,,,False,CMFT_Engine,Balanced,0.0
2007-04-01,2007-04-01,Durum,2006,9,3098.2066666666683,0.0,0.186,21.375,0.0,,54.13266666666681,398.48199999999997,2624.4030000000016,,,,False,CMFT_Engine,Balanced,0.0
2007-05-01,2007-05-01,Durum,2006,10,2624.4030000000016,0.0,0.002,21.375,0.0,,54.13266666666681,428.046,2120.851333333335,,,,False,CMFT_Engine,Balanced,0.0
2007-06-01,2007-06-01,Durum,2006,11,2120.851333333335,0.0,0.092,21.375,0.0,,54.13266666666681,381.224,1664.2116666666682,,,,False,CMFT_Engine,Balanced,0.0
2007-07-01,2007-07-01,Durum,2006,12,1664.2116666666682,0.0,0.192,21.375,0.0,,54.13266666666681,332.096,1256.8,,,,True,CMFT_Engine,Balanced,1.3642420526593924e-12
2007-08-01,2007-08-01,Durum,2007,1,1256.8,3681.4,0.194,19.041666666666668,0.0,,59.42983333333334,378.452,4481.4705,4.765,4.71,28.719375197452226,False,CMFT_Engine,Balanced,-9.094947017729282e-13
2007-09-01,2007-09-01,Durum,2007,2,4481.4705,0.0,0.612,19.041666666666668,0.0,,59.42983333333334,128.256,4275.3550000000005,,,,False,CMFT_Engine,Balanced,-9.094947017729282e-13
2007-10-01,2007-10-01,Durum,2007,3,4275.3550000000005,0.0,0.104,19.041666666666668,0.0,,59.42983333333334,340.848,3856.1395000000007,,,,False,CMFT_Engine,Balanced,-4.547473508864641e-13
2007-11-01,2007-11-01,Durum,2007,4,3856.1395000000007,0.0,0.85,19.041666666666668,0.0,,59.42983333333334,357.714,3420.8040000000005,,,,False,CMFT_Engine,Balanced,4.547473508864641e-13
2007-12-01,2007-12-01,Durum,2007,5,3420.8040000000005,0.0,0.042,19.041666666666668,0.0,,59.42983333333334,355.89,2986.4845000000005,,,,False,CMFT_Engine,Balanced,4.547473508864641e-13
2008-01-01,2008-01-01,Durum,2007,6,2986.4845000000005,0.0,0.0,19.041666666666668,0.0,,59.42983333333334,341.108,2566.9050000000007,,,,False,CMFT_Engine,Balanced,0.0
2008-02-01,2008-02-01,Durum,2007,7,2566.9050000000007,0.0,0.314,19.041666666666668,0.0,,59.42983333333334,248.312,2240.4355000000005,,,,False,CMFT_Engine,Balanced,4.547473508864641e-13
2008-03-01,2008-03-01,Durum,2007,8,2240.4355000000005,0.0,0.092,19.041666666666668,0.0,,59.42983333333334,214.058,1947.9980000000005,,,,False,CMFT_Engine,Balanced,4.547473508864641e-13
2008-04-01,2008-04-01,Durum,2007,9,1947.9980000000005,0.0,0.58,19.041666666666668,0.0,,59.42983333333334,248.672,1621.4345000000005,,,,False,CMFT_Engine,Balanced,-2.2737367544323206e-13
2008-05-01,2008-05-01,Durum,2007,10,1621.4345000000005,0.0,0.034,19.041666666666668,0.0,,59.42983333333334,316.41400000000004,1226.5830000000005,,,,False,CMFT_Engine,Balanced,0.0
2008-06-01,2008-06-01,Durum,2007,11,1226.5830000000005,0.0,0.096,19.041666666666668,0.0,,59.42983333333334,129.098,1019.1095000000005,,,,False,CMFT_Engine,Balanced,0.0
2008-07-01,2008-07-01,Durum,2007,12,1019.1095000000005,0.0,0.008,19.041666666666668,0.0,,59.42983333333334,131.946,808.7,,,,True,CMFT_Engine,Balanced,4.547473508864641e-13
2008-08-01,2008-08-01,Durum,2008,1,808.7,5519.3,0.194,19.691666666666666,0.0,,34.069500000000026,209.11399999999998,6065.318833333335,6.03,5.97,33.96976606532663,False,CMFT_Engine,Balanced,0.0
2008-09-01,2008-09-01,Durum,2008,2,6065.318833333335,0.0,0.494,19.691666666666666,0.0,,34.069500000000026,65.39,5946.661666666668,,,,False,CMFT_Engine,Balanced,0.0
2008-10-01,2008-10-01,Durum,2008,3,5946.661666666668,0.0,0.196,19.691666666666666,0.0,,34.069500000000026,337.846,5555.250500000001,,,,False,CMFT_Engine,Balanced,9.094947017729282e-13
2008-11-01,2008-11-01,Durum,2008,4,5555.250500000001,0.0,0.0,19.691666666666666,0.0,,34.069500000000026,470.54,5030.949333333335,,,,False,CMFT_Engine,Balanced,0.0
2008-12-01,2008-12-01,Durum,2008,5,5030.949333333335,0.0,0.28200000000000003,19.691666666666666,0.0,,34.069500000000026,212.004,4765.466166666669,,,,False,CMFT_Engine,Balanced,0.0
2009-01-01,2009-01-01,Durum,2008,6,4765.466166666669,0.0,0.15,19.691666666666666,0.0,,34.069500000000026,260.832,4451.023000000002,,,,False,CMFT_Engine,Balanced,0.0
2009-02-01,2009-02-01,Durum,2008,7,4451.023000000002,0.0,0.398,19.691666666666666,0.0,,34.069500000000026,315.31,4082.349833333335,,,,False,CMFT_Engine,Balanced,9.094947017729282e-13
2009-03-01,2009-03-01,Durum,2008,8,4082.349833333335,0.0,0.36,19.691666666666666,0.0,,34.069500000000026,209.994,3818.9546666666683,,,,False,CMFT_Engine,Balanced,0.0
2009-04-01,2009-04-01,Durum,2008,9,3818.9546666666683,0.0,0.002,19.691666666666666,0.0,,34.069500000000026,685.188,3080.0075000000015,,,,False,CMFT_Engine,Balanced,0.0
2009-05-01,2009-05-01,Durum,2008,10,3080.0075000000015,0.0,0.108,19.691666666666666,0.0,,34.069500000000026,379.364,2646.990333333335,,,,False,CMFT_Engine,Balanced,0.0
2009-06-01,2009-06-01,Durum,2008,11,2646.990333333335,0.0,0.006,19.691666666666666,0.0,,34.069500000000026,325.308,2267.927166666668,,,,False,CMFT_Engine,Balanced,0.0
2009-07-01,2009-07-01,Durum,2008,12,2267.927166666668,0.0,0.19,19.691666666666666,0.0,,34.069500000000026,211.256,2003.1,,,,True,CMFT_Engine,Balanced,1.5916157281026244e-12
2009-08-01,2009-08-01,Durum,2009,1,2003.1,5399.6,0.156,21.733333333333334,0.0,,130.57966666666672,163.144,7087.399000000001,5.66,5.51,36.00749229038112,False,CMFT_Engine,Balanced,-9.094947017729282e-13
2009-09-01,2009-09-01,Durum,2009,2,7087.399000000001,0.0,0.68,21.733333333333334,0.0,,130.57966666666672,283.42400000000004,6652.3420000000015,,,,False,CMFT_Engine,Balanced,0.0
2009-10-01,2009-10-01,Durum,2009,3,6652.3420000000015,0.0,0.424,21.733333333333334,0.0,,130.57966666666672,322.854,6177.599000000002,,,,False,CMFT_Engine,Balanced,-9.094947017729282e-13
2009-11-01,2009-11-01,Durum,2009,4,6177.599000000002,0.0,0.074,21.733333333333334,0.0,,130.57966666666672,265.098,5760.2620000000015,,,,False,CMFT_Engine,Balanced,0.0
2009-12-01,2009-12-01,Durum,2009,5,5760.2620000000015,0.0,0.034,21.733333333333334,0.0,,130.57966666666672,398.718,5209.265000000001,,,,False,CMFT_Engine,Balanced,0.0
2010-01-01,2010-01-01,Durum,2009,6,5209.265000000001,0.0,0.0,21.733333333333334,0.0,,130.57966666666672,256.162,4800.790000000002,,,,False,CMFT_Engine,Balanced,-9.094947017729282e-13
2010-02-01,2010-02-01,Durum,2009,7,4800.790000000002,0.0,0.006,21.733333333333334,0.0,,130.57966666666672,111.932,4536.551000000002,,,,False,CMFT_Engine,Balanced,0.0
2010-03-01,2010-03-01,Durum,2009,8,4536.551000000002,0.0,0.328,21.733333333333334,0.0,,130.57966666666672,161.032,4223.534000000002,,,,False,CMFT_Engine,Balanced,0.0
2010-04-01,2010-04-01,Durum,2009,9,4223.534000000002,0.0,0.298,21.733333333333334,0.0,,130.57966666666672,307.29,3764.229000000002,,,,False,CMFT_Engine,Balanced,0.0
2010-05-01,2010-05-01,Durum,2009,10,3764.229000000002,0.0,0.374,21.733333333333334,0.0,,130.57966666666672,320.008,3292.282000000002,,,,False,CMFT_Engine,Balanced,4.547473508864641e-13
2010-06-01,2010-06-01,Durum,2009,11,3292.282000000002,0.0,0.068,21.733333333333334,0.0,,130.57966666666672,163.52,2976.5170000000026,,,,False,CMFT_Engine,Balanced,0.0
2010-07-01,2010-07-01,Durum,2009,12,2976.5170000000026,0.0,0.0,21.733333333333334,0.0,,130.57966666666672,130.304,2693.9,,,,True,CMFT_Engine,Balanced,2.7284841053187847e-12
2010-08-01,2010-08-01,Durum,2010,1,2693.9,3024.7,0.26,21.216666666666665,0.0,,79.72149999999999,290.176,5327.745833333334,3.15,3.075,36.14265671219512,False,CMFT_Engine,Balanced,0.0
2010-09-01,2010-09-01,Durum,2010,2,5327.745833333334,0.0,0.758,21.216666666666665,0.0,,79.72149999999999,361.55,4866.015666666668,,,,False,CMFT_Engine,Balanced,0.0
2010-10-01,2010-10-01,Durum,2010,3,4866.015666666668,0.0,0.074,21.216666666666665,0.0,,79.72149999999999,169.09199999999998,4596.059500000001,,,,False,CMFT_Engine,Balanced,9.094947017729282e-13
2010-11-01,2010-11-01,Durum,2010,4,4596.059500000001,0.0,19.130000000000003,21.216666666666665,0.0,,79.72149999999999,345.41,4168.841333333335,,,,False,CMFT_Engine,Balanced,9.094947017729282e-13
2010-12-01,2010-12-01,Durum,2010,5,4168.841333333335,0.0,2.248,21.216666666666665,0.0,,79.72149999999999,262.14799999999997,3808.0031666666678,,,,False,CMFT_Engine,Balanced,0.0
2011-01-01,2011-01-01,Durum,2010,6,3808.0031666666678,0.0,10.678,21.216666666666665,0.0,,79.72149999999999,210.46,3507.283000000001,,,,False,CMFT_Engine,Balanced,0.0
2011-02-01,2011-02-01,Durum,2010,7,3507.283000000001,0.0,0.846,21.216666666666665,0.0,,79.72149999999999,166.606,3240.5848333333342,,,,False,CMFT_Engine,Balanced,0.0
2011-03-01,2011-03-01,Durum,2010,8,3240.5848333333342,0.0,0.39,21.216666666666665,0.0,,79.72149999999999,151.36200000000002,2988.6746666666672,,,,False,CMFT_Engine,Balanced,0.0
2011-04-01,2011-04-01,Durum,2010,9,2988.6746666666672,0.0,0.552,21.216666666666665,0.0,,79.72149999999999,351.01599999999996,2537.2725000000005,,,,False,CMFT_Engine,Balanced,0.0
2011-05-01,2011-05-01,Durum,2010,10,2537.2725000000005,0.0,0.38,21.216666666666665,0.0,,79.72149999999999,213.788,2222.926333333334,,,,False,CMFT_Engine,Balanced,0.0
2011-06-01,2011-06-01,Durum,2010,11,2222.926333333334,0.0,0.836,21.216666666666665,0.0,,79.72149999999999,138.61599999999999,1984.2081666666668,,,,False,CMFT_Engine,Balanced,0.0
2011-07-01,2011-07-01,Durum,2010,12,1984.2081666666668,0.0,0.37,21.216666666666665,0.0,,79.72149999999999,317.64,1566.0,,,,True,CMFT_Engine,Balanced,0.0
2011-08-01,2011-08-01,Durum,2011,1,1566.0,4172.1,5.303999999999999,19.366666666666667,0.0,,56.910500000000035,180.526,5486.600833333334,4.011018,3.93,39.00722411450382,False,CMFT_Engine,Balanced,0.0
2011-09-01,2011-09-01,Durum,2011,2,5486.600833333334,0.0,2.268,19.366666666666667,0.0,,56.910500000000035,397.608,5014.983666666667,,,,False,CMFT_Engine,Balanced,0.0
2011-10-01,2011-10-01,Durum,2011,3,5014.983666666667,0.0,3.774,19.366666666666667,0.0,,56.910500000000035,178.8,4763.6805,,,,False,CMFT_Engine,Balanced,0.0
2011-11-01,2011-11-01,Durum,2011,4,4763.6805,0.0,0.404,19.366666666666667,0.0,,56.910500000000035,431.714,4256.093333333334,,,,False,CMFT_Engine,Balanced,0.0
2011-12-01,2011-12-01,Durum,2011,5,4256.093333333334,0.0,0.098,19.366666666666667,0.0,,56.910500000000035,252.332,3927.5821666666675,,,,False,CMFT_Engine,Balanced,0.0
2012-01-01,2012-01-01,Durum,2011,6,3927.5821666666675,0.0,0.744,19.366666666666667,0.0,,56.910500000000035,156.458,3695.591000000001,,,,False,CMFT_Engine,Balanced,0.0
2012-02-01,2012-02-01,Durum,2011,7,3695.591000000001,0.0,0.731,19.366666666666667,0.0,,56.910500000000035,257.121,3362.923833333334,,,,False,CMFT_Engine,Balanced,0.0
2012-03-01,2012-03-01,Durum,2011,8,3362.923833333334,0.0,0.528,19.366666666666667,0.0,,56.910500000000035,265.129,3022.0456666666673,,,,False,CMFT_Engine,Balanced,0.0
2012-04-01,2012-04-01,Durum,2011,9,3022.0456666666673,0.0,0.8200000000000001,19.366666666666667,0.0,,56.910500000000035,432.695,2513.893500000001,,,,False,CMFT_Engine,Balanced,-4.547473508864641e-13
2012-05-01,2012-05-01,Durum,2011,10,2513.893500000001,0.0,1.158,19.366666666666667,0.0,,56.910500000000035,407.323,2031.4513333333343,,,,False,CMFT_Engine,Balanced,0.0
2012-06-01,2012-06-01,Durum,2011,11,2031.4513333333343,0.0,0.494,19.366666666666667,0.0,,56.910500000000035,203.983,1751.6851666666676,,,,False,CMFT_Engine,Balanced,2.2737367544323206e-13
2012-07-01,2012-07-01,Durum,2011,12,1751.6851666666676,0.0,1.017,19.366666666666667,0.0,,56.910500000000035,190.325,1486.1,,,,True,CMFT_Engine,Balanced,1.1368683772161603e-12
2012-08-01,2012-08-01,Durum,2012,1,1486.1,4626.6,2.878,19.258333333333333,0.0,,39.62791666666677,391.68399999999997,5665.007750000001,4.625,4.585,37.07707795419847,False,CMFT_Engine,Balanced,0.0
2012-09-01,2012-09-01,Durum,2012,2,5665.007750000001,0.0,18.746,19.258333333333333,0.0,,39.62791666666677,255.012,5369.8555000000015,,,,False,CMFT_Engine,Balanced,0.0
2012-10-01,2012-10-01,Durum,2012,3,5369.8555000000015,0.0,0.268,19.258333333333333,0.0,,39.62791666666677,555.281,4755.956250000002,,,,False,CMFT_Engine,Balanced,0.0
2012-11-01,2012-11-01,Durum,2012,4,4755.956250000002,0.0,2.8689999999999998,19.258333333333333,0.0,,39.62791666666677,453.701,4246.238000000002,,,,False,CMFT_Engine,Balanced,0.0
2012-12-01,2012-12-01,Durum,2012,5,4246.238000000002,0.0,9.358,19.258333333333333,0.0,,39.62791666666677,324.959,3871.750750000002,,,,False,CMFT_Engine,Balanced,9.094947017729282e-13
2013-01-01,2013-01-01,Durum,2012,6,3871.750750000002,0.0,0.103,19.258333333333333,0.0,,39.62791666666677,407.946,3405.021500000002,,,,False,CMFT_Engine,Balanced,0.0
2013-02-01,2013-02-01,Durum,2012,7,3405.021500000002,0.0,0.202,19.258333333333333,0.0,,39.62791666666677,189.71699999999998,3156.620250000002,,,,False,CMFT_Engine,Balanced,0.0
2013-03-01,2013-03-01,Durum,2012,8,3156.620250000002,0.0,0.446,19.258333333333333,0.0,,39.62791666666677,351.419,2746.761000000002,,,,False,CMFT_Engine,Balanced,4.547473508864641e-13
2013-04-01,2013-04-01,Durum,2012,9,2746.761000000002,0.0,0.131,19.258333333333333,0.0,,39.62791666666677,491.837,2196.1687500000016,,,,False,CMFT_Engine,Balanced,0.0
2013-05-01,2013-05-01,Durum,2012,10,2196.1687500000016,0.0,0.203,19.258333333333333,0.0,,39.62791666666677,473.373,1664.1125000000015,,,,False,CMFT_Engine,Balanced,0.0
2013-06-01,2013-06-01,Durum,2012,11,1664.1125000000015,0.0,0.329,19.258333333333333,0.0,,39.62791666666677,189.31400000000002,1416.2412500000014,,,,False,CMFT_Engine,Balanced,-2.2737367544323206e-13
2013-07-01,2013-07-01,Durum,2012,12,1416.2412500000014,0.0,0.263,19.258333333333333,0.0,,39.62791666666677,230.718,1126.9,,,,True,CMFT_Engine,Balanced,9.094947017729282e-13
2013-08-01,2013-08-01,Durum,2013,1,1126.9,6504.5,0.094,19.691666666666666,0.0,,54.65425000000001,393.827,7163.321083333333,4.985,4.955,48.23398519677093,False,CMFT_Engine,Balanced,0.0
2013-09-01,2013-09-01,Durum,2013,2,7163.321083333333,0.0,0.0,19.691666666666666,0.0,,54.65425000000001,338.098,6750.877166666667,,,,False,CMFT_Engine,Balanced,0.0
2013-10-01,2013-10-01,Durum,2013,3,6750.877166666667,0.0,0.197,19.691666666666666,0.0,,54.65425000000001,383.67,6293.058250000001,,,,False,CMFT_Engine,Balanced,0.0
2013-11-01,2013-11-01,Durum,2013,4,6293.058250000001,0.0,0.389,19.691666666666666,0.0,,54.65425000000001,358.168,5860.933333333335,,,,False,CMFT_Engine,Balanced,0.0
2013-12-01,2013-12-01,Durum,2013,5,5860.933333333335,0.0,0.123,19.691666666666666,0.0,,54.65425000000001,447.795,5338.9154166666685,,,,False,CMFT_Engine,Balanced,0.0
2014-01-01,2014-01-01,Durum,2013,6,5338.9154166666685,0.0,0.085,19.691666666666666,0.0,,54.65425000000001,409.517,4855.137500000003,,,,False,CMFT_Engine,Balanced,0.0
2014-02-01,2014-02-01,Durum,2013,7,4855.137500000003,0.0,2.23,19.691666666666666,0.0,,54.65425000000001,311.298,4471.723583333336,,,,False,CMFT_Engine,Balanced,0.0
2014-03-01,2014-03-01,Durum,2013,8,4471.723583333336,0.0,0.263,19.691666666666666,0.0,,54.65425000000001,428.46500000000003,3969.1756666666693,,,,False,CMFT_Engine,Balanced,4.547473508864641e-13
2014-04-01,2014-04-01,Durum,2013,9,3969.1756666666693,0.0,0.09,19.691666666666666,0.0,,54.65425000000001,387.447,3507.4727500000026,,,,False,CMFT_Engine,Balanced,0.0
2014-05-01,2014-05-01,Durum,2013,10,3507.4727500000026,0.0,0.5569999999999999,19.691666666666666,0.0,,54.65425000000001,575.928,2857.755833333336,,,,False,CMFT_Engine,Balanced,0.0
2014-06-01,2014-06-01,Durum,2013,11,2857.755833333336,0.0,0.291,19.691666666666666,0.0,,54.65425000000001,335.924,2447.7769166666694,,,,False,CMFT_Engine,Balanced,0.0
2014-07-01,2014-07-01,Durum,2013,12,2447.7769166666694,0.0,0.788,19.691666666666666,0.0,,54.65425000000001,635.319,1738.9,,,,True,CMFT_Engine,Balanced,2.7284841053187847e-12
2014-08-01,2014-08-01,Durum,2014,1,1738.9,5192.7,1.862,16.716666666666665,0.0,,56.841416666666596,554.554,6305.349916666668,4.78,4.69,40.68209189552238,False,CMFT_Engine,Balanced,0.0
2014-09-01,2014-09-01,Durum,2014,2,6305.349916666668,0.0,0.6869999999999999,16.716666666666665,0.0,,56.841416666666596,346.12100000000004,5886.357833333335,,,,False,CMFT_Engine,Balanced,0.0
2014-10-01,2014-10-01,Durum,2014,3,5886.357833333335,0.0,0.189,16.716666666666665,0.0,,56.841416666666596,418.017,5394.971750000002,,,,False,CMFT_Engine,Balanced,9.094947017729282e-13
2014-11-01,2014-11-01,Durum,2014,4,5394.971750000002,0.0,1.262,16.716666666666665,0.0,,56.841416666666596,649.283,4673.392666666669,,,,False,CMFT_Engine,Balanced,0.0
2014-12-01,2014-12-01,Durum,2014,5,4673.392666666669,0.0,0.141,16.716666666666665,0.0,,56.841416666666596,562.541,4037.4345833333355,,,,False,CMFT_Engine,Balanced,9.094947017729282e-13
2015-01-01,2015-01-01,Durum,2014,6,4037.4345833333355,0.0,0.181,16.716666666666665,0.0,,56.841416666666596,451.564,3512.4935000000023,,,,False,CMFT_Engine,Balanced,0.0
2015-02-01,2015-02-01,Durum,2014,7,3512.4935000000023,0.0,0.08600000000000001,16.716666666666665,0.0,,56.841416666666596,420.422,3018.5994166666687,,,,False,CMFT_Engine,Balanced,0.0
2015-03-01,2015-03-01,Durum,2014,8,3018.5994166666687,0.0,0.862,16.716666666666665,0.0,,56.841416666666596,532.021,2413.8823333333353,,,,False,CMFT_Engine,Balanced,4.547473508864641e-13
2015-04-01,2015-04-01,Durum,2014,9,2413.8823333333353,0.0,0.23399999999999999,16.716666666666665,0.0,,56.841416666666596,321.78700000000003,2018.771250000002,,,,False,CMFT_Engine,Balanced,-2.2737367544323206e-13
2015-05-01,2015-05-01,Durum,2014,10,2018.771250000002,0.0,0.397,16.716666666666665,0.0,,56.841416666666596,344.372,1601.2381666666688,,,,False,CMFT_Engine,Balanced,-2.2737367544323206e-13
2015-06-01,2015-06-01,Durum,2014,11,1601.2381666666688,0.0,0.9039999999999999,16.716666666666665,0.0,,56.841416666666596,235.351,1293.2330833333356,,,,False,CMFT_Engine,Balanced,-2.2737367544323206e-13
2015-07-01,2015-07-01,Durum,2014,12,1293.2330833333356,0.0,0.9,16.716666666666665,0.0,,56.841416666666596,244.475,976.1,,,,True,CMFT_Engine,Balanced,2.2737367544323206e-12
2015-08-01,2015-08-01,Durum,2015,1,976.1,5388.7,1.436,17.425,0.0,,56.998666666666715,145.482,6146.330333333333,5.79,5.72,34.61552031293706,False,CMFT_Engine,Balanced,0.0
2015-09-01,2015-09-01,Durum,2015,2,6146.330333333333,0.0,0.44,17.425,0.0,,56.998666666666715,208.14800000000002,5864.198666666666,,,,False,CMFT_Engine,Balanced,0.0
2015-10-01,2015-10-01,Durum,2015,3,5864.198666666666,0.0,0.375,17.425,0.0,,56.998666666666715,431.786,5358.364,,,,False,CMFT_Engine,Balanced,0.0
2015-11-01,2015-11-01,Durum,2015,4,5358.364,0.0,2.1559999999999997,17.425,0.0,,56.998666666666715,578.851,4707.245333333333,,,,False,CMFT_Engine,Balanced,0.0
2015-12-01,2015-12-01,Durum,2015,5,4707.245333333333,0.0,4.128,17.425,0.0,,56.998666666666715,612.688,4024.2616666666663,,,,False,CMFT_Engine,Balanced,0.0
2016-01-01,2016-01-01,Durum,2015,6,4024.2616666666663,0.0,0.895,17.425,0.0,,56.998666666666715,449.073,3501.6599999999994,,,,False,CMFT_Engine,Balanced,0.0
2016-02-01,2016-02-01,Durum,2015,7,3501.6599999999994,0.0,0.473,17.425,0.0,,56.998666666666715,540.644,2887.0653333333325,,,,False,CMFT_Engine,Balanced,-4.547473508864641e-13
2016-03-01,2016-03-01,Durum,2015,8,2887.0653333333325,0.0,0.759,17.425,0.0,,56.998666666666715,348.209,2465.1916666666657,,,,False,CMFT_Engine,Balanced,0.0
2016-04-01,2016-04-01,Durum,2015,9,2465.1916666666657,0.0,0.84,17.425,0.0,,56.998666666666715,336.673,2054.934999999999,,,,False,CMFT_Engine,Balanced,-4.547473508864641e-13
2016-05-01,2016-05-01,Durum,2015,10,2054.934999999999,0.0,0.65,17.425,0.0,,56.998666666666715,320.0,1661.1613333333325,,,,False,CMFT_Engine,Balanced,0.0
2016-06-01,2016-06-01,Durum,2015,11,1661.1613333333325,0.0,0.352,17.425,0.0,,56.998666666666715,123.411,1463.678666666666,,,,False,CMFT_Engine,Balanced,0.0
2016-07-01,2016-07-01,Durum,2015,12,1463.678666666666,0.0,0.363,17.425,0.0,,56.998666666666715,289.31800000000004,1100.3,,,,True,CMFT_Engine,Balanced,-4.547473508864641e-13
2016-08-01,2016-08-01,Durum,2016,1,1100.3,7761.8,0.29,14.466666666666667,0.0,,210.60874999999996,272.572,8364.742583333335,6.1015,5.765,49.470468457935816,False,CMFT_Engine,Balanced,0.0
2016-09-01,2016-09-01,Durum,2016,2,8364.742583333335,0.0,0.142,14.466666666666667,0.0,,210.60874999999996,185.392,7954.417166666667,,,,False,CMFT_Engine,Balanced,0.0
2016-10-01,2016-10-01,Durum,2016,3,7954.417166666667,0.0,0.251,14.466666666666667,0.0,,210.60874999999996,401.226,7328.36675,,,,False,CMFT_Engine,Balanced,9.094947017729282e-13
2016-11-01,2016-11-01,Durum,2016,4,7328.36675,0.0,0.482,14.466666666666667,0.0,,210.60874999999996,416.783,6686.990333333333,,,,False,CMFT_Engine,Balanced,0.0
2016-12-01,2016-12-01,Durum,2016,5,6686.990333333333,0.0,0.291,14.466666666666667,0.0,,210.60874999999996,407.19,6055.015916666666,,,,False,CMFT_Engine,Balanced,9.094947017729282e-13
2017-01-01,2017-01-01,Durum,2016,6,6055.015916666666,0.0,1.044,14.466666666666667,0.0,,210.60874999999996,377.53900000000004,5453.445499999999,,,,False,CMFT_Engine,Balanced,9.094947017729282e-13
2017-02-01,2017-02-01,Durum,2016,7,5453.445499999999,0.0,1.15,14.466666666666667,0.0,,210.60874999999996,366.75100000000003,4862.769083333332,,,,False,CMFT_Engine,Balanced,0.0
2017-03-01,2017-03-01,Durum,2016,8,4862.769083333332,0.0,1.299,14.466666666666667,0.0,,210.60874999999996,271.59,4367.402666666665,,,,False,CMFT_Engine,Balanced,0.0
2017-04-01,2017-04-01,Durum,2016,9,4367.402666666665,0.0,2.838,14.466666666666667,0.0,,210.60874999999996,477.12600000000003,3668.0392499999984,,,,False,CMFT_Engine,Balanced,-4.547473508864641e-13
2017-05-01,2017-05-01,Durum,2016,10,3668.0392499999984,0.0,0.398,14.466666666666667,0.0,,210.60874999999996,483.334,2960.027833333332,,,,False,CMFT_Engine,Balanced,0.0
2017-06-01,2017-06-01,Durum,2016,11,2960.027833333332,0.0,0.117,14.466666666666667,0.0,,210.60874999999996,451.60400000000004,2283.465416666666,,,,False,CMFT_Engine,Balanced,0.0
2017-07-01,2017-07-01,Durum,2016,12,2283.465416666666,0.0,0.33799999999999997,14.466666666666667,0.0,,210.60874999999996,230.728,1828.0,,,,True,CMFT_Engine,Balanced,-4.547473508864641e-13
2017-08-01,2017-08-01,Durum,2017,1,1828.0,4962.2,0.043,16.775000000000002,0.0,,66.71541666666663,474.70300000000003,6232.0495833333325,5.205,5.16,35.3351915,False,CMFT_Engine,Balanced,0.0
2017-09-01,2017-09-01,Durum,2017,2,6232.0495833333325,0.0,0.352,16.775000000000002,0.0,,66.71541666666663,218.68099999999998,5930.230166666665,,,,False,CMFT_Engine,Balanced,9.094947017729282e-13
2017-10-01,2017-10-01,Durum,2017,3,5930.230166666665,0.0,0.502,16.775000000000002,0.0,,66.71541666666663,380.95,5466.2917499999985,,,,False,CMFT_Engine,Balanced,9.094947017729282e-13
2017-11-01,2017-11-01,Durum,2017,4,5466.2917499999985,0.0,0.121,16.775000000000002,0.0,,66.71541666666663,338.963,5043.959333333331,,,,False,CMFT_Engine,Balanced,9.094947017729282e-13
2017-12-01,2017-12-01,Durum,2017,5,5043.959333333331,0.0,0.0,16.775000000000002,0.0,,66.71541666666663,292.489,4667.979916666664,,,,False,CMFT_Engine,Balanced,9.094947017729282e-13
2018-01-01,2018-01-01,Durum,2017,6,4667.979916666664,0.0,0.913,16.775000000000002,0.0,,66.71541666666663,471.565,4113.837499999997,,,,False,CMFT_Engine,Balanced,9.094947017729282e-13
2018-02-01,2018-02-01,Durum,2017,7,4113.837499999997,0.0,1.365,16.775000000000002,0.0,,66.71541666666663,316.60699999999997,3715.10508333333,,,,False,CMFT_Engine,Balanced,4.547473508864641e-13
2018-03-01,2018-03-01,Durum,2017,8,3715.10508333333,0.0,1.8709999999999998,16.775000000000002,0.0,,66.71541666666663,433.487,3199.9986666666637,,,,False,CMFT_Engine,Balanced,0.0
2018-04-01,2018-04-01,Durum,2017,9,3199.9986666666637,0.0,0.5880000000000001,16.775000000000002,0.0,,66.71541666666663,372.267,2744.8292499999975,,,,False,CMFT_Engine,Balanced,0.0
2018-05-01,2018-05-01,Durum,2017,10,2744.8292499999975,0.0,0.493,16.775000000000002,0.0,,66.71541666666663,424.817,2237.014833333331,,,,False,CMFT_Engine,Balanced,0.0
2018-06-01,2018-06-01,Durum,2017,11,2237.014833333331,0.0,2.98,16.775000000000002,0.0,,66.71541666666663,161.04,1995.4644166666642,,,,False,CMFT_Engine,Balanced,2.2737367544323206e-13
2018-07-01,2018-07-01,Durum,2017,12,1995.4644166666642,0.0,0.94,16.775000000000002,0.0,,66.71541666666663,436.814,1476.1,,,,True,CMFT_Engine,Balanced,-2.5011104298755527e-12
2018-08-01,2018-08-01,Durum,2018,1,1476.1,5784.8,1.408,17.008333333333333,0.0,,61.25075000000002,293.626,6890.422916666666,6.1854,6.068,35.02883252471984,False,CMFT_Engine,Balanced,0.0
2018-09-01,2018-09-01,Durum,2018,2,6890.422916666666,0.0,1.285,17.008333333333333,0.0,,61.25075000000002,306.727,6506.721833333333,,,,False,CMFT_Engine,Balanced,0.0
2018-10-01,2018-10-01,Durum,2018,3,6506.721833333333,0.0,1.484,17.008333333333333,0.0,,61.25075000000002,294.161,6135.78575,,,,False,CMFT_Engine,Balanced,0.0
2018-11-01,2018-11-01,Durum,2018,4,6135.78575,0.0,1.829,17.008333333333333,0.0,,61.25075000000002,222.757,5836.598666666666,,,,False,CMFT_Engine,Balanced,9.094947017729282e-13
2018-12-01,2018-12-01,Durum,2018,5,5836.598666666666,0.0,0.789,17.008333333333333,0.0,,61.25075000000002,443.887,5315.2415833333325,,,,False,CMFT_Engine,Balanced,0.0
2019-01-01,2019-01-01,Durum,2018,6,5315.2415833333325,0.0,1.71,17.008333333333333,0.0,,61.25075000000002,229.413,5009.279499999999,,,,False,CMFT_Engine,Balanced,0.0
2019-02-01,2019-02-01,Durum,2018,7,5009.279499999999,0.0,1.376,17.008333333333333,0.0,,61.25075000000002,233.631,4698.765416666665,,,,False,CMFT_Engine,Balanced,0.0
2019-03-01,2019-03-01,Durum,2018,8,4698.765416666665,0.0,1.0379999999999998,17.008333333333333,0.0,,61.25075000000002,534.294,4087.2503333333316,,,,False,CMFT_Engine,Balanced,0.0
2019-04-01,2019-04-01,Durum,2018,9,4087.2503333333316,0.0,3.628,17.008333333333333,0.0,,61.25075000000002,708.258,3304.361249999998,,,,False,CMFT_Engine,Balanced,0.0
2019-05-01,2019-05-01,Durum,2018,10,3304.361249999998,0.0,4.357,17.008333333333333,0.0,,61.25075000000002,406.719,2823.7401666666647,,,,False,CMFT_Engine,Balanced,0.0
2019-06-01,2019-06-01,Durum,2018,11,2823.7401666666647,0.0,2.457,17.008333333333333,0.0,,61.25075000000002,518.304,2229.634083333331,,,,False,CMFT_Engine,Balanced,0.0
2019-07-01,2019-07-01,Durum,2018,12,2229.634083333331,0.0,2.459,17.008333333333333,0.0,,61.25075000000002,321.534,1832.3,,,,True,CMFT_Engine,Balanced,-2.5011104298755527e-12
2019-08-01,2019-08-01,Durum,2019,1,1832.3,5017.0,0.996,17.941666666666666,0.0,,59.308916666666725,348.195,6424.850416666667,4.8936,4.6992,39.2286225102145,False,CMFT_Engine,Balanced,0.0
2019-09-01,2019-09-01,Durum,2019,2,6424.850416666667,0.0,5.674,17.941666666666666,0.0,,59.308916666666725,307.217,6046.056833333334,,,,False,CMFT_Engine,Balanced,0.0
2019-10-01,2019-10-01,Durum,2019,3,6046.056833333334,0.0,19.471,17.941666666666666,0.0,,59.308916666666725,368.175,5620.10225,,,,False,CMFT_Engine,Balanced,0.0
2019-11-01,2019-11-01,Durum,2019,4,5620.10225,0.0,17.729,17.941666666666666,0.0,,59.308916666666725,505.803,5054.777666666667,,,,False,CMFT_Engine,Balanced,0.0
2019-12-01,2019-12-01,Durum,2019,5,5054.777666666667,0.0,11.315,17.941666666666666,0.0,,59.308916666666725,383.272,4605.570083333333,,,,False,CMFT_Engine,Balanced,0.0
2020-01-01,2020-01-01,Durum,2019,6,4605.570083333333,0.0,14.311,17.941666666666666,0.0,,59.308916666666725,368.131,4174.499499999999,,,,False,CMFT_Engine,Balanced,0.0
2020-02-01,2020-02-01,Durum,2019,7,4174.499499999999,0.0,9.006,17.941666666666666,0.0,,59.308916666666725,327.689,3778.5659166666655,,,,False,CMFT_Engine,Balanced,4.547473508864641e-13
2020-03-01,2020-03-01,Durum,2019,8,3778.5659166666655,0.0,6.325,17.941666666666666,0.0,,59.308916666666725,511.033,3196.6073333333316,,,,False,CMFT_Engine,Balanced,4.547473508864641e-13
2020-04-01,2020-04-01,Durum,2019,9,3196.6073333333316,0.0,4.89,17.941666666666666,0.0,,59.308916666666725,579.364,2544.882749999998,,,,False,CMFT_Engine,Balanced,0.0
2020-05-01,2020-05-01,Durum,2019,10,2544.882749999998,0.0,3.009,17.941666666666666,0.0,,59.308916666666725,631.532,1839.1091666666646,,,,False,CMFT_Engine,Balanced,-2.2737367544323206e-13
2020-06-01,2020-06-01,Durum,2019,11,1839.1091666666646,0.0,2.036,17.941666666666666,0.0,,59.308916666666725,380.814,1383.0805833333313,,,,False,CMFT_Engine,Balanced,0.0
2020-07-01,2020-07-01,Durum,2019,12,1383.0805833333313,0.0,1.6809999999999998,17.941666666666666,0.0,,59.308916666666725,570.911,736.6,,,,True,CMFT_Engine,Balanced,-1.8189894035458565e-12
2020-08-01,2020-08-01,Durum,2020,1,736.6,6571.2,3.2449999999999997,16.525000000000002,0.0,,46.45691666666668,315.776,6932.287083333333,5.6886,5.6712,42.574799238256446,False,CMFT_Engine,Balanced,9.094947017729282e-13
2020-09-01,2020-09-01,Durum,2020,2,6932.287083333333,0.0,3.4269999999999996,16.525000000000002,0.0,,46.45691666666668,190.776,6681.956166666665,,,,False,CMFT_Engine,Balanced,9.094947017729282e-13
2020-10-01,2020-10-01,Durum,2020,3,6681.956166666665,0.0,1.281,16.525000000000002,0.0,,46.45691666666668,430.449,6189.806249999998,,,,False,CMFT_Engine,Balanced,9.094947017729282e-13
2020-11-01,2020-11-01,Durum,2020,4,6189.806249999998,0.0,0.493,16.525000000000002,0.0,,46.45691666666668,790.609,5336.708333333331,,,,False,CMFT_Engine,Balanced,0.0
2020-12-01,2020-12-01,Durum,2020,5,5336.708333333331,0.0,0.244,16.525000000000002,0.0,,46.45691666666668,551.198,4722.772416666664,,,,False,CMFT_Engine,Balanced,0.0
2021-01-01,2021-01-01,Durum,2020,6,4722.772416666664,0.0,0.387,16.525000000000002,0.0,,46.45691666666668,463.94399999999996,4196.233499999997,,,,False,CMFT_Engine,Balanced,0.0
2021-02-01,2021-02-01,Durum,2020,7,4196.233499999997,0.0,1.089,16.525000000000002,0.0,,46.45691666666668,476.35,3657.99058333333,,,,False,CMFT_Engine,Balanced,0.0
2021-03-01,2021-03-01,Durum,2020,8,3657.99058333333,0.0,0.627,16.525000000000002,0.0,,46.45691666666668,686.907,2908.7286666666637,,,,False,CMFT_Engine,Balanced,-4.547473508864641e-13
2021-04-01,2021-04-01,Durum,2020,9,2908.7286666666637,0.0,0.551,16.525000000000002,0.0,,46.45691666666668,665.5360000000001,2180.761749999997,,,,False,CMFT_Engine,Balanced,0.0
2021-05-01,2021-05-01,Durum,2020,10,2180.761749999997,0.0,0.206,16.525000000000002,0.0,,46.45691666666668,579.533,1538.4528333333303,,,,False,CMFT_Engine,Balanced,2.2737367544323206e-13
2021-06-01,2021-06-01,Durum,2020,11,1538.4528333333303,0.0,0.721,16.525000000000002,0.0,,46.45691666666668,231.95499999999998,1244.2369166666635,,,,False,CMFT_Engine,Balanced,0.0
2021-07-01,2021-07-01,Durum,2020,12,1244.2369166666635,0.0,0.823,16.525000000000002,0.0,,46.45691666666668,369.078,813.0,,,,True,CMFT_Engine,Balanced,-3.183231456205249e-12
2021-08-01,2021-08-01,Durum,2021,1,813.0,3032.5,0.984,17.508333333333333,0.0,,29.477750000000054,404.714,3394.7839166666668,5.736514,5.512405,20.213549303797524,False,CMFT_Engine,Balanced,0.0
2021-09-01,2021-09-01,Durum,2021,2,3394.7839166666668,0.0,1.606,17.508333333333333,0.0,,29.477750000000054,224.798,3124.6058333333335,,,,False,CMFT_Engine,Balanced,4.547473508864641e-13
2021-10-01,2021-10-01,Durum,2021,3,3124.6058333333335,0.0,2.514,17.508333333333333,0.0,,29.477750000000054,263.804,2816.3297500000003,,,,False,CMFT_Engine,Balanced,0.0
2021-11-01,2021-11-01,Durum,2021,4,2816.3297500000003,0.0,0.823,17.508333333333333,0.0,,29.477750000000054,228.402,2541.764666666667,,,,False,CMFT_Engine,Balanced,0.0
2021-12-01,2021-12-01,Durum,2021,5,2541.764666666667,0.0,0.855,17.508333333333333,0.0,,29.477750000000054,99.892,2395.7415833333334,,,,False,CMFT_Engine,Balanced,4.547473508864641e-13
2022-01-01,2022-01-01,Durum,2021,6,2395.7415833333334,0.0,0.259,17.508333333333333,0.0,,29.477750000000054,149.309,2199.7055,,,,False,CMFT_Engine,Balanced,0.0
2022-02-01,2022-02-01,Durum,2021,7,2199.7055,0.0,0.127,17.508333333333333,0.0,,29.477750000000054,147.043,2005.8034166666666,,,,False,CMFT_Engine,Balanced,0.0
2022-03-01,2022-03-01,Durum,2021,8,2005.8034166666666,0.0,0.20700000000000002,17.508333333333333,0.0,,29.477750000000054,182.148,1776.8763333333334,,,,False,CMFT_Engine,Balanced,0.0
2022-04-01,2022-04-01,Durum,2021,9,1776.8763333333334,0.0,0.184,17.508333333333333,0.0,,29.477750000000054,243.91799999999998,1486.15625,,,,False,CMFT_Engine,Balanced,0.0
2022-05-01,2022-05-01,Durum,2021,10,1486.15625,0.0,0.175,17.508333333333333,0.0,,29.477750000000054,267.96000000000004,1171.3851666666665,,,,False,CMFT_Engine,Balanced,0.0
2022-06-01,2022-06-01,Durum,2021,11,1171.3851666666665,0.0,0.031,17.508333333333333,0.0,,29.477750000000054,192.169,932.2610833333331,,,,False,CMFT_Engine,Balanced,-1.1368683772161603e-13
2022-07-01,2022-07-01,Durum,2021,12,932.2610833333331,0.0,0.091,17.508333333333333,0.0,,29.477750000000054,298.866,586.5,,,,True,CMFT_Engine,Balanced,-2.2737367544323206e-13
2022-08-01,2022-08-01,Durum,2022,1,586.5,5790.4,0.113,16.183333333333334,0.0,,47.41033333333331,140.854,6172.565333333333,6.0061,5.9293,35.88294073162093,False,CMFT_Engine,Balanced,0.0
2022-09-01,2022-09-01,Durum,2022,2,6172.565333333333,0.0,0.21900000000000003,16.183333333333334,0.0,,47.41033333333331,229.215,5879.975666666666,,,,False,CMFT_Engine,Balanced,0.0
2022-10-01,2022-10-01,Durum,2022,3,5879.975666666666,0.0,0.065,16.183333333333334,0.0,,47.41033333333331,478.04,5338.406999999999,,,,False,CMFT_Engine,Balanced,0.0
2022-11-01,2022-11-01,Durum,2022,4,5338.406999999999,0.0,0.046,16.183333333333334,0.0,,47.41033333333331,736.34,4538.519333333333,,,,False,CMFT_Engine,Balanced,0.0
2022-12-01,2022-12-01,Durum,2022,5,4538.519333333333,0.0,0.032,16.183333333333334,0.0,,47.41033333333331,343.385,4131.572666666666,,,,False,CMFT_Engine,Balanced,0.0
2023-01-01,2023-01-01,Durum,2022,6,4131.572666666666,0.0,0.0,16.183333333333334,0.0,,47.41033333333331,801.84,3266.138999999999,,,,False,CMFT_Engine,Balanced,0.0
2023-02-01,2023-02-01,Durum,2022,7,3266.138999999999,0.0,0.1,16.183333333333334,0.0,,47.41033333333331,482.647,2719.9983333333325,,,,False,CMFT_Engine,Balanced,0.0
2023-03-01,2023-03-01,Durum,2022,8,2719.9983333333325,0.0,0.015,16.183333333333334,0.0,,47.41033333333331,433.80400000000003,2222.6156666666657,,,,False,CMFT_Engine,Balanced,0.0
2023-04-01,2023-04-01,Durum,2022,9,2222.6156666666657,0.0,0.033,16.183333333333334,0.0,,47.41033333333331,567.059,1591.9959999999992,,,,False,CMFT_Engine,Balanced,-2.2737367544323206e-13
2023-05-01,2023-05-01,Durum,2022,10,1591.9959999999992,0.0,0.621,16.183333333333334,0.0,,47.41033333333331,285.77,1243.2533333333326,,,,False,CMFT_Engine,Balanced,0.0
2023-06-01,2023-06-01,Durum,2022,11,1243.2533333333326,0.0,0.165,16.183333333333334,0.0,,47.41033333333331,360.20799999999997,819.6166666666661,,,,False,CMFT_Engine,Balanced,-1.1368683772161603e-13
2023-07-01,2023-07-01,Durum,2022,12,819.6166666666661,0.0,0.068,16.183333333333334,0.0,,47.41033333333331,183.891,572.2,,,,True,CMFT_Engine,Balanced,-5.684341886080801e-13
2023-08-01,2023-08-01,Durum,2023,1,572.2,4246.9,1.107,15.924999999999999,0.0,,36.5933333333333,177.665,4590.023666666666,6.0338,5.8932,26.479131801058845,False,CMFT_Engine,Balanced,0.0
2023-09-01,2023-09-01,Durum,2023,2,4590.023666666666,0.0,0.536,15.924999999999999,0.0,,36.5933333333333,163.692,4374.349333333333,,,,False,CMFT_Engine,Balanced,0.0
2023-10-01,2023-10-01,Durum,2023,3,4374.349333333333,0.0,0.634,15.924999999999999,0.0,,36.5933333333333,320.612,4001.852999999999,,,,False,CMFT_Engine,Balanced,0.0
2023-11-01,2023-11-01,Durum,2023,4,4001.852999999999,0.0,0.284,15.924999999999999,0.0,,36.5933333333333,349.862,3599.756666666666,,,,False,CMFT_Engine,Balanced,-4.547473508864641e-13
2023-12-01,2023-12-01,Durum,2023,5,3599.756666666666,0.0,0.117,15.924999999999999,0.0,,36.5933333333333,265.791,3281.5643333333333,,,,False,CMFT_Engine,Balanced,-4.547473508864641e-13
2024-01-01,2024-01-01,Durum,2023,6,3281.5643333333333,0.0,0.0,15.924999999999999,0.0,,36.5933333333333,385.95799999999997,2843.088,,,,False,CMFT_Engine,Balanced,-4.547473508864641e-13
2024-02-01,2024-02-01,Durum,2023,7,2843.088,0.0,0.0,15.924999999999999,0.0,,36.5933333333333,301.142,2489.427666666667,,,,False,CMFT_Engine,Balanced,0.0
2024-03-01,2024-03-01,Durum,2023,8,2489.427666666667,0.0,0.23800000000000002,15.924999999999999,0.0,,36.5933333333333,417.62399999999997,2019.5233333333335,,,,False,CMFT_Engine,Balanced,-2.2737367544323206e-13
2024-04-01,2024-04-01,Durum,2023,9,2019.5233333333335,0.0,0.269,15.924999999999999,0.0,,36.5933333333333,446.757,1520.5170000000003,,,,False,CMFT_Engine,Balanced,0.0
2024-05-01,2024-05-01,Durum,2023,10,1520.5170000000003,0.0,0.089,15.924999999999999,0.0,,36.5933333333333,296.235,1171.852666666667,,,,False,CMFT_Engine,Balanced,2.2737367544323206e-13
2024-06-01,2024-06-01,Durum,2023,11,1171.852666666667,0.0,0.348,15.924999999999999,0.0,,36.5933333333333,208.368,911.3143333333336,,,,False,CMFT_Engine,Balanced,1.1368683772161603e-13
2024-07-01,2024-07-01,Durum,2023,12,911.3143333333336,0.0,1.0679999999999998,15.924999999999999,0.0,,36.5933333333333,190.964,668.9,,,,True,CMFT_Engine,Balanced,3.410605131648481e-13
2024-08-01,2024-08-01,Durum,2024,1,668.9,6380.3,0.387,16.075,0.0,,45.83174999999995,240.17,6747.510249999999,6.3644,6.3388,36.9842602874361,False,CMFT_Engine,Balanced,0.0
2024-09-01,2024-09-01,Durum,2024,2,6747.510249999999,0.0,0.013,16.075,0.0,,45.83174999999995,154.90499999999997,6530.711499999999,,,,False,CMFT_Engine,Balanced,0.0
2024-10-01,2024-10-01,Durum,2024,3,6530.711499999999,0.0,0.083,16.075,0.0,,45.83174999999995,533.2429999999999,5935.644749999999,,,,False,CMFT_Engine,Balanced,9.094947017729282e-13
2024-11-01,2024-11-01,Durum,2024,4,5935.644749999999,0.0,0.0,16.075,0.0,,45.83174999999995,520.288,5353.449999999998,,,,False,CMFT_Engine,Balanced,9.094947017729282e-13
2024-12-01,2024-12-01,Durum,2024,5,5353.449999999998,0.0,0.0,16.075,0.0,,45.83174999999995,782.357,4509.186249999998,,,,False,CMFT_Engine,Balanced,0.0
2025-01-01,2025-01-01,Durum,2024,6,4509.186249999998,0.0,0.0,16.075,0.0,,45.83174999999995,693.1949999999999,3754.084499999998,,,,False,CMFT_Engine,Balanced,0.0
2025-02-01,2025-02-01,Durum,2024,7,3754.084499999998,0.0,0.993,16.075,0.0,,45.83174999999995,292.164,3401.006749999998,,,,False,CMFT_Engine,Balanced,4.547473508864641e-13
2025-03-01,2025-03-01,Durum,2024,8,3401.006749999998,0.0,0.025,16.075,0.0,,45.83174999999995,512.582,2826.5429999999983,,,,False,CMFT_Engine,Balanced,4.547473508864641e-13
2025-04-01,2025-04-01,Durum,2024,9,2826.5429999999983,0.0,0.071,16.075,0.0,,45.83174999999995,739.008,2025.699249999998,,,,False,CMFT_Engine,Balanced,4.547473508864641e-13
2025-05-01,2025-05-01,Durum,2024,10,2025.699249999998,0.0,0.076,16.075,0.0,,45.83174999999995,557.6030000000001,1406.265499999998,,,,False,CMFT_Engine,Balanced,0.0
2025-06-01,2025-06-01,Durum,2024,11,1406.265499999998,0.0,1.126,16.075,0.0,,45.83174999999995,321.892,1023.5927499999979,,,,False,CMFT_Engine,Balanced,-1.1368683772161603e-13
2025-07-01,2025-07-01,Durum,2024,12,1023.5927499999979,0.0,2.301,16.075,0.0,,45.83174999999995,452.087,511.9,,,,True,CMFT_Engine,Balanced,-2.0463630789890885e-12
2025-08-01,2025-08-01,Durum,2025,1,511.9,7305.0,1.507,18.358333333333334,0.0,,56.741166666666516,135.8,7607.507499999999,6.5315,6.4069,41.89432151274407,False,CMFT_Engine,Balanced,0.0
2025-09-01,2025-09-01,Durum,2025,2,7607.507499999999,0.0,1.9689999999999999,18.358333333333334,0.0,,56.741166666666516,271.215,7263.161999999998,,,,False,CMFT_Engine,Balanced,0.0
2025-10-01,2025-10-01,Durum,2025,3,7263.161999999998,0.0,0.138,18.358333333333334,0.0,,56.741166666666516,466.37199999999996,6721.828499999999,,,,False,CMFT_Engine,Balanced,-9.094947017729282e-13
2025-11-01,2025-11-01,Durum,2025,4,6721.828499999999,0.0,0.028,18.358333333333334,0.0,,56.741166666666516,510.902,6135.854999999999,,,,False,CMFT_Engine,Balanced,0.0
2025-12-01,2025-12-01,Durum,2025,5,6135.854999999999,0.0,0.146,18.358333333333334,0.0,,56.741166666666516,653.937,5406.964499999998,,,,False,CMFT_Engine,Balanced,0.0
2026-01-01,2026-01-01,Durum,2025,6,5406.964499999998,0.0,0.092,18.358333333333334,0.0,,56.741166666666516,661.8720000000001,4670.084999999997,,,,False,CMFT_Engine,Balanced,0.0
2026-02-01,2026-02-01,Durum,2025,7,4670.084999999997,0.0,0.877,18.358333333333334,0.0,,56.741166666666516,536.777,4059.0854999999974,,,,False,CMFT_Engine,Balanced,0.0
2026-03-01,2026-03-01,Durum,2025,8,4059.0854999999974,0.0,1.383,18.358333333333334,0.0,,56.741166666666516,527.639,3457.7299999999973,,,,False,CMFT_Engine,Balanced,0.0
2026-04-01,2026-04-01,Durum,2025,9,3457.7299999999973,0.0,0.306,18.358333333333334,0.0,,56.741166666666516,685.02,2697.9164999999975,,,,False,CMFT_Engine,Balanced,0.0
2026-05-01,2026-05-01,Durum,2025,10,2697.9164999999975,0.0,0.293,18.358333333333334,0.0,,56.741166666666516,583.667,2039.4429999999977,,,,False,CMFT_Engine,Balanced,2.2737367544323206e-13
2026-06-01,2026-06-01,Durum,2025,11,2039.4429999999977,0.0,0.752,18.358333333333334,0.0,,56.741166666666516,357.689,1607.4064999999978,,,,False,CMFT_Engine,Balanced,0.0
2026-07-01,2026-07-01,Durum,2025,12,1607.4064999999978,0.0,0.849,18.358333333333334,0.0,,56.741166666666516,431.456,1101.7,,,,True,CMFT_Engine,Balanced,-2.0463630789890885e-12
2000-08-01,2000-08-01,Lentils,2000,1,80.0,914.1,,,,,61.50833333333333,,932.5916666666667,1.727,1.7,19.757303629411762,False,CMFT_Engine,Balanced,0.0
2000-09-01,2000-09-01,Lentils,2000,2,932.5916666666667,0.0,,,,,61.50833333333333,,871.0833333333334,,,,False,CMFT_Engine,Balanced,0.0
2000-10-01,2000-10-01,Lentils,2000,3,871.0833333333334,0.0,,,,,61.50833333333333,,809.575,,,,False,CMFT_Engine,Balanced,0.0
2000-11-01,2000-11-01,Lentils,2000,4,809.575,0.0,,,,,61.50833333333333,,748.0666666666667,,,,False,CMFT_Engine,Balanced,0.0
2000-12-01,2000-12-01,Lentils,2000,5,748.0666666666667,0.0,,,,,61.50833333333333,,686.5583333333334,,,,False,CMFT_Engine,Balanced,0.0
2001-01-01,2001-01-01,Lentils,2000,6,686.5583333333334,0.0,,,,,61.50833333333333,,625.0500000000001,,,,False,CMFT_Engine,Balanced,0.0
2001-02-01,2001-02-01,Lentils,2000,7,625.0500000000001,0.0,,,,,61.50833333333333,,563.5416666666667,,,,False,CMFT_Engine,Balanced,0.0
2001-03-01,2001-03-01,Lentils,2000,8,563.5416666666667,0.0,,,,,61.50833333333333,,502.0333333333334,,,,False,CMFT_Engine,Balanced,0.0
2001-04-01,2001-04-01,Lentils,2000,9,502.0333333333334,0.0,,,,,61.50833333333333,,440.5250000000001,,,,False,CMFT_Engine,Balanced,0.0
2001-05-01,2001-05-01,Lentils,2000,10,440.5250000000001,0.0,,,,,61.50833333333333,,379.01666666666677,,,,False,CMFT_Engine,Balanced,0.0
2001-06-01,2001-06-01,Lentils,2000,11,379.01666666666677,0.0,,,,,61.50833333333333,,317.50833333333344,,,,False,CMFT_Engine,Balanced,0.0
2001-07-01,2001-07-01,Lentils,2000,12,317.50833333333344,0.0,,,,,61.50833333333333,,256.0,,,,True,CMFT_Engine,Balanced,1.1368683772161603e-13
2001-08-01,2001-08-01,Lentils,2001,1,256.0,566.3,,,,,57.525,,764.775,1.75,1.641,12.680047111517366,False,CMFT_Engine,Balanced,0.0
2001-09-01,2001-09-01,Lentils,2001,2,764.775,0.0,,,,,57.525,,707.25,,,,False,CMFT_Engine,Balanced,0.0
2001-10-01,2001-10-01,Lentils,2001,3,707.25,0.0,,,,,57.525,,649.725,,,,False,CMFT_Engine,Balanced,0.0
2001-11-01,2001-11-01,Lentils,2001,4,649.725,0.0,,,,,57.525,,592.2,,,,False,CMFT_Engine,Balanced,0.0
2001-12-01,2001-12-01,Lentils,2001,5,592.2,0.0,,,,,57.525,,534.6750000000001,,,,False,CMFT_Engine,Balanced,0.0
2002-01-01,2002-01-01,Lentils,2001,6,534.6750000000001,0.0,,,,,57.525,,477.1500000000001,,,,False,CMFT_Engine,Balanced,0.0
2002-02-01,2002-02-01,Lentils,2001,7,477.1500000000001,0.0,,,,,57.525,,419.6250000000001,,,,False,CMFT_Engine,Balanced,0.0
2002-03-01,2002-03-01,Lentils,2001,8,419.6250000000001,0.0,,,,,57.525,,362.10000000000014,,,,False,CMFT_Engine,Balanced,0.0
2002-04-01,2002-04-01,Lentils,2001,9,362.10000000000014,0.0,,,,,57.525,,304.57500000000016,,,,False,CMFT_Engine,Balanced,0.0
2002-05-01,2002-05-01,Lentils,2001,10,304.57500000000016,0.0,,,,,57.525,,247.05000000000015,,,,False,CMFT_Engine,Balanced,0.0
2002-06-01,2002-06-01,Lentils,2001,11,247.05000000000015,0.0,,,,,57.525,,189.52500000000015,,,,False,CMFT_Engine,Balanced,0.0
2002-07-01,2002-07-01,Lentils,2001,12,189.52500000000015,0.0,,,,,57.525,,132.0,,,,True,CMFT_Engine,Balanced,1.4210854715202004e-13
2002-08-01,2002-08-01,Lentils,2002,1,132.0,328.0,,,,,34.166666666666664,,425.8333333333333,1.335,0.881,13.679833825198637,False,CMFT_Engine,Balanced,0.0
2002-09-01,2002-09-01,Lentils,2002,2,425.8333333333333,0.0,,,,,34.166666666666664,,391.66666666666663,,,,False,CMFT_Engine,Balanced,0.0
2002-10-01,2002-10-01,Lentils,2002,3,391.66666666666663,0.0,,,,,34.166666666666664,,357.49999999999994,,,,False,CMFT_Engine,Balanced,0.0
2002-11-01,2002-11-01,Lentils,2002,4,357.49999999999994,0.0,,,,,34.166666666666664,,323.33333333333326,,,,False,CMFT_Engine,Balanced,0.0
2002-12-01,2002-12-01,Lentils,2002,5,323.33333333333326,0.0,,,,,34.166666666666664,,289.1666666666666,,,,False,CMFT_Engine,Balanced,0.0
2003-01-01,2003-01-01,Lentils,2002,6,289.1666666666666,0.0,,,,,34.166666666666664,,254.99999999999991,,,,False,CMFT_Engine,Balanced,0.0
2003-02-01,2003-02-01,Lentils,2002,7,254.99999999999991,0.0,,,,,34.166666666666664,,220.83333333333326,,,,False,CMFT_Engine,Balanced,0.0
2003-03-01,2003-03-01,Lentils,2002,8,220.83333333333326,0.0,,,,,34.166666666666664,,186.6666666666666,,,,False,CMFT_Engine,Balanced,0.0
2003-04-01,2003-04-01,Lentils,2002,9,186.6666666666666,0.0,,,,,34.166666666666664,,152.49999999999994,,,,False,CMFT_Engine,Balanced,0.0
2003-05-01,2003-05-01,Lentils,2002,10,152.49999999999994,0.0,,,,,34.166666666666664,,118.33333333333329,,,,False,CMFT_Engine,Balanced,0.0
2003-06-01,2003-06-01,Lentils,2002,11,118.33333333333329,0.0,,,,,34.166666666666664,,84.16666666666663,,,,False,CMFT_Engine,Balanced,0.0
2003-07-01,2003-07-01,Lentils,2002,12,84.16666666666663,0.0,,,,,34.166666666666664,,50.0,,,,True,CMFT_Engine,Balanced,-3.552713678800501e-14
2003-08-01,2003-08-01,Lentils,2003,1,50.0,484.6,,,,,41.38333333333333,,493.2166666666667,1.269,1.234,14.429495153970825,False,CMFT_Engine,Balanced,0.0
2003-09-01,2003-09-01,Lentils,2003,2,493.2166666666667,0.0,,,,,41.38333333333333,,451.83333333333337,,,,False,CMFT_Engine,Balanced,0.0
2003-10-01,2003-10-01,Lentils,2003,3,451.83333333333337,0.0,,,,,41.38333333333333,,410.45000000000005,,,,False,CMFT_Engine,Balanced,0.0
2003-11-01,2003-11-01,Lentils,2003,4,410.45000000000005,0.0,,,,,41.38333333333333,,369.0666666666667,,,,False,CMFT_Engine,Balanced,0.0
2003-12-01,2003-12-01,Lentils,2003,5,369.0666666666667,0.0,,,,,41.38333333333333,,327.6833333333334,,,,False,CMFT_Engine,Balanced,0.0
2004-01-01,2004-01-01,Lentils,2003,6,327.6833333333334,0.0,,,,,41.38333333333333,,286.30000000000007,,,,False,CMFT_Engine,Balanced,0.0
2004-02-01,2004-02-01,Lentils,2003,7,286.30000000000007,0.0,,,,,41.38333333333333,,244.91666666666674,,,,False,CMFT_Engine,Balanced,0.0
2004-03-01,2004-03-01,Lentils,2003,8,244.91666666666674,0.0,,,,,41.38333333333333,,203.53333333333342,,,,False,CMFT_Engine,Balanced,0.0
2004-04-01,2004-04-01,Lentils,2003,9,203.53333333333342,0.0,,,,,41.38333333333333,,162.1500000000001,,,,False,CMFT_Engine,Balanced,0.0
2004-05-01,2004-05-01,Lentils,2003,10,162.1500000000001,0.0,,,,,41.38333333333333,,120.76666666666677,,,,False,CMFT_Engine,Balanced,0.0
2004-06-01,2004-06-01,Lentils,2003,11,120.76666666666677,0.0,,,,,41.38333333333333,,79.38333333333344,,,,False,CMFT_Engine,Balanced,0.0
2004-07-01,2004-07-01,Lentils,2003,12,79.38333333333344,0.0,,,,,41.38333333333333,,38.0,,,,True,CMFT_Engine,Balanced,1.0658141036401503e-13
2004-08-01,2004-08-01,Lentils,2004,1,38.0,915.8,,,,,59.31666666666666,,894.4833333333333,1.825,1.765,19.065088079320113,False,CMFT_Engine,Balanced,0.0
2004-09-01,2004-09-01,Lentils,2004,2,894.4833333333333,0.0,,,,,59.31666666666666,,835.1666666666667,,,,False,CMFT_Engine,Balanced,0.0
2004-10-01,2004-10-01,Lentils,2004,3,835.1666666666667,0.0,,,,,59.31666666666666,,775.8500000000001,,,,False,CMFT_Engine,Balanced,0.0
2004-11-01,2004-11-01,Lentils,2004,4,775.8500000000001,0.0,,,,,59.31666666666666,,716.5333333333335,,,,False,CMFT_Engine,Balanced,0.0
2004-12-01,2004-12-01,Lentils,2004,5,716.5333333333335,0.0,,,,,59.31666666666666,,657.2166666666669,,,,False,CMFT_Engine,Balanced,0.0
2005-01-01,2005-01-01,Lentils,2004,6,657.2166666666669,0.0,,,,,59.31666666666666,,597.9000000000003,,,,False,CMFT_Engine,Balanced,0.0
2005-02-01,2005-02-01,Lentils,2004,7,597.9000000000003,0.0,,,,,59.31666666666666,,538.5833333333337,,,,False,CMFT_Engine,Balanced,0.0
2005-03-01,2005-03-01,Lentils,2004,8,538.5833333333337,0.0,,,,,59.31666666666666,,479.26666666666705,,,,False,CMFT_Engine,Balanced,0.0
2005-04-01,2005-04-01,Lentils,2004,9,479.26666666666705,0.0,,,,,59.31666666666666,,419.9500000000004,,,,False,CMFT_Engine,Balanced,0.0
2005-05-01,2005-05-01,Lentils,2004,10,419.9500000000004,0.0,,,,,59.31666666666666,,360.6333333333337,,,,False,CMFT_Engine,Balanced,0.0
2005-06-01,2005-06-01,Lentils,2004,11,360.6333333333337,0.0,,,,,59.31666666666666,,301.31666666666706,,,,False,CMFT_Engine,Balanced,0.0
2005-07-01,2005-07-01,Lentils,2004,12,301.31666666666706,0.0,,,,,59.31666666666666,,242.0,,,,True,CMFT_Engine,Balanced,3.979039320256561e-13
2005-08-01,2005-08-01,Lentils,2005,1,242.0,1164.3,,,,,76.77499999999999,,1329.5249999999999,1.984,1.94,22.051902015463913,False,CMFT_Engine,Balanced,0.0
2005-09-01,2005-09-01,Lentils,2005,2,1329.5249999999999,0.0,,,,,76.77499999999999,,1252.7499999999998,,,,False,CMFT_Engine,Balanced,0.0
2005-10-01,2005-10-01,Lentils,2005,3,1252.7499999999998,0.0,,,,,76.77499999999999,,1175.9749999999997,,,,False,CMFT_Engine,Balanced,0.0
2005-11-01,2005-11-01,Lentils,2005,4,1175.9749999999997,0.0,,,,,76.77499999999999,,1099.1999999999996,,,,False,CMFT_Engine,Balanced,0.0
2005-12-01,2005-12-01,Lentils,2005,5,1099.1999999999996,0.0,,,,,76.77499999999999,,1022.4249999999996,,,,False,CMFT_Engine,Balanced,0.0
2006-01-01,2006-01-01,Lentils,2005,6,1022.4249999999996,0.0,,,,,76.77499999999999,,945.6499999999996,,,,False,CMFT_Engine,Balanced,0.0
2006-02-01,2006-02-01,Lentils,2005,7,945.6499999999996,0.0,,,,,76.77499999999999,,868.8749999999997,,,,False,CMFT_Engine,Balanced,0.0
2006-03-01,2006-03-01,Lentils,2005,8,868.8749999999997,0.0,,,,,76.77499999999999,,792.0999999999997,,,,False,CMFT_Engine,Balanced,0.0
2006-04-01,2006-04-01,Lentils,2005,9,792.0999999999997,0.0,,,,,76.77499999999999,,715.3249999999997,,,,False,CMFT_Engine,Balanced,0.0
2006-05-01,2006-05-01,Lentils,2005,10,715.3249999999997,0.0,,,,,76.77499999999999,,638.5499999999997,,,,False,CMFT_Engine,Balanced,0.0
2006-06-01,2006-06-01,Lentils,2005,11,638.5499999999997,0.0,,,,,76.77499999999999,,561.7749999999997,,,,False,CMFT_Engine,Balanced,0.0
2006-07-01,2006-07-01,Lentils,2005,12,561.7749999999997,0.0,,,,,76.77499999999999,,485.0,,,,True,CMFT_Engine,Balanced,-2.2737367544323206e-13
2006-08-01,2006-08-01,Lentils,2006,1,485.0,692.8,,,,,81.56666666666666,,1096.2333333333333,1.4,1.37,18.581047708029196,False,CMFT_Engine,Balanced,0.0
2006-09-01,2006-09-01,Lentils,2006,2,1096.2333333333333,0.0,,,,,81.56666666666666,,1014.6666666666667,,,,False,CMFT_Engine,Balanced,0.0
2006-10-01,2006-10-01,Lentils,2006,3,1014.6666666666667,0.0,,,,,81.56666666666666,,933.1000000000001,,,,False,CMFT_Engine,Balanced,0.0
2006-11-01,2006-11-01,Lentils,2006,4,933.1000000000001,0.0,,,,,81.56666666666666,,851.5333333333335,,,,False,CMFT_Engine,Balanced,0.0
2006-12-01,2006-12-01,Lentils,2006,5,851.5333333333335,0.0,,,,,81.56666666666666,,769.9666666666669,,,,False,CMFT_Engine,Balanced,0.0
2007-01-01,2007-01-01,Lentils,2006,6,769.9666666666669,0.0,,,,,81.56666666666666,,688.4000000000003,,,,False,CMFT_Engine,Balanced,0.0
2007-02-01,2007-02-01,Lentils,2006,7,688.4000000000003,0.0,,,,,81.56666666666666,,606.8333333333337,,,,False,CMFT_Engine,Balanced,0.0
2007-03-01,2007-03-01,Lentils,2006,8,606.8333333333337,0.0,,,,,81.56666666666666,,525.2666666666671,,,,False,CMFT_Engine,Balanced,0.0
2007-04-01,2007-04-01,Lentils,2006,9,525.2666666666671,0.0,,,,,81.56666666666666,,443.70000000000044,,,,False,CMFT_Engine,Balanced,0.0
2007-05-01,2007-05-01,Lentils,2006,10,443.70000000000044,0.0,,,,,81.56666666666666,,362.1333333333338,,,,False,CMFT_Engine,Balanced,0.0
2007-06-01,2007-06-01,Lentils,2006,11,362.1333333333338,0.0,,,,,81.56666666666666,,280.5666666666671,,,,False,CMFT_Engine,Balanced,0.0
2007-07-01,2007-07-01,Lentils,2006,12,280.5666666666671,0.0,,,,,81.56666666666666,,199.0,,,,True,CMFT_Engine,Balanced,4.547473508864641e-13
2007-08-01,2007-08-01,Lentils,2007,1,199.0,733.9,,,,,73.90833333333333,,858.9916666666667,1.435,1.425,18.92365012631579,False,CMFT_Engine,Balanced,0.0
2007-09-01,2007-09-01,Lentils,2007,2,858.9916666666667,0.0,,,,,73.90833333333333,,785.0833333333334,,,,False,CMFT_Engine,Balanced,0.0
2007-10-01,2007-10-01,Lentils,2007,3,785.0833333333334,0.0,,,,,73.90833333333333,,711.1750000000001,,,,False,CMFT_Engine,Balanced,0.0
2007-11-01,2007-11-01,Lentils,2007,4,711.1750000000001,0.0,,,,,73.90833333333333,,637.2666666666668,,,,False,CMFT_Engine,Balanced,0.0
2007-12-01,2007-12-01,Lentils,2007,5,637.2666666666668,0.0,,,,,73.90833333333333,,563.3583333333335,,,,False,CMFT_Engine,Balanced,0.0
2008-01-01,2008-01-01,Lentils,2007,6,563.3583333333335,0.0,,,,,73.90833333333333,,489.45000000000016,,,,False,CMFT_Engine,Balanced,0.0
2008-02-01,2008-02-01,Lentils,2007,7,489.45000000000016,0.0,,,,,73.90833333333333,,415.54166666666686,,,,False,CMFT_Engine,Balanced,0.0
2008-03-01,2008-03-01,Lentils,2007,8,415.54166666666686,0.0,,,,,73.90833333333333,,341.63333333333355,,,,False,CMFT_Engine,Balanced,0.0
2008-04-01,2008-04-01,Lentils,2007,9,341.63333333333355,0.0,,,,,73.90833333333333,,267.72500000000025,,,,False,CMFT_Engine,Balanced,0.0
2008-05-01,2008-05-01,Lentils,2007,10,267.72500000000025,0.0,,,,,73.90833333333333,,193.81666666666692,,,,False,CMFT_Engine,Balanced,0.0
2008-06-01,2008-06-01,Lentils,2007,11,193.81666666666692,0.0,,,,,73.90833333333333,,119.90833333333359,,,,False,CMFT_Engine,Balanced,0.0
2008-07-01,2008-07-01,Lentils,2007,12,119.90833333333359,0.0,,,,,73.90833333333333,,46.0,,,,True,CMFT_Engine,Balanced,2.5579538487363607e-13
2008-08-01,2008-08-01,Lentils,2008,1,46.0,1043.2,,,,,88.93333333333334,,1000.2666666666667,1.745,1.73,22.15666349132948,False,CMFT_Engine,Balanced,0.0
2008-09-01,2008-09-01,Lentils,2008,2,1000.2666666666667,0.0,,,,,88.93333333333334,,911.3333333333333,,,,False,CMFT_Engine,Balanced,0.0
2008-10-01,2008-10-01,Lentils,2008,3,911.3333333333333,0.0,,,,,88.93333333333334,,822.3999999999999,,,,False,CMFT_Engine,Balanced,0.0
2008-11-01,2008-11-01,Lentils,2008,4,822.3999999999999,0.0,,,,,88.93333333333334,,733.4666666666665,,,,False,CMFT_Engine,Balanced,0.0
2008-12-01,2008-12-01,Lentils,2008,5,733.4666666666665,0.0,,,,,88.93333333333334,,644.5333333333331,,,,False,CMFT_Engine,Balanced,0.0
2009-01-01,2009-01-01,Lentils,2008,6,644.5333333333331,0.0,,,,,88.93333333333334,,555.5999999999997,,,,False,CMFT_Engine,Balanced,0.0
2009-02-01,2009-02-01,Lentils,2008,7,555.5999999999997,0.0,,,,,88.93333333333334,,466.66666666666634,,,,False,CMFT_Engine,Balanced,0.0
2009-03-01,2009-03-01,Lentils,2008,8,466.66666666666634,0.0,,,,,88.93333333333334,,377.733333333333,,,,False,CMFT_Engine,Balanced,0.0
2009-04-01,2009-04-01,Lentils,2008,9,377.733333333333,0.0,,,,,88.93333333333334,,288.79999999999967,,,,False,CMFT_Engine,Balanced,0.0
2009-05-01,2009-05-01,Lentils,2008,10,288.79999999999967,0.0,,,,,88.93333333333334,,199.86666666666633,,,,False,CMFT_Engine,Balanced,0.0
2009-06-01,2009-06-01,Lentils,2008,11,199.86666666666633,0.0,,,,,88.93333333333334,,110.933333333333,,,,False,CMFT_Engine,Balanced,0.0
2009-07-01,2009-07-01,Lentils,2008,12,110.933333333333,0.0,,,,,88.93333333333334,,22.0,,,,True,CMFT_Engine,Balanced,-3.410605131648481e-13
2009-08-01,2009-08-01,Lentils,2009,1,22.0,1530.2,,,,,126.01666666666667,,1426.1833333333334,2.405,2.385,23.574511421383647,False,CMFT_Engine,Balanced,0.0
2009-09-01,2009-09-01,Lentils,2009,2,1426.1833333333334,0.0,,,,,126.01666666666667,,1300.1666666666667,,,,False,CMFT_Engine,Balanced,0.0
2009-10-01,2009-10-01,Lentils,2009,3,1300.1666666666667,0.0,,,,,126.01666666666667,,1174.15,,,,False,CMFT_Engine,Balanced,0.0
2009-11-01,2009-11-01,Lentils,2009,4,1174.15,0.0,,,,,126.01666666666667,,1048.1333333333334,,,,False,CMFT_Engine,Balanced,0.0
2009-12-01,2009-12-01,Lentils,2009,5,1048.1333333333334,0.0,,,,,126.01666666666667,,922.1166666666668,,,,False,CMFT_Engine,Balanced,0.0
2010-01-01,2010-01-01,Lentils,2009,6,922.1166666666668,0.0,,,,,126.01666666666667,,796.1000000000001,,,,False,CMFT_Engine,Balanced,0.0
2010-02-01,2010-02-01,Lentils,2009,7,796.1000000000001,0.0,,,,,126.01666666666667,,670.0833333333335,,,,False,CMFT_Engine,Balanced,0.0
2010-03-01,2010-03-01,Lentils,2009,8,670.0833333333335,0.0,,,,,126.01666666666667,,544.0666666666668,,,,False,CMFT_Engine,Balanced,0.0
2010-04-01,2010-04-01,Lentils,2009,9,544.0666666666668,0.0,,,,,126.01666666666667,,418.0500000000002,,,,False,CMFT_Engine,Balanced,0.0
2010-05-01,2010-05-01,Lentils,2009,10,418.0500000000002,0.0,,,,,126.01666666666667,,292.03333333333353,,,,False,CMFT_Engine,Balanced,0.0
2010-06-01,2010-06-01,Lentils,2009,11,292.03333333333353,0.0,,,,,126.01666666666667,,166.01666666666688,,,,False,CMFT_Engine,Balanced,0.0
2010-07-01,2010-07-01,Lentils,2009,12,166.01666666666688,0.0,,,,,126.01666666666667,,40.0,,,,True,CMFT_Engine,Balanced,2.1316282072803006e-13
2010-08-01,2010-08-01,Lentils,2010,1,40.0,2004.8,,,,,101.23333333333333,,1943.5666666666666,3.445,3.312,22.241476376811594,False,CMFT_Engine,Balanced,0.0
2010-09-01,2010-09-01,Lentils,2010,2,1943.5666666666666,0.0,,,,,101.23333333333333,,1842.3333333333333,,,,False,CMFT_Engine,Balanced,0.0
2010-10-01,2010-10-01,Lentils,2010,3,1842.3333333333333,0.0,,,,,101.23333333333333,,1741.1,,,,False,CMFT_Engine,Balanced,0.0
2010-11-01,2010-11-01,Lentils,2010,4,1741.1,0.0,,,,,101.23333333333333,,1639.8666666666666,,,,False,CMFT_Engine,Balanced,0.0
2010-12-01,2010-12-01,Lentils,2010,5,1639.8666666666666,0.0,,,,,101.23333333333333,,1538.6333333333332,,,,False,CMFT_Engine,Balanced,0.0
2011-01-01,2011-01-01,Lentils,2010,6,1538.6333333333332,0.0,,,,,101.23333333333333,,1437.3999999999999,,,,False,CMFT_Engine,Balanced,0.0
2011-02-01,2011-02-01,Lentils,2010,7,1437.3999999999999,0.0,,,,,101.23333333333333,,1336.1666666666665,,,,False,CMFT_Engine,Balanced,0.0
2011-03-01,2011-03-01,Lentils,2010,8,1336.1666666666665,0.0,,,,,101.23333333333333,,1234.9333333333332,,,,False,CMFT_Engine,Balanced,0.0
2011-04-01,2011-04-01,Lentils,2010,9,1234.9333333333332,0.0,,,,,101.23333333333333,,1133.6999999999998,,,,False,CMFT_Engine,Balanced,0.0
2011-05-01,2011-05-01,Lentils,2010,10,1133.6999999999998,0.0,,,,,101.23333333333333,,1032.4666666666665,,,,False,CMFT_Engine,Balanced,0.0
2011-06-01,2011-06-01,Lentils,2010,11,1032.4666666666665,0.0,,,,,101.23333333333333,,931.2333333333331,,,,False,CMFT_Engine,Balanced,0.0
2011-07-01,2011-07-01,Lentils,2010,12,931.2333333333331,0.0,,,,,101.23333333333333,,830.0,,,,True,CMFT_Engine,Balanced,-2.2737367544323206e-13
2011-08-01,2011-08-01,Lentils,2011,1,830.0,1573.5,,,,,128.625,,2274.875,2.557775,2.482775,23.286931739686437,False,CMFT_Engine,Balanced,0.0
2011-09-01,2011-09-01,Lentils,2011,2,2274.875,0.0,,,,,128.625,,2146.25,,,,False,CMFT_Engine,Balanced,0.0
2011-10-01,2011-10-01,Lentils,2011,3,2146.25,0.0,,,,,128.625,,2017.625,,,,False,CMFT_Engine,Balanced,0.0
2011-11-01,2011-11-01,Lentils,2011,4,2017.625,0.0,,,,,128.625,,1889.0,,,,False,CMFT_Engine,Balanced,0.0
2011-12-01,2011-12-01,Lentils,2011,5,1889.0,0.0,,,,,128.625,,1760.375,,,,False,CMFT_Engine,Balanced,0.0
2012-01-01,2012-01-01,Lentils,2011,6,1760.375,0.0,,,,,128.625,,1631.75,,,,False,CMFT_Engine,Balanced,0.0
2012-02-01,2012-02-01,Lentils,2011,7,1631.75,0.0,,,,,128.625,,1503.125,,,,False,CMFT_Engine,Balanced,0.0
2012-03-01,2012-03-01,Lentils,2011,8,1503.125,0.0,,,,,128.625,,1374.5,,,,False,CMFT_Engine,Balanced,0.0
2012-04-01,2012-04-01,Lentils,2011,9,1374.5,0.0,,,,,128.625,,1245.875,,,,False,CMFT_Engine,Balanced,0.0
2012-05-01,2012-05-01,Lentils,2011,10,1245.875,0.0,,,,,128.625,,1117.25,,,,False,CMFT_Engine,Balanced,0.0
2012-06-01,2012-06-01,Lentils,2011,11,1117.25,0.0,,,,,128.625,,988.625,,,,False,CMFT_Engine,Balanced,0.0
2012-07-01,2012-07-01,Lentils,2011,12,988.625,0.0,,,,,128.625,,860.0,,,,True,CMFT_Engine,Balanced,0.0
2012-08-01,2012-08-01,Lentils,2012,1,860.0,1537.9,,,,,160.90833333333333,,2236.991666666667,2.505,2.476,22.822349042810984,False,CMFT_Engine,Balanced,0.0
2012-09-01,2012-09-01,Lentils,2012,2,2236.991666666667,0.0,,,,,160.90833333333333,,2076.0833333333335,,,,False,CMFT_Engine,Balanced,0.0
2012-10-01,2012-10-01,Lentils,2012,3,2076.0833333333335,0.0,,,,,160.90833333333333,,1915.1750000000002,,,,False,CMFT_Engine,Balanced,0.0
2012-11-01,2012-11-01,Lentils,2012,4,1915.1750000000002,0.0,,,,,160.90833333333333,,1754.2666666666669,,,,False,CMFT_Engine,Balanced,0.0
2012-12-01,2012-12-01,Lentils,2012,5,1754.2666666666669,0.0,,,,,160.90833333333333,,1593.3583333333336,,,,False,CMFT_Engine,Balanced,0.0
2013-01-01,2013-01-01,Lentils,2012,6,1593.3583333333336,0.0,,,,,160.90833333333333,,1432.4500000000003,,,,False,CMFT_Engine,Balanced,0.0
2013-02-01,2013-02-01,Lentils,2012,7,1432.4500000000003,0.0,,,,,160.90833333333333,,1271.541666666667,,,,False,CMFT_Engine,Balanced,0.0
2013-03-01,2013-03-01,Lentils,2012,8,1271.541666666667,0.0,,,,,160.90833333333333,,1110.6333333333337,,,,False,CMFT_Engine,Balanced,0.0
2013-04-01,2013-04-01,Lentils,2012,9,1110.6333333333337,0.0,,,,,160.90833333333333,,949.7250000000004,,,,False,CMFT_Engine,Balanced,0.0
2013-05-01,2013-05-01,Lentils,2012,10,949.7250000000004,0.0,,,,,160.90833333333333,,788.8166666666671,,,,False,CMFT_Engine,Balanced,0.0
2013-06-01,2013-06-01,Lentils,2012,11,788.8166666666671,0.0,,,,,160.90833333333333,,627.9083333333338,,,,False,CMFT_Engine,Balanced,0.0
2013-07-01,2013-07-01,Lentils,2012,12,627.9083333333338,0.0,,,,,160.90833333333333,,467.0,,,,True,CMFT_Engine,Balanced,4.547473508864641e-13
2013-08-01,2013-08-01,Lentils,2013,1,467.0,2261.7,,,,,161.89166666666665,,2566.8083333333334,2.72,2.695,30.836076545454542,False,CMFT_Engine,Balanced,0.0
2013-09-01,2013-09-01,Lentils,2013,2,2566.8083333333334,0.0,,,,,161.89166666666665,,2404.916666666667,,,,False,CMFT_Engine,Balanced,0.0
2013-10-01,2013-10-01,Lentils,2013,3,2404.916666666667,0.0,,,,,161.89166666666665,,2243.0250000000005,,,,False,CMFT_Engine,Balanced,0.0
2013-11-01,2013-11-01,Lentils,2013,4,2243.0250000000005,0.0,,,,,161.89166666666665,,2081.133333333334,,,,False,CMFT_Engine,Balanced,0.0
2013-12-01,2013-12-01,Lentils,2013,5,2081.133333333334,0.0,,,,,161.89166666666665,,1919.2416666666675,,,,False,CMFT_Engine,Balanced,0.0
2014-01-01,2014-01-01,Lentils,2013,6,1919.2416666666675,0.0,,,,,161.89166666666665,,1757.3500000000008,,,,False,CMFT_Engine,Balanced,0.0
2014-02-01,2014-02-01,Lentils,2013,7,1757.3500000000008,0.0,,,,,161.89166666666665,,1595.4583333333342,,,,False,CMFT_Engine,Balanced,0.0
2014-03-01,2014-03-01,Lentils,2013,8,1595.4583333333342,0.0,,,,,161.89166666666665,,1433.5666666666675,,,,False,CMFT_Engine,Balanced,0.0
2014-04-01,2014-04-01,Lentils,2013,9,1433.5666666666675,0.0,,,,,161.89166666666665,,1271.6750000000009,,,,False,CMFT_Engine,Balanced,0.0
2014-05-01,2014-05-01,Lentils,2013,10,1271.6750000000009,0.0,,,,,161.89166666666665,,1109.7833333333342,,,,False,CMFT_Engine,Balanced,0.0
2014-06-01,2014-06-01,Lentils,2013,11,1109.7833333333342,0.0,,,,,161.89166666666665,,947.8916666666676,,,,False,CMFT_Engine,Balanced,0.0
2014-07-01,2014-07-01,Lentils,2013,12,947.8916666666676,0.0,,,,,161.89166666666665,,786.0,,,,True,CMFT_Engine,Balanced,9.094947017729282e-13
2014-08-01,2014-08-01,Lentils,2014,1,786.0,1987.0,,,,,200.83333333333334,,2572.1666666666665,3.12,3.008,24.27185236037234,False,CMFT_Engine,Balanced,0.0
2014-09-01,2014-09-01,Lentils,2014,2,2572.1666666666665,0.0,,,,,200.83333333333334,,2371.333333333333,,,,False,CMFT_Engine,Balanced,0.0
2014-10-01,2014-10-01,Lentils,2014,3,2371.333333333333,0.0,,,,,200.83333333333334,,2170.4999999999995,,,,False,CMFT_Engine,Balanced,0.0
2014-11-01,2014-11-01,Lentils,2014,4,2170.4999999999995,0.0,,,,,200.83333333333334,,1969.6666666666663,,,,False,CMFT_Engine,Balanced,0.0
2014-12-01,2014-12-01,Lentils,2014,5,1969.6666666666663,0.0,,,,,200.83333333333334,,1768.833333333333,,,,False,CMFT_Engine,Balanced,0.0
2015-01-01,2015-01-01,Lentils,2014,6,1768.833333333333,0.0,,,,,200.83333333333334,,1567.9999999999998,,,,False,CMFT_Engine,Balanced,0.0
2015-02-01,2015-02-01,Lentils,2014,7,1567.9999999999998,0.0,,,,,200.83333333333334,,1367.1666666666665,,,,False,CMFT_Engine,Balanced,0.0
2015-03-01,2015-03-01,Lentils,2014,8,1367.1666666666665,0.0,,,,,200.83333333333334,,1166.3333333333333,,,,False,CMFT_Engine,Balanced,0.0
2015-04-01,2015-04-01,Lentils,2014,9,1166.3333333333333,0.0,,,,,200.83333333333334,,965.4999999999999,,,,False,CMFT_Engine,Balanced,0.0
2015-05-01,2015-05-01,Lentils,2014,10,965.4999999999999,0.0,,,,,200.83333333333334,,764.6666666666665,,,,False,CMFT_Engine,Balanced,0.0
2015-06-01,2015-06-01,Lentils,2014,11,764.6666666666665,0.0,,,,,200.83333333333334,,563.8333333333331,,,,False,CMFT_Engine,Balanced,0.0
2015-07-01,2015-07-01,Lentils,2014,12,563.8333333333331,0.0,,,,,200.83333333333334,,363.0,,,,True,CMFT_Engine,Balanced,-2.2737367544323206e-13
2015-08-01,2015-08-01,Lentils,2015,1,363.0,2540.5,,,,,235.84166666666667,,2667.6583333333333,4.035,4.028,23.174620121648463,False,CMFT_Engine,Balanced,0.0
2015-09-01,2015-09-01,Lentils,2015,2,2667.6583333333333,0.0,,,,,235.84166666666667,,2431.8166666666666,,,,False,CMFT_Engine,Balanced,0.0
2015-10-01,2015-10-01,Lentils,2015,3,2431.8166666666666,0.0,,,,,235.84166666666667,,2195.975,,,,False,CMFT_Engine,Balanced,0.0
2015-11-01,2015-11-01,Lentils,2015,4,2195.975,0.0,,,,,235.84166666666667,,1960.1333333333332,,,,False,CMFT_Engine,Balanced,0.0
2015-12-01,2015-12-01,Lentils,2015,5,1960.1333333333332,0.0,,,,,235.84166666666667,,1724.2916666666665,,,,False,CMFT_Engine,Balanced,0.0
2016-01-01,2016-01-01,Lentils,2015,6,1724.2916666666665,0.0,,,,,235.84166666666667,,1488.4499999999998,,,,False,CMFT_Engine,Balanced,0.0
2016-02-01,2016-02-01,Lentils,2015,7,1488.4499999999998,0.0,,,,,235.84166666666667,,1252.6083333333331,,,,False,CMFT_Engine,Balanced,0.0
2016-03-01,2016-03-01,Lentils,2015,8,1252.6083333333331,0.0,,,,,235.84166666666667,,1016.7666666666664,,,,False,CMFT_Engine,Balanced,0.0
2016-04-01,2016-04-01,Lentils,2015,9,1016.7666666666664,0.0,,,,,235.84166666666667,,780.9249999999997,,,,False,CMFT_Engine,Balanced,0.0
2016-05-01,2016-05-01,Lentils,2015,10,780.9249999999997,0.0,,,,,235.84166666666667,,545.083333333333,,,,False,CMFT_Engine,Balanced,0.0
2016-06-01,2016-06-01,Lentils,2015,11,545.083333333333,0.0,,,,,235.84166666666667,,309.24166666666633,,,,False,CMFT_Engine,Balanced,0.0
2016-07-01,2016-07-01,Lentils,2015,12,309.24166666666633,0.0,,,,,235.84166666666667,,73.4,,,,True,CMFT_Engine,Balanced,-3.410605131648481e-13
2016-08-01,2016-08-01,Lentils,2016,1,73.4,3193.8,,,,,246.01666666666668,,3021.1833333333334,5.5685,5.488,21.383387219387753,False,CMFT_Engine,Balanced,0.0
2016-09-01,2016-09-01,Lentils,2016,2,3021.1833333333334,0.0,,,,,246.01666666666668,,2775.1666666666665,,,,False,CMFT_Engine,Balanced,0.0
2016-10-01,2016-10-01,Lentils,2016,3,2775.1666666666665,0.0,,,,,246.01666666666668,,2529.1499999999996,,,,False,CMFT_Engine,Balanced,0.0
2016-11-01,2016-11-01,Lentils,2016,4,2529.1499999999996,0.0,,,,,246.01666666666668,,2283.1333333333328,,,,False,CMFT_Engine,Balanced,0.0
2016-12-01,2016-12-01,Lentils,2016,5,2283.1333333333328,0.0,,,,,246.01666666666668,,2037.116666666666,,,,False,CMFT_Engine,Balanced,0.0
2017-01-01,2017-01-01,Lentils,2016,6,2037.116666666666,0.0,,,,,246.01666666666668,,1791.0999999999995,,,,False,CMFT_Engine,Balanced,0.0
2017-02-01,2017-02-01,Lentils,2016,7,1791.0999999999995,0.0,,,,,246.01666666666668,,1545.0833333333328,,,,False,CMFT_Engine,Balanced,0.0
2017-03-01,2017-03-01,Lentils,2016,8,1545.0833333333328,0.0,,,,,246.01666666666668,,1299.0666666666662,,,,False,CMFT_Engine,Balanced,0.0
2017-04-01,2017-04-01,Lentils,2016,9,1299.0666666666662,0.0,,,,,246.01666666666668,,1053.0499999999995,,,,False,CMFT_Engine,Balanced,0.0
2017-05-01,2017-05-01,Lentils,2016,10,1053.0499999999995,0.0,,,,,246.01666666666668,,807.0333333333328,,,,False,CMFT_Engine,Balanced,0.0
2017-06-01,2017-06-01,Lentils,2016,11,807.0333333333328,0.0,,,,,246.01666666666668,,561.0166666666662,,,,False,CMFT_Engine,Balanced,0.0
2017-07-01,2017-07-01,Lentils,2016,12,561.0166666666662,0.0,,,,,246.01666666666668,,315.0,,,,True,CMFT_Engine,Balanced,-4.547473508864641e-13
2017-08-01,2017-08-01,Lentils,2017,1,315.0,2558.5,,,,,166.73333333333332,,2706.766666666667,4.405,4.383,21.448495653661876,False,CMFT_Engine,Balanced,0.0
2017-09-01,2017-09-01,Lentils,2017,2,2706.766666666667,0.0,,,,,166.73333333333332,,2540.0333333333338,,,,False,CMFT_Engine,Balanced,0.0
2017-10-01,2017-10-01,Lentils,2017,3,2540.0333333333338,0.0,,,,,166.73333333333332,,2373.3000000000006,,,,False,CMFT_Engine,Balanced,0.0
2017-11-01,2017-11-01,Lentils,2017,4,2373.3000000000006,0.0,,,,,166.73333333333332,,2206.5666666666675,,,,False,CMFT_Engine,Balanced,0.0
2017-12-01,2017-12-01,Lentils,2017,5,2206.5666666666675,0.0,,,,,166.73333333333332,,2039.8333333333342,,,,False,CMFT_Engine,Balanced,0.0
2018-01-01,2018-01-01,Lentils,2017,6,2039.8333333333342,0.0,,,,,166.73333333333332,,1873.1000000000008,,,,False,CMFT_Engine,Balanced,0.0
2018-02-01,2018-02-01,Lentils,2017,7,1873.1000000000008,0.0,,,,,166.73333333333332,,1706.3666666666675,,,,False,CMFT_Engine,Balanced,0.0
2018-03-01,2018-03-01,Lentils,2017,8,1706.3666666666675,0.0,,,,,166.73333333333332,,1539.6333333333341,,,,False,CMFT_Engine,Balanced,0.0
2018-04-01,2018-04-01,Lentils,2017,9,1539.6333333333341,0.0,,,,,166.73333333333332,,1372.9000000000008,,,,False,CMFT_Engine,Balanced,0.0
2018-05-01,2018-05-01,Lentils,2017,10,1372.9000000000008,0.0,,,,,166.73333333333332,,1206.1666666666674,,,,False,CMFT_Engine,Balanced,0.0
2018-06-01,2018-06-01,Lentils,2017,11,1206.1666666666674,0.0,,,,,166.73333333333332,,1039.433333333334,,,,False,CMFT_Engine,Balanced,0.0
2018-07-01,2018-07-01,Lentils,2017,12,1039.433333333334,0.0,,,,,166.73333333333332,,872.7,,,,True,CMFT_Engine,Balanced,6.821210263296962e-13
2018-08-01,2018-08-01,Lentils,2018,1,872.7,2192.1,,,,,184.10000000000002,,2880.7000000000003,3.7681,3.7052,21.738601093058403,False,CMFT_Engine,Balanced,0.0
2018-09-01,2018-09-01,Lentils,2018,2,2880.7000000000003,0.0,,,,,184.10000000000002,,2696.6000000000004,,,,False,CMFT_Engine,Balanced,0.0
2018-10-01,2018-10-01,Lentils,2018,3,2696.6000000000004,0.0,,,,,184.10000000000002,,2512.5000000000005,,,,False,CMFT_Engine,Balanced,0.0
2018-11-01,2018-11-01,Lentils,2018,4,2512.5000000000005,0.0,,,,,184.10000000000002,,2328.4000000000005,,,,False,CMFT_Engine,Balanced,0.0
2018-12-01,2018-12-01,Lentils,2018,5,2328.4000000000005,0.0,,,,,184.10000000000002,,2144.3000000000006,,,,False,CMFT_Engine,Balanced,0.0
2019-01-01,2019-01-01,Lentils,2018,6,2144.3000000000006,0.0,,,,,184.10000000000002,,1960.2000000000007,,,,False,CMFT_Engine,Balanced,0.0
2019-02-01,2019-02-01,Lentils,2018,7,1960.2000000000007,0.0,,,,,184.10000000000002,,1776.1000000000008,,,,False,CMFT_Engine,Balanced,0.0
2019-03-01,2019-03-01,Lentils,2018,8,1776.1000000000008,0.0,,,,,184.10000000000002,,1592.000000000001,,,,False,CMFT_Engine,Balanced,0.0
2019-04-01,2019-04-01,Lentils,2018,9,1592.000000000001,0.0,,,,,184.10000000000002,,1407.900000000001,,,,False,CMFT_Engine,Balanced,0.0
2019-05-01,2019-05-01,Lentils,2018,10,1407.900000000001,0.0,,,,,184.10000000000002,,1223.800000000001,,,,False,CMFT_Engine,Balanced,0.0
2019-06-01,2019-06-01,Lentils,2018,11,1223.800000000001,0.0,,,,,184.10000000000002,,1039.7000000000012,,,,False,CMFT_Engine,Balanced,0.0
2019-07-01,2019-07-01,Lentils,2018,12,1039.7000000000012,0.0,,,,,184.10000000000002,,855.6,,,,True,CMFT_Engine,Balanced,1.1368683772161603e-12
2019-08-01,2019-08-01,Lentils,2019,1,855.6,2382.0,,,,,252.38333333333333,,2985.2166666666667,3.7805,3.6783,23.794550036701732,False,CMFT_Engine,Balanced,0.0
2019-09-01,2019-09-01,Lentils,2019,2,2985.2166666666667,0.0,,,,,252.38333333333333,,2732.8333333333335,,,,False,CMFT_Engine,Balanced,0.0
2019-10-01,2019-10-01,Lentils,2019,3,2732.8333333333335,0.0,,,,,252.38333333333333,,2480.4500000000003,,,,False,CMFT_Engine,Balanced,0.0
2019-11-01,2019-11-01,Lentils,2019,4,2480.4500000000003,0.0,,,,,252.38333333333333,,2228.066666666667,,,,False,CMFT_Engine,Balanced,0.0
2019-12-01,2019-12-01,Lentils,2019,5,2228.066666666667,0.0,,,,,252.38333333333333,,1975.6833333333338,,,,False,CMFT_Engine,Balanced,0.0
2020-01-01,2020-01-01,Lentils,2019,6,1975.6833333333338,0.0,,,,,252.38333333333333,,1723.3000000000006,,,,False,CMFT_Engine,Balanced,0.0
2020-02-01,2020-02-01,Lentils,2019,7,1723.3000000000006,0.0,,,,,252.38333333333333,,1470.9166666666674,,,,False,CMFT_Engine,Balanced,0.0
2020-03-01,2020-03-01,Lentils,2019,8,1470.9166666666674,0.0,,,,,252.38333333333333,,1218.5333333333342,,,,False,CMFT_Engine,Balanced,0.0
2020-04-01,2020-04-01,Lentils,2019,9,1218.5333333333342,0.0,,,,,252.38333333333333,,966.1500000000009,,,,False,CMFT_Engine,Balanced,0.0
2020-05-01,2020-05-01,Lentils,2019,10,966.1500000000009,0.0,,,,,252.38333333333333,,713.7666666666676,,,,False,CMFT_Engine,Balanced,0.0
2020-06-01,2020-06-01,Lentils,2019,11,713.7666666666676,0.0,,,,,252.38333333333333,,461.38333333333424,,,,False,CMFT_Engine,Balanced,0.0
2020-07-01,2020-07-01,Lentils,2019,12,461.38333333333424,0.0,,,,,252.38333333333333,,209.0,,,,True,CMFT_Engine,Balanced,9.094947017729282e-13
2020-08-01,2020-08-01,Lentils,2020,1,209.0,2867.7,,,,,219.89166666666665,,2856.8083333333334,4.2328,4.2126,25.01303434695912,False,CMFT_Engine,Balanced,0.0
2020-09-01,2020-09-01,Lentils,2020,2,2856.8083333333334,0.0,,,,,219.89166666666665,,2636.916666666667,,,,False,CMFT_Engine,Balanced,0.0
2020-10-01,2020-10-01,Lentils,2020,3,2636.916666666667,0.0,,,,,219.89166666666665,,2417.0250000000005,,,,False,CMFT_Engine,Balanced,0.0
2020-11-01,2020-11-01,Lentils,2020,4,2417.0250000000005,0.0,,,,,219.89166666666665,,2197.133333333334,,,,False,CMFT_Engine,Balanced,0.0
2020-12-01,2020-12-01,Lentils,2020,5,2197.133333333334,0.0,,,,,219.89166666666665,,1977.2416666666675,,,,False,CMFT_Engine,Balanced,0.0
2021-01-01,2021-01-01,Lentils,2020,6,1977.2416666666675,0.0,,,,,219.89166666666665,,1757.3500000000008,,,,False,CMFT_Engine,Balanced,0.0
2021-02-01,2021-02-01,Lentils,2020,7,1757.3500000000008,0.0,,,,,219.89166666666665,,1537.4583333333342,,,,False,CMFT_Engine,Balanced,0.0
2021-03-01,2021-03-01,Lentils,2020,8,1537.4583333333342,0.0,,,,,219.89166666666665,,1317.5666666666675,,,,False,CMFT_Engine,Balanced,0.0
2021-04-01,2021-04-01,Lentils,2020,9,1317.5666666666675,0.0,,,,,219.89166666666665,,1097.6750000000009,,,,False,CMFT_Engine,Balanced,0.0
2021-05-01,2021-05-01,Lentils,2020,10,1097.6750000000009,0.0,,,,,219.89166666666665,,877.7833333333342,,,,False,CMFT_Engine,Balanced,0.0
2021-06-01,2021-06-01,Lentils,2020,11,877.7833333333342,0.0,,,,,219.89166666666665,,657.8916666666676,,,,False,CMFT_Engine,Balanced,0.0
2021-07-01,2021-07-01,Lentils,2020,12,657.8916666666676,0.0,,,,,219.89166666666665,,438.0,,,,True,CMFT_Engine,Balanced,9.094947017729282e-13
2021-08-01,2021-08-01,Lentils,2021,1,438.0,1593.6,,,,,150.54999999999998,,1881.05,4.200686,4.13828,14.149540466087359,False,CMFT_Engine,Balanced,0.0
2021-09-01,2021-09-01,Lentils,2021,2,1881.05,0.0,,,,,150.54999999999998,,1730.5,,,,False,CMFT_Engine,Balanced,0.0
2021-10-01,2021-10-01,Lentils,2021,3,1730.5,0.0,,,,,150.54999999999998,,1579.95,,,,False,CMFT_Engine,Balanced,0.0
2021-11-01,2021-11-01,Lentils,2021,4,1579.95,0.0,,,,,150.54999999999998,,1429.4,,,,False,CMFT_Engine,Balanced,0.0
2021-12-01,2021-12-01,Lentils,2021,5,1429.4,0.0,,,,,150.54999999999998,,1278.8500000000001,,,,False,CMFT_Engine,Balanced,0.0
2022-01-01,2022-01-01,Lentils,2021,6,1278.8500000000001,0.0,,,,,150.54999999999998,,1128.3000000000002,,,,False,CMFT_Engine,Balanced,0.0
2022-02-01,2022-02-01,Lentils,2021,7,1128.3000000000002,0.0,,,,,150.54999999999998,,977.7500000000002,,,,False,CMFT_Engine,Balanced,0.0
2022-03-01,2022-03-01,Lentils,2021,8,977.7500000000002,0.0,,,,,150.54999999999998,,827.2000000000003,,,,False,CMFT_Engine,Balanced,0.0
2022-04-01,2022-04-01,Lentils,2021,9,827.2000000000003,0.0,,,,,150.54999999999998,,676.6500000000003,,,,False,CMFT_Engine,Balanced,0.0
2022-05-01,2022-05-01,Lentils,2021,10,676.6500000000003,0.0,,,,,150.54999999999998,,526.1000000000004,,,,False,CMFT_Engine,Balanced,0.0
2022-06-01,2022-06-01,Lentils,2021,11,526.1000000000004,0.0,,,,,150.54999999999998,,375.5500000000004,,,,False,CMFT_Engine,Balanced,0.0
2022-07-01,2022-07-01,Lentils,2021,12,375.5500000000004,0.0,,,,,150.54999999999998,,225.0,,,,True,CMFT_Engine,Balanced,4.263256414560601e-13
2022-08-01,2022-08-01,Lentils,2022,1,225.0,2330.6,,,,,195.36666666666667,,2360.233333333333,4.3213,4.2378,20.20738761149653,False,CMFT_Engine,Balanced,0.0
2022-09-01,2022-09-01,Lentils,2022,2,2360.233333333333,0.0,,,,,195.36666666666667,,2164.8666666666663,,,,False,CMFT_Engine,Balanced,0.0
2022-10-01,2022-10-01,Lentils,2022,3,2164.8666666666663,0.0,,,,,195.36666666666667,,1969.4999999999995,,,,False,CMFT_Engine,Balanced,0.0
2022-11-01,2022-11-01,Lentils,2022,4,1969.4999999999995,0.0,,,,,195.36666666666667,,1774.1333333333328,,,,False,CMFT_Engine,Balanced,0.0
2022-12-01,2022-12-01,Lentils,2022,5,1774.1333333333328,0.0,,,,,195.36666666666667,,1578.766666666666,,,,False,CMFT_Engine,Balanced,0.0
2023-01-01,2023-01-01,Lentils,2022,6,1578.766666666666,0.0,,,,,195.36666666666667,,1383.3999999999992,,,,False,CMFT_Engine,Balanced,0.0
2023-02-01,2023-02-01,Lentils,2022,7,1383.3999999999992,0.0,,,,,195.36666666666667,,1188.0333333333324,,,,False,CMFT_Engine,Balanced,0.0
2023-03-01,2023-03-01,Lentils,2022,8,1188.0333333333324,0.0,,,,,195.36666666666667,,992.6666666666657,,,,False,CMFT_Engine,Balanced,0.0
2023-04-01,2023-04-01,Lentils,2022,9,992.6666666666657,0.0,,,,,195.36666666666667,,797.299999999999,,,,False,CMFT_Engine,Balanced,0.0
2023-05-01,2023-05-01,Lentils,2022,10,797.299999999999,0.0,,,,,195.36666666666667,,601.9333333333324,,,,False,CMFT_Engine,Balanced,0.0
2023-06-01,2023-06-01,Lentils,2022,11,601.9333333333324,0.0,,,,,195.36666666666667,,406.5666666666657,,,,False,CMFT_Engine,Balanced,0.0
2023-07-01,2023-07-01,Lentils,2022,12,406.5666666666657,0.0,,,,,195.36666666666667,,211.2,,,,True,CMFT_Engine,Balanced,-9.663381206337363e-13
2023-08-01,2023-08-01,Lentils,2023,1,211.2,1801.1,,,,,153.94166666666666,,1858.3583333333333,3.6685,3.6082,18.341299836483564,False,CMFT_Engine,Balanced,0.0
2023-09-01,2023-09-01,Lentils,2023,2,1858.3583333333333,0.0,,,,,153.94166666666666,,1704.4166666666667,,,,False,CMFT_Engine,Balanced,0.0
2023-10-01,2023-10-01,Lentils,2023,3,1704.4166666666667,0.0,,,,,153.94166666666666,,1550.4750000000001,,,,False,CMFT_Engine,Balanced,0.0
2023-11-01,2023-11-01,Lentils,2023,4,1550.4750000000001,0.0,,,,,153.94166666666666,,1396.5333333333335,,,,False,CMFT_Engine,Balanced,0.0
2023-12-01,2023-12-01,Lentils,2023,5,1396.5333333333335,0.0,,,,,153.94166666666666,,1242.591666666667,,,,False,CMFT_Engine,Balanced,0.0
2024-01-01,2024-01-01,Lentils,2023,6,1242.591666666667,0.0,,,,,153.94166666666666,,1088.6500000000003,,,,False,CMFT_Engine,Balanced,0.0
2024-02-01,2024-02-01,Lentils,2023,7,1088.6500000000003,0.0,,,,,153.94166666666666,,934.7083333333337,,,,False,CMFT_Engine,Balanced,0.0
2024-03-01,2024-03-01,Lentils,2023,8,934.7083333333337,0.0,,,,,153.94166666666666,,780.7666666666671,,,,False,CMFT_Engine,Balanced,0.0
2024-04-01,2024-04-01,Lentils,2023,9,780.7666666666671,0.0,,,,,153.94166666666666,,626.8250000000005,,,,False,CMFT_Engine,Balanced,0.0
2024-05-01,2024-05-01,Lentils,2023,10,626.8250000000005,0.0,,,,,153.94166666666666,,472.88333333333384,,,,False,CMFT_Engine,Balanced,0.0
2024-06-01,2024-06-01,Lentils,2023,11,472.88333333333384,0.0,,,,,153.94166666666666,,318.9416666666672,,,,False,CMFT_Engine,Balanced,0.0
2024-07-01,2024-07-01,Lentils,2023,12,318.9416666666672,0.0,,,,,153.94166666666666,,165.0,,,,True,CMFT_Engine,Balanced,5.115907697472721e-13
2024-08-01,2024-08-01,Lentils,2024,1,165.0,2431.3,,,,,169.59166666666667,,2426.7083333333335,4.2101,4.1827,21.358203507303898,False,CMFT_Engine,Balanced,0.0
2024-09-01,2024-09-01,Lentils,2024,2,2426.7083333333335,0.0,,,,,169.59166666666667,,2257.116666666667,,,,False,CMFT_Engine,Balanced,0.0
2024-10-01,2024-10-01,Lentils,2024,3,2257.116666666667,0.0,,,,,169.59166666666667,,2087.525,,,,False,CMFT_Engine,Balanced,0.0
2024-11-01,2024-11-01,Lentils,2024,4,2087.525,0.0,,,,,169.59166666666667,,1917.9333333333334,,,,False,CMFT_Engine,Balanced,0.0
2024-12-01,2024-12-01,Lentils,2024,5,1917.9333333333334,0.0,,,,,169.59166666666667,,1748.3416666666667,,,,False,CMFT_Engine,Balanced,0.0
2025-01-01,2025-01-01,Lentils,2024,6,1748.3416666666667,0.0,,,,,169.59166666666667,,1578.75,,,,False,CMFT_Engine,Balanced,0.0
2025-02-01,2025-02-01,Lentils,2024,7,1578.75,0.0,,,,,169.59166666666667,,1409.1583333333333,,,,False,CMFT_Engine,Balanced,0.0
2025-03-01,2025-03-01,Lentils,2024,8,1409.1583333333333,0.0,,,,,169.59166666666667,,1239.5666666666666,,,,False,CMFT_Engine,Balanced,0.0
2025-04-01,2025-04-01,Lentils,2024,9,1239.5666666666666,0.0,,,,,169.59166666666667,,1069.975,,,,False,CMFT_Engine,Balanced,0.0
2025-05-01,2025-05-01,Lentils,2024,10,1069.975,0.0,,,,,169.59166666666667,,900.3833333333332,,,,False,CMFT_Engine,Balanced,0.0
2025-06-01,2025-06-01,Lentils,2024,11,900.3833333333332,0.0,,,,,169.59166666666667,,730.7916666666665,,,,False,CMFT_Engine,Balanced,0.0
2025-07-01,2025-07-01,Lentils,2024,12,730.7916666666665,0.0,,,,,169.59166666666667,,561.2,,,,True,CMFT_Engine,Balanced,-2.2737367544323206e-13
2025-08-01,2025-08-01,Lentils,2025,1,561.2,3363.2,,,,,220.0583333333333,,3704.3416666666662,4.3796,4.3067,28.693991185826732,False,CMFT_Engine,Balanced,0.0
2025-09-01,2025-09-01,Lentils,2025,2,3704.3416666666662,0.0,,,,,220.0583333333333,,3484.283333333333,,,,False,CMFT_Engine,Balanced,0.0
2025-10-01,2025-10-01,Lentils,2025,3,3484.283333333333,0.0,,,,,220.0583333333333,,3264.2249999999995,,,,False,CMFT_Engine,Balanced,0.0
2025-11-01,2025-11-01,Lentils,2025,4,3264.2249999999995,0.0,,,,,220.0583333333333,,3044.166666666666,,,,False,CMFT_Engine,Balanced,0.0
2025-12-01,2025-12-01,Lentils,2025,5,3044.166666666666,0.0,,,,,220.0583333333333,,2824.1083333333327,,,,False,CMFT_Engine,Balanced,0.0
2026-01-01,2026-01-01,Lentils,2025,6,2824.1083333333327,0.0,,,,,220.0583333333333,,2604.0499999999993,,,,False,CMFT_Engine,Balanced,0.0
2026-02-01,2026-02-01,Lentils,2025,7,2604.0499999999993,0.0,,,,,220.0583333333333,,2383.991666666666,,,,False,CMFT_Engine,Balanced,0.0
2026-03-01,2026-03-01,Lentils,2025,8,2383.991666666666,0.0,,,,,220.0583333333333,,2163.9333333333325,,,,False,CMFT_Engine,Balanced,0.0
2026-04-01,2026-04-01,Lentils,2025,9,2163.9333333333325,0.0,,,,,220.0583333333333,,1943.874999999999,,,,False,CMFT_Engine,Balanced,0.0
2026-05-01,2026-05-01,Lentils,2025,10,1943.874999999999,0.0,,,,,220.0583333333333,,1723.8166666666657,,,,False,CMFT_Engine,Balanced,0.0
2026-06-01,2026-06-01,Lentils,2025,11,1723.8166666666657,0.0,,,,,220.0583333333333,,1503.7583333333323,,,,False,CMFT_Engine,Balanced,0.0
2026-07-01,2026-07-01,Lentils,2025,12,1503.7583333333323,0.0,,,,,220.0583333333333,,1283.7,,,,True,CMFT_Engine,Balanced,-1.1368683772161603e-12
1996-08-01,1996-08-01,Oats,1996,1,411.0,4361.1,,17.208333333333332,0.0,,313.05,,4441.841666666667,5.0912,4.1605,67.96817064775868,False,CMFT_Engine,Balanced,0.0
1996-09-01,1996-09-01,Oats,1996,2,4441.841666666667,0.0,,17.208333333333332,0.0,,313.05,,4111.583333333334,,,,False,CMFT_Engine,Balanced,0.0
1996-10-01,1996-10-01,Oats,1996,3,4111.583333333334,0.0,,17.208333333333332,0.0,,313.05,,3781.3250000000003,,,,False,CMFT_Engine,Balanced,0.0
1996-11-01,1996-11-01,Oats,1996,4,3781.3250000000003,0.0,,17.208333333333332,0.0,,313.05,,3451.0666666666666,,,,False,CMFT_Engine,Balanced,0.0
1996-12-01,1996-12-01,Oats,1996,5,3451.0666666666666,0.0,,17.208333333333332,0.0,,313.05,,3120.808333333333,,,,False,CMFT_Engine,Balanced,0.0
1997-01-01,1997-01-01,Oats,1996,6,3120.808333333333,0.0,,17.208333333333332,0.0,,313.05,,2790.5499999999993,,,,False,CMFT_Engine,Balanced,0.0
1997-02-01,1997-02-01,Oats,1996,7,2790.5499999999993,0.0,,17.208333333333332,0.0,,313.05,,2460.2916666666656,,,,False,CMFT_Engine,Balanced,0.0
1997-03-01,1997-03-01,Oats,1996,8,2460.2916666666656,0.0,,17.208333333333332,0.0,,313.05,,2130.033333333332,,,,False,CMFT_Engine,Balanced,0.0
1997-04-01,1997-04-01,Oats,1996,9,2130.033333333332,0.0,,17.208333333333332,0.0,,313.05,,1799.7749999999985,,,,False,CMFT_Engine,Balanced,0.0
1997-05-01,1997-05-01,Oats,1996,10,1799.7749999999985,0.0,,17.208333333333332,0.0,,313.05,,1469.5166666666653,,,,False,CMFT_Engine,Balanced,0.0
1997-06-01,1997-06-01,Oats,1996,11,1469.5166666666653,0.0,,17.208333333333332,0.0,,313.05,,1139.258333333332,,,,False,CMFT_Engine,Balanced,0.0
1997-07-01,1997-07-01,Oats,1996,12,1139.258333333332,0.0,,17.208333333333332,0.0,,313.05,,809.0,,,,True,CMFT_Engine,Balanced,-1.1368683772161603e-12
1997-08-01,1997-08-01,Oats,1997,1,809.0,3489.3,,15.616666666666667,0.0,,272.07500000000005,,4010.6083333333336,4.6361,3.7078,61.020684163115604,False,CMFT_Engine,Balanced,0.0
1997-09-01,1997-09-01,Oats,1997,2,4010.6083333333336,0.0,,15.616666666666667,0.0,,272.07500000000005,,3722.916666666667,,,,False,CMFT_Engine,Balanced,0.0
1997-10-01,1997-10-01,Oats,1997,3,3722.916666666667,0.0,,15.616666666666667,0.0,,272.07500000000005,,3435.2250000000004,,,,False,CMFT_Engine,Balanced,0.0
1997-11-01,1997-11-01,Oats,1997,4,3435.2250000000004,0.0,,15.616666666666667,0.0,,272.07500000000005,,3147.5333333333338,,,,False,CMFT_Engine,Balanced,0.0
1997-12-01,1997-12-01,Oats,1997,5,3147.5333333333338,0.0,,15.616666666666667,0.0,,272.07500000000005,,2859.841666666667,,,,False,CMFT_Engine,Balanced,0.0
1998-01-01,1998-01-01,Oats,1997,6,2859.841666666667,0.0,,15.616666666666667,0.0,,272.07500000000005,,2572.1500000000005,,,,False,CMFT_Engine,Balanced,0.0
1998-02-01,1998-02-01,Oats,1997,7,2572.1500000000005,0.0,,15.616666666666667,0.0,,272.07500000000005,,2284.458333333334,,,,False,CMFT_Engine,Balanced,0.0
1998-03-01,1998-03-01,Oats,1997,8,2284.458333333334,0.0,,15.616666666666667,0.0,,272.07500000000005,,1996.766666666667,,,,False,CMFT_Engine,Balanced,0.0
1998-04-01,1998-04-01,Oats,1997,9,1996.766666666667,0.0,,15.616666666666667,0.0,,272.07500000000005,,1709.0750000000005,,,,False,CMFT_Engine,Balanced,0.0
1998-05-01,1998-05-01,Oats,1997,10,1709.0750000000005,0.0,,15.616666666666667,0.0,,272.07500000000005,,1421.383333333334,,,,False,CMFT_Engine,Balanced,0.0
1998-06-01,1998-06-01,Oats,1997,11,1421.383333333334,0.0,,15.616666666666667,0.0,,272.07500000000005,,1133.6916666666673,,,,False,CMFT_Engine,Balanced,0.0
1998-07-01,1998-07-01,Oats,1997,12,1133.6916666666673,0.0,,15.616666666666667,0.0,,272.07500000000005,,846.0,,,,True,CMFT_Engine,Balanced,6.821210263296962e-13
1998-08-01,1998-08-01,Oats,1998,1,846.0,3957.5,,16.708333333333332,0.0,,292.9166666666667,,4493.875,5.0966,3.933,65.24572171370457,False,CMFT_Engine,Balanced,0.0
1998-09-01,1998-09-01,Oats,1998,2,4493.875,0.0,,16.708333333333332,0.0,,292.9166666666667,,4184.25,,,,False,CMFT_Engine,Balanced,0.0
1998-10-01,1998-10-01,Oats,1998,3,4184.25,0.0,,16.708333333333332,0.0,,292.9166666666667,,3874.6250000000005,,,,False,CMFT_Engine,Balanced,0.0
1998-11-01,1998-11-01,Oats,1998,4,3874.6250000000005,0.0,,16.708333333333332,0.0,,292.9166666666667,,3565.0000000000005,,,,False,CMFT_Engine,Balanced,0.0
1998-12-01,1998-12-01,Oats,1998,5,3565.0000000000005,0.0,,16.708333333333332,0.0,,292.9166666666667,,3255.3750000000005,,,,False,CMFT_Engine,Balanced,0.0
1999-01-01,1999-01-01,Oats,1998,6,3255.3750000000005,0.0,,16.708333333333332,0.0,,292.9166666666667,,2945.7500000000005,,,,False,CMFT_Engine,Balanced,0.0
1999-02-01,1999-02-01,Oats,1998,7,2945.7500000000005,0.0,,16.708333333333332,0.0,,292.9166666666667,,2636.1250000000005,,,,False,CMFT_Engine,Balanced,0.0
1999-03-01,1999-03-01,Oats,1998,8,2636.1250000000005,0.0,,16.708333333333332,0.0,,292.9166666666667,,2326.5000000000005,,,,False,CMFT_Engine,Balanced,0.0
1999-04-01,1999-04-01,Oats,1998,9,2326.5000000000005,0.0,,16.708333333333332,0.0,,292.9166666666667,,2016.8750000000002,,,,False,CMFT_Engine,Balanced,0.0
1999-05-01,1999-05-01,Oats,1998,10,2016.8750000000002,0.0,,16.708333333333332,0.0,,292.9166666666667,,1707.2500000000002,,,,False,CMFT_Engine,Balanced,0.0
1999-06-01,1999-06-01,Oats,1998,11,1707.2500000000002,0.0,,16.708333333333332,0.0,,292.9166666666667,,1397.6250000000002,,,,False,CMFT_Engine,Balanced,0.0
1999-07-01,1999-07-01,Oats,1998,12,1397.6250000000002,0.0,,16.708333333333332,0.0,,292.9166666666667,,1088.0,,,,True,CMFT_Engine,Balanced,2.2737367544323206e-13
1999-08-01,1999-08-01,Oats,1999,1,1088.0,3641.3,,15.924999999999999,0.0,,284.68333333333334,,4428.691666666667,4.6592,3.4556,68.32632432573214,False,CMFT_Engine,Balanced,0.0
1999-09-01,1999-09-01,Oats,1999,2,4428.691666666667,0.0,,15.924999999999999,0.0,,284.68333333333334,,4128.083333333333,,,,False,CMFT_Engine,Balanced,0.0
1999-10-01,1999-10-01,Oats,1999,3,4128.083333333333,0.0,,15.924999999999999,0.0,,284.68333333333334,,3827.4749999999995,,,,False,CMFT_Engine,Balanced,0.0
1999-11-01,1999-11-01,Oats,1999,4,3827.4749999999995,0.0,,15.924999999999999,0.0,,284.68333333333334,,3526.866666666666,,,,False,CMFT_Engine,Balanced,0.0
1999-12-01,1999-12-01,Oats,1999,5,3526.866666666666,0.0,,15.924999999999999,0.0,,284.68333333333334,,3226.2583333333323,,,,False,CMFT_Engine,Balanced,0.0
2000-01-01,2000-01-01,Oats,1999,6,3226.2583333333323,0.0,,15.924999999999999,0.0,,284.68333333333334,,2925.6499999999987,,,,False,CMFT_Engine,Balanced,0.0
2000-02-01,2000-02-01,Oats,1999,7,2925.6499999999987,0.0,,15.924999999999999,0.0,,284.68333333333334,,2625.041666666665,,,,False,CMFT_Engine,Balanced,0.0
2000-03-01,2000-03-01,Oats,1999,8,2625.041666666665,0.0,,15.924999999999999,0.0,,284.68333333333334,,2324.4333333333316,,,,False,CMFT_Engine,Balanced,0.0
2000-04-01,2000-04-01,Oats,1999,9,2324.4333333333316,0.0,,15.924999999999999,0.0,,284.68333333333334,,2023.824999999998,,,,False,CMFT_Engine,Balanced,0.0
2000-05-01,2000-05-01,Oats,1999,10,2023.824999999998,0.0,,15.924999999999999,0.0,,284.68333333333334,,1723.2166666666647,,,,False,CMFT_Engine,Balanced,0.0
2000-06-01,2000-06-01,Oats,1999,11,1723.2166666666647,0.0,,15.924999999999999,0.0,,284.68333333333334,,1422.6083333333313,,,,False,CMFT_Engine,Balanced,0.0
2000-07-01,2000-07-01,Oats,1999,12,1422.6083333333313,0.0,,15.924999999999999,0.0,,284.68333333333334,,1122.0,,,,True,CMFT_Engine,Balanced,-2.0463630789890885e-12
2000-08-01,2000-08-01,Oats,2000,1,1122.0,3403.3,,7.366666666666667,0.0,,298.57500000000005,,4219.358333333334,4.5112,3.2249,68.42881885949953,False,CMFT_Engine,Balanced,0.0
2000-09-01,2000-09-01,Oats,2000,2,4219.358333333334,0.0,,7.366666666666667,0.0,,298.57500000000005,,3913.416666666667,,,,False,CMFT_Engine,Balanced,0.0
2000-10-01,2000-10-01,Oats,2000,3,3913.416666666667,0.0,,7.366666666666667,0.0,,298.57500000000005,,3607.4750000000004,,,,False,CMFT_Engine,Balanced,0.0
2000-11-01,2000-11-01,Oats,2000,4,3607.4750000000004,0.0,,7.366666666666667,0.0,,298.57500000000005,,3301.5333333333338,,,,False,CMFT_Engine,Balanced,0.0
2000-12-01,2000-12-01,Oats,2000,5,3301.5333333333338,0.0,,7.366666666666667,0.0,,298.57500000000005,,2995.591666666667,,,,False,CMFT_Engine,Balanced,0.0
2001-01-01,2001-01-01,Oats,2000,6,2995.591666666667,0.0,,7.366666666666667,0.0,,298.57500000000005,,2689.6500000000005,,,,False,CMFT_Engine,Balanced,0.0
2001-02-01,2001-02-01,Oats,2000,7,2689.6500000000005,0.0,,7.366666666666667,0.0,,298.57500000000005,,2383.708333333334,,,,False,CMFT_Engine,Balanced,0.0
2001-03-01,2001-03-01,Oats,2000,8,2383.708333333334,0.0,,7.366666666666667,0.0,,298.57500000000005,,2077.7666666666673,,,,False,CMFT_Engine,Balanced,0.0
2001-04-01,2001-04-01,Oats,2000,9,2077.7666666666673,0.0,,7.366666666666667,0.0,,298.57500000000005,,1771.8250000000005,,,,False,CMFT_Engine,Balanced,0.0
2001-05-01,2001-05-01,Oats,2000,10,1771.8250000000005,0.0,,7.366666666666667,0.0,,298.57500000000005,,1465.883333333334,,,,False,CMFT_Engine,Balanced,0.0
2001-06-01,2001-06-01,Oats,2000,11,1465.883333333334,0.0,,7.366666666666667,0.0,,298.57500000000005,,1159.9416666666673,,,,False,CMFT_Engine,Balanced,0.0
2001-07-01,2001-07-01,Oats,2000,12,1159.9416666666673,0.0,,7.366666666666667,0.0,,298.57500000000005,,854.0,,,,True,CMFT_Engine,Balanced,6.821210263296962e-13
2001-08-01,2001-08-01,Oats,2001,1,854.0,2690.7,0.0,12.299999999999999,0.0,,223.33516666666662,0.0,3309.064833333333,4.713,3.0603,57.010695441623376,False,CMFT_Engine,Balanced,0.0
2001-09-01,2001-09-01,Oats,2001,2,3309.064833333333,0.0,0.0,12.299999999999999,0.0,,223.33516666666662,0.0,3073.429666666666,,,,False,CMFT_Engine,Balanced,0.0
2001-10-01,2001-10-01,Oats,2001,3,3073.429666666666,0.0,0.0,12.299999999999999,0.0,,223.33516666666662,0.0,2837.794499999999,,,,False,CMFT_Engine,Balanced,0.0
2001-11-01,2001-11-01,Oats,2001,4,2837.794499999999,0.0,0.0,12.299999999999999,0.0,,223.33516666666662,0.0,2602.159333333332,,,,False,CMFT_Engine,Balanced,0.0
2001-12-01,2001-12-01,Oats,2001,5,2602.159333333332,0.0,0.0,12.299999999999999,0.0,,223.33516666666662,0.0,2366.524166666665,,,,False,CMFT_Engine,Balanced,0.0
2002-01-01,2002-01-01,Oats,2001,6,2366.524166666665,0.0,3.109,12.299999999999999,0.0,,223.33516666666662,103.83800000000001,2030.1599999999985,,,,False,CMFT_Engine,Balanced,-2.2737367544323206e-13
2002-02-01,2002-02-01,Oats,2001,7,2030.1599999999985,0.0,19.493999999999996,12.299999999999999,0.0,,223.33516666666662,66.478,1747.540833333332,,,,False,CMFT_Engine,Balanced,0.0
2002-03-01,2002-03-01,Oats,2001,8,1747.540833333332,0.0,2.609,12.299999999999999,0.0,,223.33516666666662,56.1,1458.4146666666652,,,,False,CMFT_Engine,Balanced,4.547473508864641e-13
2002-04-01,2002-04-01,Oats,2001,9,1458.4146666666652,0.0,3.708,12.299999999999999,0.0,,223.33516666666662,49.69200000000001,1176.7954999999988,,,,False,CMFT_Engine,Balanced,0.0
2002-05-01,2002-05-01,Oats,2001,10,1176.7954999999988,0.0,1.94,12.299999999999999,0.0,,223.33516666666662,32.818,910.2823333333323,,,,False,CMFT_Engine,Balanced,0.0
2002-06-01,2002-06-01,Oats,2001,11,910.2823333333323,0.0,4.624,12.299999999999999,0.0,,223.33516666666662,43.202,636.0691666666658,,,,False,CMFT_Engine,Balanced,0.0
2002-07-01,2002-07-01,Oats,2001,12,636.0691666666658,0.0,2.098,12.299999999999999,0.0,,223.33516666666662,39.732,362.8,,,,True,CMFT_Engine,Balanced,-8.526512829121202e-13
2002-08-01,2002-08-01,Oats,2002,1,362.8,2910.7,2.577,11.008333333333333,0.0,,129.6695,49.169,3086.2301666666667,5.7968,3.4075,55.3881224534116,False,CMFT_Engine,Balanced,4.547473508864641e-13
2002-09-01,2002-09-01,Oats,2002,2,3086.2301666666667,0.0,5.976,11.008333333333333,0.0,,129.6695,235.892,2715.6363333333334,,,,False,CMFT_Engine,Balanced,4.547473508864641e-13
2002-10-01,2002-10-01,Oats,2002,3,2715.6363333333334,0.0,2.367,11.008333333333333,0.0,,129.6695,194.113,2383.2125,,,,False,CMFT_Engine,Balanced,4.547473508864641e-13
2002-11-01,2002-11-01,Oats,2002,4,2383.2125,0.0,2.591,11.008333333333333,0.0,,129.6695,76.537,2168.5886666666665,,,,False,CMFT_Engine,Balanced,4.547473508864641e-13
2002-12-01,2002-12-01,Oats,2002,5,2168.5886666666665,0.0,3.086,11.008333333333333,0.0,,129.6695,43.879999999999995,1987.116833333333,,,,False,CMFT_Engine,Balanced,0.0
2003-01-01,2003-01-01,Oats,2002,6,1987.116833333333,0.0,3.8830000000000005,11.008333333333333,0.0,,129.6695,67.839,1782.4829999999997,,,,False,CMFT_Engine,Balanced,0.0
2003-02-01,2003-02-01,Oats,2002,7,1782.4829999999997,0.0,3.011,11.008333333333333,0.0,,129.6695,88.857,1555.9591666666663,,,,False,CMFT_Engine,Balanced,0.0
2003-03-01,2003-03-01,Oats,2002,8,1555.9591666666663,0.0,3.07,11.008333333333333,0.0,,129.6695,74.529,1343.822333333333,,,,False,CMFT_Engine,Balanced,-2.2737367544323206e-13
2003-04-01,2003-04-01,Oats,2002,9,1343.822333333333,0.0,2.2649999999999997,11.008333333333333,0.0,,129.6695,54.897999999999996,1150.5114999999998,,,,False,CMFT_Engine,Balanced,0.0
2003-05-01,2003-05-01,Oats,2002,10,1150.5114999999998,0.0,2.918,11.008333333333333,0.0,,129.6695,78.154,934.5976666666666,,,,False,CMFT_Engine,Balanced,-2.2737367544323206e-13
2003-06-01,2003-06-01,Oats,2002,11,934.5976666666666,0.0,2.952,11.008333333333333,0.0,,129.6695,59.011,737.8608333333333,,,,False,CMFT_Engine,Balanced,0.0
2003-07-01,2003-07-01,Oats,2002,12,737.8608333333333,0.0,2.168,11.008333333333333,0.0,,129.6695,75.451,523.9,,,,True,CMFT_Engine,Balanced,0.0
2003-08-01,2003-08-01,Oats,2003,1,523.9,3376.7,3.5749999999999997,11.65,0.0,,130.61416666666662,178.119,3583.791833333333,5.0241,3.4964,62.62192714220342,False,CMFT_Engine,Balanced,-4.547473508864641e-13
2003-09-01,2003-09-01,Oats,2003,2,3583.791833333333,0.0,6.685,11.65,0.0,,130.61416666666662,244.40699999999998,3203.8056666666666,,,,False,CMFT_Engine,Balanced,-4.547473508864641e-13
2003-10-01,2003-10-01,Oats,2003,3,3203.8056666666666,0.0,2.585,11.65,0.0,,130.61416666666662,174.10299999999998,2890.0235,,,,False,CMFT_Engine,Balanced,0.0
2003-11-01,2003-11-01,Oats,2003,4,2890.0235,0.0,1.7610000000000001,11.65,0.0,,130.61416666666662,99.589,2649.931333333333,,,,False,CMFT_Engine,Balanced,0.0
2003-12-01,2003-12-01,Oats,2003,5,2649.931333333333,0.0,1.948,11.65,0.0,,130.61416666666662,97.174,2412.441166666666,,,,False,CMFT_Engine,Balanced,0.0
2004-01-01,2004-01-01,Oats,2003,6,2412.441166666666,0.0,3.569,11.65,0.0,,130.61416666666662,100.99000000000001,2172.7559999999994,,,,False,CMFT_Engine,Balanced,0.0
2004-02-01,2004-02-01,Oats,2003,7,2172.7559999999994,0.0,3.029,11.65,0.0,,130.61416666666662,93.073,1940.4478333333327,,,,False,CMFT_Engine,Balanced,-2.2737367544323206e-13
2004-03-01,2004-03-01,Oats,2003,8,1940.4478333333327,0.0,2.165,11.65,0.0,,130.61416666666662,113.102,1687.246666666666,,,,False,CMFT_Engine,Balanced,-2.2737367544323206e-13
2004-04-01,2004-04-01,Oats,2003,9,1687.246666666666,0.0,2.181,11.65,0.0,,130.61416666666662,110.77099999999999,1436.3924999999995,,,,False,CMFT_Engine,Balanced,-2.2737367544323206e-13
2004-05-01,2004-05-01,Oats,2003,10,1436.3924999999995,0.0,1.419,11.65,0.0,,130.61416666666662,91.93400000000001,1203.6133333333328,,,,False,CMFT_Engine,Balanced,2.2737367544323206e-13
2004-06-01,2004-06-01,Oats,2003,11,1203.6133333333328,0.0,3.187,11.65,0.0,,130.61416666666662,70.688,993.8481666666661,,,,False,CMFT_Engine,Balanced,-2.2737367544323206e-13
2004-07-01,2004-07-01,Oats,2003,12,993.8481666666661,0.0,2.3240000000000003,11.65,0.0,,130.61416666666662,65.808,788.1,,,,True,CMFT_Engine,Balanced,-5.684341886080801e-13
2004-08-01,2004-08-01,Oats,2004,1,788.1,3467.2,3.6959999999999997,9.791666666666666,0.0,,138.4171666666667,65.925,4044.8621666666672,4.7548,3.05,73.7113078557377,False,CMFT_Engine,Balanced,-1.3642420526593924e-12
2004-09-01,2004-09-01,Oats,2004,2,4044.8621666666672,0.0,7.776,9.791666666666666,0.0,,138.4171666666667,89.854,3814.5753333333337,,,,False,CMFT_Engine,Balanced,4.547473508864641e-13
2004-10-01,2004-10-01,Oats,2004,3,3814.5753333333337,0.0,2.496,9.791666666666666,0.0,,138.4171666666667,197.529,3471.3335000000006,,,,False,CMFT_Engine,Balanced,0.0
2004-11-01,2004-11-01,Oats,2004,4,3471.3335000000006,0.0,1.336,9.791666666666666,0.0,,138.4171666666667,211.755,3112.705666666667,,,,False,CMFT_Engine,Balanced,0.0
2004-12-01,2004-12-01,Oats,2004,5,3112.705666666667,0.0,0.9850000000000001,9.791666666666666,0.0,,138.4171666666667,132.633,2832.848833333334,,,,False,CMFT_Engine,Balanced,4.547473508864641e-13
2005-01-01,2005-01-01,Oats,2004,6,2832.848833333334,0.0,2.399,9.791666666666666,0.0,,138.4171666666667,114.76299999999999,2572.2760000000003,,,,False,CMFT_Engine,Balanced,4.547473508864641e-13
2005-02-01,2005-02-01,Oats,2004,7,2572.2760000000003,0.0,3.874,9.791666666666666,0.0,,138.4171666666667,120.19399999999999,2307.747166666667,,,,False,CMFT_Engine,Balanced,0.0
2005-03-01,2005-03-01,Oats,2004,8,2307.747166666667,0.0,2.8890000000000002,9.791666666666666,0.0,,138.4171666666667,128.059,2034.3683333333338,,,,False,CMFT_Engine,Balanced,2.2737367544323206e-13
2005-04-01,2005-04-01,Oats,2004,9,2034.3683333333338,0.0,4.473,9.791666666666666,0.0,,138.4171666666667,160.609,1730.0235000000005,,,,False,CMFT_Engine,Balanced,0.0
2005-05-01,2005-05-01,Oats,2004,10,1730.0235000000005,0.0,1.168,9.791666666666666,0.0,,138.4171666666667,98.619,1484.363666666667,,,,False,CMFT_Engine,Balanced,0.0
2005-06-01,2005-06-01,Oats,2004,11,1484.363666666667,0.0,1.514,9.791666666666666,0.0,,138.4171666666667,98.61,1239.0588333333337,,,,False,CMFT_Engine,Balanced,0.0
2005-07-01,2005-07-01,Oats,2004,12,1239.0588333333337,0.0,1.032,9.791666666666666,0.0,,138.4171666666667,117.482,974.4,,,,True,CMFT_Engine,Balanced,3.410605131648481e-13
2005-08-01,2005-08-01,Oats,2005,1,974.4,3282.7,2.488,6.558333333333334,0.0,,134.67183333333324,108.01299999999999,4010.344833333333,4.3685,3.1415,67.7562237338851,False,CMFT_Engine,Balanced,4.547473508864641e-13
2005-09-01,2005-09-01,Oats,2005,2,4010.344833333333,0.0,3.2479999999999998,6.558333333333334,0.0,,134.67183333333324,112.643,3759.7196666666664,,,,False,CMFT_Engine,Balanced,0.0
2005-10-01,2005-10-01,Oats,2005,3,3759.7196666666664,0.0,1.252,6.558333333333334,0.0,,134.67183333333324,186.34099999999998,3433.4004999999997,,,,False,CMFT_Engine,Balanced,0.0
2005-11-01,2005-11-01,Oats,2005,4,3433.4004999999997,0.0,1.038,6.558333333333334,0.0,,134.67183333333324,159.311,3133.897333333333,,,,False,CMFT_Engine,Balanced,0.0
2005-12-01,2005-12-01,Oats,2005,5,3133.897333333333,0.0,3.218,6.558333333333334,0.0,,134.67183333333324,195.74699999999999,2800.138166666666,,,,False,CMFT_Engine,Balanced,0.0
2006-01-01,2006-01-01,Oats,2005,6,2800.138166666666,0.0,3.436,6.558333333333334,0.0,,134.67183333333324,161.648,2500.6959999999995,,,,False,CMFT_Engine,Balanced,0.0
2006-02-01,2006-02-01,Oats,2005,7,2500.6959999999995,0.0,2.958,6.558333333333334,0.0,,134.67183333333324,113.524,2248.899833333333,,,,False,CMFT_Engine,Balanced,0.0
2006-03-01,2006-03-01,Oats,2005,8,2248.899833333333,0.0,4.1,6.558333333333334,0.0,,134.67183333333324,150.079,1961.690666666666,,,,False,CMFT_Engine,Balanced,2.2737367544323206e-13
2006-04-01,2006-04-01,Oats,2005,9,1961.690666666666,0.0,1.54,6.558333333333334,0.0,,134.67183333333324,170.405,1651.5954999999992,,,,False,CMFT_Engine,Balanced,0.0
2006-05-01,2006-05-01,Oats,2005,10,1651.5954999999992,0.0,1.43,6.558333333333334,0.0,,134.67183333333324,95.59400000000001,1416.2013333333325,,,,False,CMFT_Engine,Balanced,0.0
2006-06-01,2006-06-01,Oats,2005,11,1416.2013333333325,0.0,4.168,6.558333333333334,0.0,,134.67183333333324,117.44300000000001,1161.6961666666657,,,,False,CMFT_Engine,Balanced,0.0
2006-07-01,2006-07-01,Oats,2005,12,1161.6961666666657,0.0,2.2289999999999996,6.558333333333334,0.0,,134.67183333333324,150.995,871.7,,,,True,CMFT_Engine,Balanced,-9.094947017729282e-13
2006-08-01,2006-08-01,Oats,2006,1,871.7,3852.2,6.021000000000001,7.675,0.0,,159.11758333333339,296.54800000000006,4266.580416666666,5.099129,3.7975,65.77579511784069,False,CMFT_Engine,Balanced,0.0
2006-09-01,2006-09-01,Oats,2006,2,4266.580416666666,0.0,3.0520000000000005,7.675,0.0,,159.11758333333339,247.915,3854.924833333332,,,,False,CMFT_Engine,Balanced,-4.547473508864641e-13
2006-10-01,2006-10-01,Oats,2006,3,3854.924833333332,0.0,2.025,7.675,0.0,,159.11758333333339,227.341,3462.816249999999,,,,False,CMFT_Engine,Balanced,0.0
2006-11-01,2006-11-01,Oats,2006,4,3462.816249999999,0.0,1.43,7.675,0.0,,159.11758333333339,247.149,3050.3046666666655,,,,False,CMFT_Engine,Balanced,0.0
2006-12-01,2006-12-01,Oats,2006,5,3050.3046666666655,0.0,1.8800000000000001,7.675,0.0,,159.11758333333339,171.473,2713.9190833333323,,,,False,CMFT_Engine,Balanced,0.0
2007-01-01,2007-01-01,Oats,2006,6,2713.9190833333323,0.0,2.311,7.675,0.0,,159.11758333333339,171.66400000000002,2377.7734999999993,,,,False,CMFT_Engine,Balanced,-4.547473508864641e-13
2007-02-01,2007-02-01,Oats,2006,7,2377.7734999999993,0.0,2.281,7.675,0.0,,159.11758333333339,144.408,2068.853916666666,,,,False,CMFT_Engine,Balanced,0.0
2007-03-01,2007-03-01,Oats,2006,8,2068.853916666666,0.0,2.079,7.675,0.0,,159.11758333333339,186.09199999999998,1718.0483333333327,,,,False,CMFT_Engine,Balanced,0.0
2007-04-01,2007-04-01,Oats,2006,9,1718.0483333333327,0.0,1.927,7.675,0.0,,159.11758333333339,159.90800000000002,1393.2747499999991,,,,False,CMFT_Engine,Balanced,0.0
2007-05-01,2007-05-01,Oats,2006,10,1393.2747499999991,0.0,1.001,7.675,0.0,,159.11758333333339,134.18900000000002,1093.2941666666657,,,,False,CMFT_Engine,Balanced,0.0
2007-06-01,2007-06-01,Oats,2006,11,1093.2941666666657,0.0,2.718,7.675,0.0,,159.11758333333339,88.64399999999999,840.5755833333324,,,,False,CMFT_Engine,Balanced,0.0
2007-07-01,2007-07-01,Oats,2006,12,840.5755833333324,0.0,0.9730000000000001,7.675,0.0,,159.11758333333339,118.556,556.2,,,,True,CMFT_Engine,Balanced,-1.1368683772161603e-12
2007-08-01,2007-08-01,Oats,2007,1,556.2,4618.4,3.32,5.8500000000000005,0.0,,128.96074999999993,228.776,4814.333249999999,5.3127,4.4068,67.95528935281838,False,CMFT_Engine,Balanced,0.0
2007-09-01,2007-09-01,Oats,2007,2,4814.333249999999,0.0,6.522,5.8500000000000005,0.0,,128.96074999999993,328.405,4357.639499999998,,,,False,CMFT_Engine,Balanced,0.0
2007-10-01,2007-10-01,Oats,2007,3,4357.639499999998,0.0,2.273,5.8500000000000005,0.0,,128.96074999999993,281.606,3943.4957499999987,,,,False,CMFT_Engine,Balanced,-4.547473508864641e-13
2007-11-01,2007-11-01,Oats,2007,4,3943.4957499999987,0.0,1.485,5.8500000000000005,0.0,,128.96074999999993,248.83299999999997,3561.336999999999,,,,False,CMFT_Engine,Balanced,0.0
2007-12-01,2007-12-01,Oats,2007,5,3561.336999999999,0.0,1.309,5.8500000000000005,0.0,,128.96074999999993,199.451,3228.3842499999996,,,,False,CMFT_Engine,Balanced,0.0
2008-01-01,2008-01-01,Oats,2007,6,3228.3842499999996,0.0,2.669,5.8500000000000005,0.0,,128.96074999999993,190.585,2905.6575,,,,False,CMFT_Engine,Balanced,0.0
2008-02-01,2008-02-01,Oats,2007,7,2905.6575,0.0,0.8760000000000001,5.8500000000000005,0.0,,128.96074999999993,140.855,2630.8677500000003,,,,False,CMFT_Engine,Balanced,0.0
2008-03-01,2008-03-01,Oats,2007,8,2630.8677500000003,0.0,1.115,5.8500000000000005,0.0,,128.96074999999993,145.79399999999998,2351.3780000000006,,,,False,CMFT_Engine,Balanced,0.0
2008-04-01,2008-04-01,Oats,2007,9,2351.3780000000006,0.0,0.9650000000000001,5.8500000000000005,0.0,,128.96074999999993,295.117,1922.4152500000007,,,,False,CMFT_Engine,Balanced,4.547473508864641e-13
2008-05-01,2008-05-01,Oats,2007,10,1922.4152500000007,0.0,0.701,5.8500000000000005,0.0,,128.96074999999993,173.997,1614.3085000000008,,,,False,CMFT_Engine,Balanced,0.0
2008-06-01,2008-06-01,Oats,2007,11,1614.3085000000008,0.0,1.196,5.8500000000000005,0.0,,128.96074999999993,207.68099999999998,1273.0127500000008,,,,False,CMFT_Engine,Balanced,0.0
2008-07-01,2008-07-01,Oats,2007,12,1273.0127500000008,0.0,3.162,5.8500000000000005,0.0,,128.96074999999993,191.864,949.5,,,,True,CMFT_Engine,Balanced,9.094947017729282e-13
2008-08-01,2008-08-01,Oats,2008,1,949.5,4272.6,3.7729999999999997,5.7749999999999995,0.0,,121.23900000000005,230.669,4868.19,4.3,3.5793,77.40146807476323,False,CMFT_Engine,Balanced,9.094947017729282e-13
2008-09-01,2008-09-01,Oats,2008,2,4868.19,0.0,5.6850000000000005,5.7749999999999995,0.0,,121.23900000000005,255.543,4491.317999999999,,,,False,CMFT_Engine,Balanced,9.094947017729282e-13
2008-10-01,2008-10-01,Oats,2008,3,4491.317999999999,0.0,2.057,5.7749999999999995,0.0,,121.23900000000005,249.458,4116.902999999998,,,,False,CMFT_Engine,Balanced,9.094947017729282e-13
2008-11-01,2008-11-01,Oats,2008,4,4116.902999999998,0.0,1.288,5.7749999999999995,0.0,,121.23900000000005,176.71099999999998,3814.465999999998,,,,False,CMFT_Engine,Balanced,4.547473508864641e-13
2008-12-01,2008-12-01,Oats,2008,5,3814.465999999998,0.0,0.9329999999999999,5.7749999999999995,0.0,,121.23900000000005,144.835,3543.549999999998,,,,False,CMFT_Engine,Balanced,0.0
2009-01-01,2009-01-01,Oats,2008,6,3543.549999999998,0.0,1.004,5.7749999999999995,0.0,,121.23900000000005,162.788,3254.7519999999977,,,,False,CMFT_Engine,Balanced,0.0
2009-02-01,2009-02-01,Oats,2008,7,3254.7519999999977,0.0,4.276999999999999,5.7749999999999995,0.0,,121.23900000000005,139.7,2992.314999999998,,,,False,CMFT_Engine,Balanced,0.0
2009-03-01,2009-03-01,Oats,2008,8,2992.314999999998,0.0,1.492,5.7749999999999995,0.0,,121.23900000000005,145.767,2721.025999999998,,,,False,CMFT_Engine,Balanced,0.0
2009-04-01,2009-04-01,Oats,2008,9,2721.025999999998,0.0,1.8299999999999998,5.7749999999999995,0.0,,121.23900000000005,187.406,2408.435999999998,,,,False,CMFT_Engine,Balanced,0.0
2009-05-01,2009-05-01,Oats,2008,10,2408.435999999998,0.0,1.597,5.7749999999999995,0.0,,121.23900000000005,152.837,2130.181999999998,,,,False,CMFT_Engine,Balanced,0.0
2009-06-01,2009-06-01,Oats,2008,11,2130.181999999998,0.0,0.979,5.7749999999999995,0.0,,121.23900000000005,160.70800000000003,1843.4389999999978,,,,False,CMFT_Engine,Balanced,-2.2737367544323206e-13
2009-07-01,2009-07-01,Oats,2008,12,1843.4389999999978,0.0,2.403,5.7749999999999995,0.0,,121.23900000000005,191.628,1527.2,,,,True,CMFT_Engine,Balanced,-2.2737367544323206e-12
2009-08-01,2009-08-01,Oats,2009,1,1527.2,2911.5,4.079,4.983333333333333,0.0,,121.01016666666663,198.30299999999997,4118.482499999999,3.6965,2.4277,77.76368608147631,False,CMFT_Engine,Balanced,0.0
2009-09-01,2009-09-01,Oats,2009,2,4118.482499999999,0.0,4.469,4.983333333333333,0.0,,121.01016666666663,141.148,3855.8099999999995,,,,False,CMFT_Engine,Balanced,-4.547473508864641e-13
2009-10-01,2009-10-01,Oats,2009,3,3855.8099999999995,0.0,1.652,4.983333333333333,0.0,,121.01016666666663,172.297,3559.1715,,,,False,CMFT_Engine,Balanced,0.0
2009-11-01,2009-11-01,Oats,2009,4,3559.1715,0.0,2.007,4.983333333333333,0.0,,121.01016666666663,128.006,3307.179,,,,False,CMFT_Engine,Balanced,4.547473508864641e-13
2009-12-01,2009-12-01,Oats,2009,5,3307.179,0.0,1.058,4.983333333333333,0.0,,121.01016666666663,132.372,3049.8715,,,,False,CMFT_Engine,Balanced,4.547473508864641e-13
2010-01-01,2010-01-01,Oats,2009,6,3049.8715,0.0,1.148,4.983333333333333,0.0,,121.01016666666663,160.98499999999999,2764.0410000000006,,,,False,CMFT_Engine,Balanced,0.0
2010-02-01,2010-02-01,Oats,2009,7,2764.0410000000006,0.0,1.914,4.983333333333333,0.0,,121.01016666666663,159.00600000000003,2480.955500000001,,,,False,CMFT_Engine,Balanced,4.547473508864641e-13
2010-03-01,2010-03-01,Oats,2009,8,2480.955500000001,0.0,2.012,4.983333333333333,0.0,,121.01016666666663,216.124,2140.8500000000013,,,,False,CMFT_Engine,Balanced,4.547473508864641e-13
2010-04-01,2010-04-01,Oats,2009,9,2140.8500000000013,0.0,1.412,4.983333333333333,0.0,,121.01016666666663,100.765,1915.503500000001,,,,False,CMFT_Engine,Balanced,2.2737367544323206e-13
2010-05-01,2010-05-01,Oats,2009,10,1915.503500000001,0.0,2.012,4.983333333333333,0.0,,121.01016666666663,120.804,1670.7180000000008,,,,False,CMFT_Engine,Balanced,0.0
2010-06-01,2010-06-01,Oats,2009,11,1670.7180000000008,0.0,1.536,4.983333333333333,0.0,,121.01016666666663,118.509,1427.7515000000008,,,,False,CMFT_Engine,Balanced,0.0
2010-07-01,2010-07-01,Oats,2009,12,1427.7515000000008,0.0,4.277,4.983333333333333,0.0,,121.01016666666663,144.235,1161.8,,,,True,CMFT_Engine,Balanced,6.821210263296962e-13
2010-08-01,2010-08-01,Oats,2010,1,1161.8,2451.4,7.414,7.183333333333334,0.0,,99.66974999999998,173.05299999999997,3340.7079166666667,2.9892,2.2035,72.13668641706376,False,CMFT_Engine,Balanced,0.0
2010-09-01,2010-09-01,Oats,2010,2,3340.7079166666667,0.0,6.762,7.183333333333334,0.0,,99.66974999999998,175.202,3065.4148333333337,,,,False,CMFT_Engine,Balanced,-4.547473508864641e-13
2010-10-01,2010-10-01,Oats,2010,3,3065.4148333333337,0.0,2.139,7.183333333333334,0.0,,99.66974999999998,179.381,2781.3197500000006,,,,False,CMFT_Engine,Balanced,0.0
2010-11-01,2010-11-01,Oats,2010,4,2781.3197500000006,0.0,1.443,7.183333333333334,0.0,,99.66974999999998,124.06599999999999,2551.8436666666676,,,,False,CMFT_Engine,Balanced,0.0
2010-12-01,2010-12-01,Oats,2010,5,2551.8436666666676,0.0,1.634,7.183333333333334,0.0,,99.66974999999998,145.826,2300.798583333334,,,,False,CMFT_Engine,Balanced,0.0
2011-01-01,2011-01-01,Oats,2010,6,2300.798583333334,0.0,2.8839999999999995,7.183333333333334,0.0,,99.66974999999998,132.617,2064.212500000001,,,,False,CMFT_Engine,Balanced,-4.547473508864641e-13
2011-02-01,2011-02-01,Oats,2010,7,2064.212500000001,0.0,5.744,7.183333333333334,0.0,,99.66974999999998,123.291,1839.8124166666678,,,,False,CMFT_Engine,Balanced,0.0
2011-03-01,2011-03-01,Oats,2010,8,1839.8124166666678,0.0,3.703,7.183333333333334,0.0,,99.66974999999998,131.105,1605.5573333333343,,,,False,CMFT_Engine,Balanced,0.0
2011-04-01,2011-04-01,Oats,2010,9,1605.5573333333343,0.0,3.322,7.183333333333334,0.0,,99.66974999999998,148.72299999999998,1353.3032500000008,,,,False,CMFT_Engine,Balanced,0.0
2011-05-01,2011-05-01,Oats,2010,10,1353.3032500000008,0.0,5.577999999999999,7.183333333333334,0.0,,99.66974999999998,117.432,1134.5961666666674,,,,False,CMFT_Engine,Balanced,0.0
2011-06-01,2011-06-01,Oats,2010,11,1134.5961666666674,0.0,2.6759999999999997,7.183333333333334,0.0,,99.66974999999998,97.365,933.0540833333339,,,,False,CMFT_Engine,Balanced,0.0
2011-07-01,2011-07-01,Oats,2010,12,933.0540833333339,0.0,2.694,7.183333333333334,0.0,,99.66974999999998,96.29499999999999,732.6,,,,True,CMFT_Engine,Balanced,5.684341886080801e-13
2011-08-01,2011-08-01,Oats,2011,1,732.6,3157.6,2.8699999999999997,10.275,0.0,,82.03299999999994,184.74800000000002,3616.0139999999997,3.244401,2.6782,76.4485354641177,False,CMFT_Engine,Balanced,0.0
2011-09-01,2011-09-01,Oats,2011,2,3616.0139999999997,0.0,4.8420000000000005,10.275,0.0,,82.03299999999994,286.92699999999996,3241.621,,,,False,CMFT_Engine,Balanced,-4.547473508864641e-13
2011-10-01,2011-10-01,Oats,2011,3,3241.621,0.0,3.9099999999999997,10.275,0.0,,82.03299999999994,228.00300000000001,2925.22,,,,False,CMFT_Engine,Balanced,0.0
2011-11-01,2011-11-01,Oats,2011,4,2925.22,0.0,3.082,10.275,0.0,,82.03299999999994,190.16799999999998,2645.8259999999996,,,,False,CMFT_Engine,Balanced,0.0
2011-12-01,2011-12-01,Oats,2011,5,2645.8259999999996,0.0,1.524,10.275,0.0,,82.03299999999994,187.419,2367.6229999999996,,,,False,CMFT_Engine,Balanced,0.0
2012-01-01,2012-01-01,Oats,2011,6,2367.6229999999996,0.0,1.802,10.275,0.0,,82.03299999999994,163.121,2113.9959999999996,,,,False,CMFT_Engine,Balanced,0.0
2012-02-01,2012-02-01,Oats,2011,7,2113.9959999999996,0.0,2.566,10.275,0.0,,82.03299999999994,120.504,1903.7499999999995,,,,False,CMFT_Engine,Balanced,0.0
2012-03-01,2012-03-01,Oats,2011,8,1903.7499999999995,0.0,3.602,10.275,0.0,,82.03299999999994,124.96799999999999,1690.0759999999998,,,,False,CMFT_Engine,Balanced,-2.2737367544323206e-13
2012-04-01,2012-04-01,Oats,2011,9,1690.0759999999998,0.0,4.316,10.275,0.0,,82.03299999999994,124.232,1477.8519999999999,,,,False,CMFT_Engine,Balanced,0.0
2012-05-01,2012-05-01,Oats,2011,10,1477.8519999999999,0.0,4.2459999999999996,10.275,0.0,,82.03299999999994,111.695,1278.095,,,,False,CMFT_Engine,Balanced,0.0
2012-06-01,2012-06-01,Oats,2011,11,1278.095,0.0,6.106,10.275,0.0,,82.03299999999994,126.592,1065.3010000000002,,,,False,CMFT_Engine,Balanced,-2.2737367544323206e-13
2012-07-01,2012-07-01,Oats,2011,12,1065.3010000000002,0.0,4.5169999999999995,10.275,0.0,,82.03299999999994,173.01000000000002,804.5,,,,True,CMFT_Engine,Balanced,2.2737367544323206e-13
2012-08-01,2012-08-01,Oats,2012,1,804.5,2829.6,10.561,9.766666666666667,0.0,,99.16449999999999,306.71799999999996,3229.0118333333335,2.9477,2.4831,73.89003957955782,False,CMFT_Engine,Balanced,0.0
2012-09-01,2012-09-01,Oats,2012,2,3229.0118333333335,0.0,4.176,9.766666666666667,0.0,,99.16449999999999,200.11800000000002,2924.1386666666667,,,,False,CMFT_Engine,Balanced,0.0
2012-10-01,2012-10-01,Oats,2012,3,2924.1386666666667,0.0,2.6149999999999998,9.766666666666667,0.0,,99.16449999999999,183.481,2634.3415,,,,False,CMFT_Engine,Balanced,-4.547473508864641e-13
2012-11-01,2012-11-01,Oats,2012,4,2634.3415,0.0,1.557,9.766666666666667,0.0,,99.16449999999999,179.20100000000002,2347.766333333333,,,,False,CMFT_Engine,Balanced,0.0
2012-12-01,2012-12-01,Oats,2012,5,2347.766333333333,0.0,2.082,9.766666666666667,0.0,,99.16449999999999,128.26000000000002,2112.6571666666664,,,,False,CMFT_Engine,Balanced,-4.547473508864641e-13
2013-01-01,2013-01-01,Oats,2012,6,2112.6571666666664,0.0,1.988,9.766666666666667,0.0,,99.16449999999999,131.7,1874.0139999999994,,,,False,CMFT_Engine,Balanced,-2.2737367544323206e-13
2013-02-01,2013-02-01,Oats,2012,7,1874.0139999999994,0.0,2.394,9.766666666666667,0.0,,99.16449999999999,120.592,1646.8848333333326,,,,False,CMFT_Engine,Balanced,0.0
2013-03-01,2013-03-01,Oats,2012,8,1646.8848333333326,0.0,3.742,9.766666666666667,0.0,,99.16449999999999,139.45,1402.2456666666658,,,,False,CMFT_Engine,Balanced,0.0
2013-04-01,2013-04-01,Oats,2012,9,1402.2456666666658,0.0,3.0,9.766666666666667,0.0,,99.16449999999999,160.106,1136.208499999999,,,,False,CMFT_Engine,Balanced,0.0
2013-05-01,2013-05-01,Oats,2012,10,1136.208499999999,0.0,2.25,9.766666666666667,0.0,,99.16449999999999,120.177,909.3503333333324,,,,False,CMFT_Engine,Balanced,-1.1368683772161603e-13
2013-06-01,2013-06-01,Oats,2012,11,909.3503333333324,0.0,2.368,9.766666666666667,0.0,,99.16449999999999,87.24000000000001,715.5471666666658,,,,False,CMFT_Engine,Balanced,0.0
2013-07-01,2013-07-01,Oats,2012,12,715.5471666666658,0.0,2.98,9.766666666666667,0.0,,99.16449999999999,163.796,445.8,,,,True,CMFT_Engine,Balanced,-7.958078640513122e-13
2013-08-01,2013-08-01,Oats,2013,1,445.8,3927.6,4.365,6.958333333333333,0.0,,107.62858333333327,110.944,4152.234083333333,3.2273,2.7889,91.31652396285274,False,CMFT_Engine,Balanced,0.0
2013-09-01,2013-09-01,Oats,2013,2,4152.234083333333,0.0,5.341,6.958333333333333,0.0,,107.62858333333327,138.48000000000002,3904.5081666666665,,,,False,CMFT_Engine,Balanced,4.547473508864641e-13
2013-10-01,2013-10-01,Oats,2013,3,3904.5081666666665,0.0,5.869,6.958333333333333,0.0,,107.62858333333327,209.165,3586.62525,,,,False,CMFT_Engine,Balanced,0.0
2013-11-01,2013-11-01,Oats,2013,4,3586.62525,0.0,2.76,6.958333333333333,0.0,,107.62858333333327,186.274,3288.5243333333337,,,,False,CMFT_Engine,Balanced,0.0
2013-12-01,2013-12-01,Oats,2013,5,3288.5243333333337,0.0,1.895,6.958333333333333,0.0,,107.62858333333327,148.605,3027.227416666667,,,,False,CMFT_Engine,Balanced,0.0
2014-01-01,2014-01-01,Oats,2013,6,3027.227416666667,0.0,2.555,6.958333333333333,0.0,,107.62858333333327,120.32900000000001,2794.8665000000005,,,,False,CMFT_Engine,Balanced,-4.547473508864641e-13
2014-02-01,2014-02-01,Oats,2013,7,2794.8665000000005,0.0,2.1710000000000003,6.958333333333333,0.0,,107.62858333333327,111.51400000000001,2570.936583333334,,,,False,CMFT_Engine,Balanced,-4.547473508864641e-13
2014-03-01,2014-03-01,Oats,2013,8,2570.936583333334,0.0,2.869,6.958333333333333,0.0,,107.62858333333327,178.65200000000002,2280.5666666666675,,,,False,CMFT_Engine,Balanced,0.0
2014-04-01,2014-04-01,Oats,2013,9,2280.5666666666675,0.0,12.725,6.958333333333333,0.0,,107.62858333333327,184.04899999999998,1994.6557500000008,,,,False,CMFT_Engine,Balanced,0.0
2014-05-01,2014-05-01,Oats,2013,10,1994.6557500000008,0.0,1.675,6.958333333333333,0.0,,107.62858333333327,203.57500000000002,1678.168833333334,,,,False,CMFT_Engine,Balanced,2.2737367544323206e-13
2014-06-01,2014-06-01,Oats,2013,11,1678.168833333334,0.0,2.527,6.958333333333333,0.0,,107.62858333333327,185.42999999999998,1380.6789166666676,,,,False,CMFT_Engine,Balanced,-2.2737367544323206e-13
2014-07-01,2014-07-01,Oats,2013,12,1380.6789166666676,0.0,3.019,6.958333333333333,0.0,,107.62858333333327,200.11100000000002,1069.0,,,,True,CMFT_Engine,Balanced,1.1368683772161603e-12
2014-08-01,2014-08-01,Oats,2014,1,1069.0,2976.8,4.658,12.25,0.0,,100.12958333333331,152.672,3785.4064166666667,2.8959,2.3194,83.22025965335864,False,CMFT_Engine,Balanced,0.0
2014-09-01,2014-09-01,Oats,2014,2,3785.4064166666667,0.0,5.917,12.25,0.0,,100.12958333333331,169.531,3509.4128333333333,,,,False,CMFT_Engine,Balanced,0.0
2014-10-01,2014-10-01,Oats,2014,3,3509.4128333333333,0.0,1.637,12.25,0.0,,100.12958333333331,199.108,3199.56225,,,,False,CMFT_Engine,Balanced,0.0
2014-11-01,2014-11-01,Oats,2014,4,3199.56225,0.0,1.692,12.25,0.0,,100.12958333333331,155.87099999999998,2933.0036666666665,,,,False,CMFT_Engine,Balanced,0.0
2014-12-01,2014-12-01,Oats,2014,5,2933.0036666666665,0.0,1.008,12.25,0.0,,100.12958333333331,180.59,2641.042083333333,,,,False,CMFT_Engine,Balanced,0.0
2015-01-01,2015-01-01,Oats,2014,6,2641.042083333333,0.0,2.356,12.25,0.0,,100.12958333333331,206.534,2324.4844999999996,,,,False,CMFT_Engine,Balanced,0.0
2015-02-01,2015-02-01,Oats,2014,7,2324.4844999999996,0.0,2.709,12.25,0.0,,100.12958333333331,155.813,2059.000916666666,,,,False,CMFT_Engine,Balanced,0.0
2015-03-01,2015-03-01,Oats,2014,8,2059.000916666666,0.0,2.543,12.25,0.0,,100.12958333333331,221.37900000000002,1727.7853333333328,,,,False,CMFT_Engine,Balanced,0.0
2015-04-01,2015-04-01,Oats,2014,9,1727.7853333333328,0.0,1.82,12.25,0.0,,100.12958333333331,179.64700000000002,1437.5787499999994,,,,False,CMFT_Engine,Balanced,0.0
2015-05-01,2015-05-01,Oats,2014,10,1437.5787499999994,0.0,1.653,12.25,0.0,,100.12958333333331,119.008,1207.844166666666,,,,False,CMFT_Engine,Balanced,0.0
2015-06-01,2015-06-01,Oats,2014,11,1207.844166666666,0.0,1.514,12.25,0.0,,100.12958333333331,151.573,945.4055833333325,,,,False,CMFT_Engine,Balanced,1.1368683772161603e-13
2015-07-01,2015-07-01,Oats,2014,12,945.4055833333325,0.0,1.783,12.25,0.0,,100.12958333333331,133.909,700.9,,,,True,CMFT_Engine,Balanced,-7.958078640513122e-13
2015-08-01,2015-08-01,Oats,2015,1,700.9,3425.0,3.15,15.358333333333334,0.0,,90.82216666666659,150.971,3871.8984999999993,3.3602,2.5898,85.75301760753726,False,CMFT_Engine,Balanced,-4.547473508864641e-13
2015-09-01,2015-09-01,Oats,2015,2,3871.8984999999993,0.0,10.151,15.358333333333334,0.0,,90.82216666666659,212.915,3562.953999999999,,,,False,CMFT_Engine,Balanced,9.094947017729282e-13
2015-10-01,2015-10-01,Oats,2015,3,3562.953999999999,0.0,2.356,15.358333333333334,0.0,,90.82216666666659,172.173,3286.9564999999993,,,,False,CMFT_Engine,Balanced,0.0
2015-11-01,2015-11-01,Oats,2015,4,3286.9564999999993,0.0,1.75,15.358333333333334,0.0,,90.82216666666659,167.203,3015.3229999999994,,,,False,CMFT_Engine,Balanced,4.547473508864641e-13
2015-12-01,2015-12-01,Oats,2015,5,3015.3229999999994,0.0,1.3860000000000001,15.358333333333334,0.0,,90.82216666666659,194.745,2715.7834999999995,,,,False,CMFT_Engine,Balanced,0.0
2016-01-01,2016-01-01,Oats,2015,6,2715.7834999999995,0.0,1.619,15.358333333333334,0.0,,90.82216666666659,164.671,2446.5509999999995,,,,False,CMFT_Engine,Balanced,4.547473508864641e-13
2016-02-01,2016-02-01,Oats,2015,7,2446.5509999999995,0.0,1.135,15.358333333333334,0.0,,90.82216666666659,121.28,2220.2254999999996,,,,False,CMFT_Engine,Balanced,4.547473508864641e-13
2016-03-01,2016-03-01,Oats,2015,8,2220.2254999999996,0.0,1.508,15.358333333333334,0.0,,90.82216666666659,190.593,1924.9599999999994,,,,False,CMFT_Engine,Balanced,4.547473508864641e-13
2016-04-01,2016-04-01,Oats,2015,9,1924.9599999999994,0.0,1.571,15.358333333333334,0.0,,90.82216666666659,139.455,1680.8954999999994,,,,False,CMFT_Engine,Balanced,0.0
2016-05-01,2016-05-01,Oats,2015,10,1680.8954999999994,0.0,2.875,15.358333333333334,0.0,,90.82216666666659,104.85700000000001,1472.7329999999995,,,,False,CMFT_Engine,Balanced,0.0
2016-06-01,2016-06-01,Oats,2015,11,1472.7329999999995,0.0,1.5250000000000001,15.358333333333334,0.0,,90.82216666666659,183.275,1184.8024999999996,,,,False,CMFT_Engine,Balanced,0.0
2016-07-01,2016-07-01,Oats,2015,12,1184.8024999999996,0.0,2.504,15.358333333333334,0.0,,90.82216666666659,114.126,967.0,,,,True,CMFT_Engine,Balanced,-4.547473508864641e-13
2016-08-01,2016-08-01,Oats,2016,1,967.0,3231.2,4.676,10.433333333333334,0.0,,120.19274999999998,221.73699999999997,3850.5129166666666,3.045059,2.2849,91.69627736881264,False,CMFT_Engine,Balanced,0.0
2016-09-01,2016-09-01,Oats,2016,2,3850.5129166666666,0.0,6.274,10.433333333333334,0.0,,120.19274999999998,234.574,3491.586833333333,,,,False,CMFT_Engine,Balanced,0.0
2016-10-01,2016-10-01,Oats,2016,3,3491.586833333333,0.0,1.181,10.433333333333334,0.0,,120.19274999999998,200.151,3161.9907499999995,,,,False,CMFT_Engine,Balanced,0.0
2016-11-01,2016-11-01,Oats,2016,4,3161.9907499999995,0.0,1.1179999999999999,10.433333333333334,0.0,,120.19274999999998,188.839,2843.643666666666,,,,False,CMFT_Engine,Balanced,0.0
2016-12-01,2016-12-01,Oats,2016,5,2843.643666666666,0.0,1.299,10.433333333333334,0.0,,120.19274999999998,164.76999999999998,2549.5465833333324,,,,False,CMFT_Engine,Balanced,0.0
2017-01-01,2017-01-01,Oats,2016,6,2549.5465833333324,0.0,1.1440000000000001,10.433333333333334,0.0,,120.19274999999998,183.64200000000002,2236.4224999999988,,,,False,CMFT_Engine,Balanced,0.0
2017-02-01,2017-02-01,Oats,2016,7,2236.4224999999988,0.0,1.6030000000000002,10.433333333333334,0.0,,120.19274999999998,145.381,1962.0184166666656,,,,False,CMFT_Engine,Balanced,-4.547473508864641e-13
2017-03-01,2017-03-01,Oats,2016,8,1962.0184166666656,0.0,4.297,10.433333333333334,0.0,,120.19274999999998,177.85000000000002,1657.8393333333324,,,,False,CMFT_Engine,Balanced,0.0
2017-04-01,2017-04-01,Oats,2016,9,1657.8393333333324,0.0,2.3040000000000003,10.433333333333334,0.0,,120.19274999999998,122.48100000000001,1407.0362499999992,,,,False,CMFT_Engine,Balanced,0.0
2017-05-01,2017-05-01,Oats,2016,10,1407.0362499999992,0.0,2.438,10.433333333333334,0.0,,120.19274999999998,91.111,1187.737166666666,,,,False,CMFT_Engine,Balanced,-2.2737367544323206e-13
2017-06-01,2017-06-01,Oats,2016,11,1187.737166666666,0.0,3.4320000000000004,10.433333333333334,0.0,,120.19274999999998,108.073,952.4700833333329,,,,False,CMFT_Engine,Balanced,-1.1368683772161603e-13
2017-07-01,2017-07-01,Oats,2016,12,952.4700833333329,0.0,2.892,10.433333333333334,0.0,,120.19274999999998,121.236,703.5,,,,True,CMFT_Engine,Balanced,-2.2737367544323206e-13
2017-08-01,2017-08-01,Oats,2017,1,703.5,3733.0,3.345,9.35,0.0,,125.42958333333335,131.622,4173.443416666667,3.2003,2.5992,93.12651562019084,False,CMFT_Engine,Balanced,-9.094947017729282e-13
2017-09-01,2017-09-01,Oats,2017,2,4173.443416666667,0.0,4.267,9.35,0.0,,125.42958333333335,234.365,3808.565833333333,,,,False,CMFT_Engine,Balanced,0.0
2017-10-01,2017-10-01,Oats,2017,3,3808.565833333333,0.0,2.607,9.35,0.0,,125.42958333333335,222.34799999999998,3454.0452499999997,,,,False,CMFT_Engine,Balanced,0.0
2017-11-01,2017-11-01,Oats,2017,4,3454.0452499999997,0.0,2.031,9.35,0.0,,125.42958333333335,173.68900000000002,3147.607666666666,,,,False,CMFT_Engine,Balanced,4.547473508864641e-13
2017-12-01,2017-12-01,Oats,2017,5,3147.607666666666,0.0,1.429,9.35,0.0,,125.42958333333335,151.659,2862.5980833333324,,,,False,CMFT_Engine,Balanced,0.0
2018-01-01,2018-01-01,Oats,2017,6,2862.5980833333324,0.0,2.37,9.35,0.0,,125.42958333333335,201.934,2528.2544999999986,,,,False,CMFT_Engine,Balanced,0.0
2018-02-01,2018-02-01,Oats,2017,7,2528.2544999999986,0.0,1.5299999999999998,9.35,0.0,,125.42958333333335,137.096,2257.9089166666654,,,,False,CMFT_Engine,Balanced,0.0
2018-03-01,2018-03-01,Oats,2017,8,2257.9089166666654,0.0,1.9289999999999998,9.35,0.0,,125.42958333333335,179.595,1945.463333333332,,,,False,CMFT_Engine,Balanced,0.0
2018-04-01,2018-04-01,Oats,2017,9,1945.463333333332,0.0,1.7999999999999998,9.35,0.0,,125.42958333333335,177.016,1635.4677499999987,,,,False,CMFT_Engine,Balanced,0.0
2018-05-01,2018-05-01,Oats,2017,10,1635.4677499999987,0.0,1.195,9.35,0.0,,125.42958333333335,186.09900000000002,1315.7841666666652,,,,False,CMFT_Engine,Balanced,2.2737367544323206e-13
2018-06-01,2018-06-01,Oats,2017,11,1315.7841666666652,0.0,1.789,9.35,0.0,,125.42958333333335,150.032,1032.7615833333318,,,,False,CMFT_Engine,Balanced,2.2737367544323206e-13
2018-07-01,2018-07-01,Oats,2017,12,1032.7615833333318,0.0,0.815,9.35,0.0,,125.42958333333335,120.397,778.4,,,,True,CMFT_Engine,Balanced,-1.3642420526593924e-12
2018-08-01,2018-08-01,Oats,2018,1,778.4,3436.0,2.88,10.200000000000001,0.0,,123.73716666666662,214.022,3869.320833333333,3.0526,2.4832,89.72149838917527,False,CMFT_Engine,Balanced,0.0
2018-09-01,2018-09-01,Oats,2018,2,3869.320833333333,0.0,3.818,10.200000000000001,0.0,,123.73716666666662,240.369,3498.8326666666667,,,,False,CMFT_Engine,Balanced,0.0
2018-10-01,2018-10-01,Oats,2018,3,3498.8326666666667,0.0,1.085,10.200000000000001,0.0,,123.73716666666662,255.992,3109.9885,,,,False,CMFT_Engine,Balanced,0.0
2018-11-01,2018-11-01,Oats,2018,4,3109.9885,0.0,1.443,10.200000000000001,0.0,,123.73716666666662,173.972,2803.5223333333333,,,,False,CMFT_Engine,Balanced,0.0
2018-12-01,2018-12-01,Oats,2018,5,2803.5223333333333,0.0,0.733,10.200000000000001,0.0,,123.73716666666662,181.29,2489.028166666667,,,,False,CMFT_Engine,Balanced,0.0
2019-01-01,2019-01-01,Oats,2018,6,2489.028166666667,0.0,1.387,10.200000000000001,0.0,,123.73716666666662,153.233,2203.2450000000003,,,,False,CMFT_Engine,Balanced,0.0
2019-02-01,2019-02-01,Oats,2018,7,2203.2450000000003,0.0,1.92,10.200000000000001,0.0,,123.73716666666662,132.166,1939.0618333333339,,,,False,CMFT_Engine,Balanced,0.0
2019-03-01,2019-03-01,Oats,2018,8,1939.0618333333339,0.0,1.42,10.200000000000001,0.0,,123.73716666666662,204.904,1601.6406666666674,,,,False,CMFT_Engine,Balanced,0.0
2019-04-01,2019-04-01,Oats,2018,9,1601.6406666666674,0.0,1.033,10.200000000000001,0.0,,123.73716666666662,211.18099999999998,1257.5555000000006,,,,False,CMFT_Engine,Balanced,0.0
2019-05-01,2019-05-01,Oats,2018,10,1257.5555000000006,0.0,1.282,10.200000000000001,0.0,,123.73716666666662,143.97,980.9303333333338,,,,False,CMFT_Engine,Balanced,1.1368683772161603e-13
2019-06-01,2019-06-01,Oats,2018,11,980.9303333333338,0.0,1.989,10.200000000000001,0.0,,123.73716666666662,203.445,645.5371666666672,,,,False,CMFT_Engine,Balanced,0.0
2019-07-01,2019-07-01,Oats,2018,12,645.5371666666672,0.0,1.6269999999999998,10.200000000000001,0.0,,123.73716666666662,116.32700000000001,396.9,,,,True,CMFT_Engine,Balanced,4.547473508864641e-13
2019-08-01,2019-08-01,Oats,2019,1,396.9,4227.3,2.238,11.950000000000001,0.0,,144.95383333333336,125.058,4344.476166666667,3.5958,2.8838,95.05019111588877,False,CMFT_Engine,Balanced,0.0
2019-09-01,2019-09-01,Oats,2019,2,4344.476166666667,0.0,3.0559999999999996,11.950000000000001,0.0,,144.95383333333336,249.576,3941.0523333333335,,,,False,CMFT_Engine,Balanced,4.547473508864641e-13
2019-10-01,2019-10-01,Oats,2019,3,3941.0523333333335,0.0,3.055,11.950000000000001,0.0,,144.95383333333336,294.242,3492.9615,,,,False,CMFT_Engine,Balanced,0.0
2019-11-01,2019-11-01,Oats,2019,4,3492.9615,0.0,1.3159999999999998,11.950000000000001,0.0,,144.95383333333336,188.20999999999998,3149.1636666666664,,,,False,CMFT_Engine,Balanced,0.0
2019-12-01,2019-12-01,Oats,2019,5,3149.1636666666664,0.0,1.0659999999999998,11.950000000000001,0.0,,144.95383333333336,235.82399999999998,2757.501833333333,,,,False,CMFT_Engine,Balanced,0.0
2020-01-01,2020-01-01,Oats,2019,6,2757.501833333333,0.0,1.8880000000000001,11.950000000000001,0.0,,144.95383333333336,204.149,2398.336999999999,,,,False,CMFT_Engine,Balanced,4.547473508864641e-13
2020-02-01,2020-02-01,Oats,2019,7,2398.336999999999,0.0,1.5359999999999998,11.950000000000001,0.0,,144.95383333333336,152.049,2090.920166666666,,,,False,CMFT_Engine,Balanced,0.0
2020-03-01,2020-03-01,Oats,2019,8,2090.920166666666,0.0,1.524,11.950000000000001,0.0,,144.95383333333336,192.416,1743.1243333333323,,,,False,CMFT_Engine,Balanced,2.2737367544323206e-13
2020-04-01,2020-04-01,Oats,2019,9,1743.1243333333323,0.0,1.788,11.950000000000001,0.0,,144.95383333333336,270.069,1317.939499999999,,,,False,CMFT_Engine,Balanced,0.0
2020-05-01,2020-05-01,Oats,2019,10,1317.939499999999,0.0,1.813,11.950000000000001,0.0,,144.95383333333336,150.971,1011.8776666666657,,,,False,CMFT_Engine,Balanced,1.1368683772161603e-13
2020-06-01,2020-06-01,Oats,2019,11,1011.8776666666657,0.0,2.681,11.950000000000001,0.0,,144.95383333333336,146.403,711.2518333333325,,,,False,CMFT_Engine,Balanced,-1.1368683772161603e-13
2020-07-01,2020-07-01,Oats,2019,12,711.2518333333325,0.0,3.501,11.950000000000001,0.0,,144.95383333333336,132.249,425.6,,,,True,CMFT_Engine,Balanced,-1.0231815394945443e-12
2020-08-01,2020-08-01,Oats,2020,1,425.6,4575.8,3.6950000000000003,8.674999999999999,0.0,,135.04408333333333,232.938,4628.437916666667,3.8391,3.2481,91.34666680213049,False,CMFT_Engine,Balanced,0.0
2020-09-01,2020-09-01,Oats,2020,2,4628.437916666667,0.0,3.67,8.674999999999999,0.0,,135.04408333333333,261.289,4227.099833333334,,,,False,CMFT_Engine,Balanced,0.0
2020-10-01,2020-10-01,Oats,2020,3,4227.099833333334,0.0,1.741,8.674999999999999,0.0,,135.04408333333333,352.524,3732.5977500000004,,,,False,CMFT_Engine,Balanced,0.0
2020-11-01,2020-11-01,Oats,2020,4,3732.5977500000004,0.0,1.7790000000000001,8.674999999999999,0.0,,135.04408333333333,279.34,3311.3176666666673,,,,False,CMFT_Engine,Balanced,-4.547473508864641e-13
2020-12-01,2020-12-01,Oats,2020,5,3311.3176666666673,0.0,0.973,8.674999999999999,0.0,,135.04408333333333,237.92999999999998,2930.641583333334,,,,False,CMFT_Engine,Balanced,0.0
2021-01-01,2021-01-01,Oats,2020,6,2930.641583333334,0.0,3.034,8.674999999999999,0.0,,135.04408333333333,188.60299999999998,2601.353500000001,,,,False,CMFT_Engine,Balanced,-4.547473508864641e-13
2021-02-01,2021-02-01,Oats,2020,7,2601.353500000001,0.0,3.3810000000000002,8.674999999999999,0.0,,135.04408333333333,203.504,2257.5114166666676,,,,False,CMFT_Engine,Balanced,0.0
2021-03-01,2021-03-01,Oats,2020,8,2257.5114166666676,0.0,2.826,8.674999999999999,0.0,,135.04408333333333,173.142,1943.4763333333344,,,,False,CMFT_Engine,Balanced,-2.2737367544323206e-13
2021-04-01,2021-04-01,Oats,2020,9,1943.4763333333344,0.0,1.7850000000000001,8.674999999999999,0.0,,135.04408333333333,193.70600000000002,1607.8362500000012,,,,False,CMFT_Engine,Balanced,0.0
2021-05-01,2021-05-01,Oats,2020,10,1607.8362500000012,0.0,1.185,8.674999999999999,0.0,,135.04408333333333,162.69400000000002,1302.6081666666678,,,,False,CMFT_Engine,Balanced,0.0
2021-06-01,2021-06-01,Oats,2020,11,1302.6081666666678,0.0,3.0540000000000003,8.674999999999999,0.0,,135.04408333333333,188.643,973.3000833333346,,,,False,CMFT_Engine,Balanced,-1.1368683772161603e-13
2021-07-01,2021-07-01,Oats,2020,12,973.3000833333346,0.0,2.536,8.674999999999999,0.0,,135.04408333333333,175.617,656.5,,,,True,CMFT_Engine,Balanced,1.2505552149377763e-12
2021-08-01,2021-08-01,Oats,2021,1,656.5,2898.6,4.605,8.133333333333333,0.0,,95.22241666666669,232.043,3224.30625,3.711811,2.999311,62.664539115816936,False,CMFT_Engine,Balanced,0.0
2021-09-01,2021-09-01,Oats,2021,2,3224.30625,0.0,4.769,8.133333333333333,0.0,,95.22241666666669,225.724,2899.9955,,,,False,CMFT_Engine,Balanced,0.0
2021-10-01,2021-10-01,Oats,2021,3,2899.9955,0.0,2.241,8.133333333333333,0.0,,95.22241666666669,232.58899999999997,2566.2917500000003,,,,False,CMFT_Engine,Balanced,0.0
2021-11-01,2021-11-01,Oats,2021,4,2566.2917500000003,0.0,1.8250000000000002,8.133333333333333,0.0,,95.22241666666669,185.76999999999998,2278.9910000000004,,,,False,CMFT_Engine,Balanced,0.0
2021-12-01,2021-12-01,Oats,2021,5,2278.9910000000004,0.0,2.394,8.133333333333333,0.0,,95.22241666666669,156.001,2022.02825,,,,False,CMFT_Engine,Balanced,4.547473508864641e-13
2022-01-01,2022-01-01,Oats,2021,6,2022.02825,0.0,2.0940000000000003,8.133333333333333,0.0,,95.22241666666669,151.229,1769.5375000000001,,,,False,CMFT_Engine,Balanced,-2.2737367544323206e-13
2022-02-01,2022-02-01,Oats,2021,7,1769.5375000000001,0.0,3.398,8.133333333333333,0.0,,95.22241666666669,137.11,1532.46975,,,,False,CMFT_Engine,Balanced,-2.2737367544323206e-13
2022-03-01,2022-03-01,Oats,2021,8,1532.46975,0.0,2.604,8.133333333333333,0.0,,95.22241666666669,163.754,1267.964,,,,False,CMFT_Engine,Balanced,0.0
2022-04-01,2022-04-01,Oats,2021,9,1267.964,0.0,2.125,8.133333333333333,0.0,,95.22241666666669,144.222,1022.5112499999998,,,,False,CMFT_Engine,Balanced,0.0
2022-05-01,2022-05-01,Oats,2021,10,1022.5112499999998,0.0,1.989,8.133333333333333,0.0,,95.22241666666669,143.54199999999997,777.6024999999997,,,,False,CMFT_Engine,Balanced,0.0
2022-06-01,2022-06-01,Oats,2021,11,777.6024999999997,0.0,3.985,8.133333333333333,0.0,,95.22241666666669,134.644,543.5877499999997,,,,False,CMFT_Engine,Balanced,0.0
2022-07-01,2022-07-01,Oats,2021,12,543.5877499999997,0.0,8.118,8.133333333333333,0.0,,95.22241666666669,115.75,332.6,,,,True,CMFT_Engine,Balanced,-2.8421709430404007e-13
2022-08-01,2022-08-01,Oats,2022,1,332.6,5226.5,7.2589999999999995,7.5249999999999995,0.0,,135.15283333333335,131.887,5291.794166666667,3.9367,3.4645,97.81950287198731,False,CMFT_Engine,Balanced,9.094947017729282e-13
2022-09-01,2022-09-01,Oats,2022,2,5291.794166666667,0.0,6.8660000000000005,7.5249999999999995,0.0,,135.15283333333335,222.633,4933.349333333333,,,,False,CMFT_Engine,Balanced,9.094947017729282e-13
2022-10-01,2022-10-01,Oats,2022,3,4933.349333333333,0.0,2.545,7.5249999999999995,0.0,,135.15283333333335,247.614,4545.602499999999,,,,False,CMFT_Engine,Balanced,9.094947017729282e-13
2022-11-01,2022-11-01,Oats,2022,4,4545.602499999999,0.0,3.2089999999999996,7.5249999999999995,0.0,,135.15283333333335,200.077,4206.0566666666655,,,,False,CMFT_Engine,Balanced,0.0
2022-12-01,2022-12-01,Oats,2022,5,4206.0566666666655,0.0,1.226,7.5249999999999995,0.0,,135.15283333333335,162.209,3902.3958333333317,,,,False,CMFT_Engine,Balanced,4.547473508864641e-13
2023-01-01,2023-01-01,Oats,2022,6,3902.3958333333317,0.0,3.3160000000000003,7.5249999999999995,0.0,,135.15283333333335,229.939,3533.094999999998,,,,False,CMFT_Engine,Balanced,0.0
2023-02-01,2023-02-01,Oats,2022,7,3533.094999999998,0.0,2.856,7.5249999999999995,0.0,,135.15283333333335,157.56,3235.7131666666646,,,,False,CMFT_Engine,Balanced,0.0
2023-03-01,2023-03-01,Oats,2022,8,3235.7131666666646,0.0,1.7389999999999999,7.5249999999999995,0.0,,135.15283333333335,221.71300000000002,2873.0613333333313,,,,False,CMFT_Engine,Balanced,-4.547473508864641e-13
2023-04-01,2023-04-01,Oats,2022,9,2873.0613333333313,0.0,1.341,7.5249999999999995,0.0,,135.15283333333335,186.115,2545.6094999999978,,,,False,CMFT_Engine,Balanced,0.0
2023-05-01,2023-05-01,Oats,2022,10,2545.6094999999978,0.0,2.026,7.5249999999999995,0.0,,135.15283333333335,214.76,2190.197666666664,,,,False,CMFT_Engine,Balanced,0.0
2023-06-01,2023-06-01,Oats,2022,11,2190.197666666664,0.0,8.915000000000001,7.5249999999999995,0.0,,135.15283333333335,223.721,1832.7138333333307,,,,False,CMFT_Engine,Balanced,-2.2737367544323206e-13
2023-07-01,2023-07-01,Oats,2022,12,1832.7138333333307,0.0,6.2940000000000005,7.5249999999999995,0.0,,135.15283333333335,193.33,1503.0,,,,True,CMFT_Engine,Balanced,-2.5011104298755527e-12
2023-08-01,2023-08-01,Oats,2023,1,1503.0,2643.1,5.636000000000001,6.566666666666666,0.0,,114.01675000000004,261.096,3770.056583333334,2.5351,2.0404,83.99498215055871,False,CMFT_Engine,Balanced,0.0
2023-09-01,2023-09-01,Oats,2023,2,3770.056583333334,0.0,9.997000000000002,6.566666666666666,0.0,,114.01675000000004,211.129,3448.341166666667,,,,False,CMFT_Engine,Balanced,0.0
2023-10-01,2023-10-01,Oats,2023,3,3448.341166666667,0.0,1.9589999999999999,6.566666666666666,0.0,,114.01675000000004,189.11499999999998,3140.60175,,,,False,CMFT_Engine,Balanced,4.547473508864641e-13
2023-11-01,2023-11-01,Oats,2023,4,3140.60175,0.0,1.606,6.566666666666666,0.0,,114.01675000000004,142.557,2879.067333333333,,,,False,CMFT_Engine,Balanced,4.547473508864641e-13
2023-12-01,2023-12-01,Oats,2023,5,2879.067333333333,0.0,1.361,6.566666666666666,0.0,,114.01675000000004,120.523,2639.321916666666,,,,False,CMFT_Engine,Balanced,0.0
2024-01-01,2024-01-01,Oats,2023,6,2639.321916666666,0.0,1.826,6.566666666666666,0.0,,114.01675000000004,187.754,2332.810499999999,,,,False,CMFT_Engine,Balanced,0.0
2024-02-01,2024-02-01,Oats,2023,7,2332.810499999999,0.0,3.486,6.566666666666666,0.0,,114.01675000000004,139.72,2075.993083333332,,,,False,CMFT_Engine,Balanced,4.547473508864641e-13
2024-03-01,2024-03-01,Oats,2023,8,2075.993083333332,0.0,2.447,6.566666666666666,0.0,,114.01675000000004,188.22899999999998,1769.6276666666654,,,,False,CMFT_Engine,Balanced,0.0
2024-04-01,2024-04-01,Oats,2023,9,1769.6276666666654,0.0,2.234,6.566666666666666,0.0,,114.01675000000004,228.009,1423.2692499999987,,,,False,CMFT_Engine,Balanced,0.0
2024-05-01,2024-05-01,Oats,2023,10,1423.2692499999987,0.0,2.258,6.566666666666666,0.0,,114.01675000000004,113.41,1191.533833333332,,,,False,CMFT_Engine,Balanced,0.0
2024-06-01,2024-06-01,Oats,2023,11,1191.533833333332,0.0,2.799,6.566666666666666,0.0,,114.01675000000004,113.972,959.7774166666654,,,,False,CMFT_Engine,Balanced,0.0
2024-07-01,2024-07-01,Oats,2023,12,959.7774166666654,0.0,1.951,6.566666666666666,0.0,,114.01675000000004,170.745,670.4,,,,True,CMFT_Engine,Balanced,-1.2505552149377763e-12
2024-08-01,2024-08-01,Oats,2024,1,670.4,3357.6,7.059000000000001,6.266666666666667,0.0,,106.27674999999994,158.57399999999998,3763.9415833333337,2.8999,2.4543,88.7066893533798,False,CMFT_Engine,Balanced,-4.547473508864641e-13
2024-09-01,2024-09-01,Oats,2024,2,3763.9415833333337,0.0,4.351999999999999,6.266666666666667,0.0,,106.27674999999994,246.279,3409.4711666666667,,,,False,CMFT_Engine,Balanced,0.0
2024-10-01,2024-10-01,Oats,2024,3,3409.4711666666667,0.0,2.78,6.266666666666667,0.0,,106.27674999999994,174.673,3125.0347500000003,,,,False,CMFT_Engine,Balanced,-4.547473508864641e-13
2024-11-01,2024-11-01,Oats,2024,4,3125.0347500000003,0.0,2.22,6.266666666666667,0.0,,106.27674999999994,177.458,2837.2533333333336,,,,False,CMFT_Engine,Balanced,-4.547473508864641e-13
2024-12-01,2024-12-01,Oats,2024,5,2837.2533333333336,0.0,1.875,6.266666666666667,0.0,,106.27674999999994,205.496,2521.088916666667,,,,False,CMFT_Engine,Balanced,-4.547473508864641e-13
2025-01-01,2025-01-01,Oats,2024,6,2521.088916666667,0.0,9.758000000000001,6.266666666666667,0.0,,106.27674999999994,219.691,2198.6125,,,,False,CMFT_Engine,Balanced,0.0
2025-02-01,2025-02-01,Oats,2024,7,2198.6125,0.0,7.130000000000001,6.266666666666667,0.0,,106.27674999999994,141.047,1952.1520833333334,,,,False,CMFT_Engine,Balanced,0.0
2025-03-01,2025-03-01,Oats,2024,8,1952.1520833333334,0.0,2.933,6.266666666666667,0.0,,106.27674999999994,227.518,1615.0236666666667,,,,False,CMFT_Engine,Balanced,0.0
2025-04-01,2025-04-01,Oats,2024,9,1615.0236666666667,0.0,1.593,6.266666666666667,0.0,,106.27674999999994,162.218,1341.85525,,,,False,CMFT_Engine,Balanced,0.0
2025-05-01,2025-05-01,Oats,2024,10,1341.85525,0.0,1.581,6.266666666666667,0.0,,106.27674999999994,177.85500000000002,1053.0378333333333,,,,False,CMFT_Engine,Balanced,0.0
2025-06-01,2025-06-01,Oats,2024,11,1053.0378333333333,0.0,1.783,6.266666666666667,0.0,,106.27674999999994,165.91899999999998,776.3584166666667,,,,False,CMFT_Engine,Balanced,-1.1368683772161603e-13
2025-07-01,2025-07-01,Oats,2024,12,776.3584166666667,0.0,2.444,6.266666666666667,0.0,,106.27674999999994,159.559,506.7,,,,True,CMFT_Engine,Balanced,5.684341886080802e-14
2025-08-01,2025-08-01,Oats,2025,1,506.7,3919.8,3.231,6.916666666666667,0.0,,147.06441666666663,129.439,4146.310916666666,2.9961,2.591,98.09605852566578,False,CMFT_Engine,Balanced,-9.094947017729282e-13
2025-09-01,2025-09-01,Oats,2025,2,4146.310916666666,0.0,4.5169999999999995,6.916666666666667,0.0,,147.06441666666663,215.23999999999998,3781.606833333333,,,,False,CMFT_Engine,Balanced,0.0
2025-10-01,2025-10-01,Oats,2025,3,3781.606833333333,0.0,2.319,6.916666666666667,0.0,,147.06441666666663,159.18099999999998,3470.7637499999996,,,,False,CMFT_Engine,Balanced,0.0
2025-11-01,2025-11-01,Oats,2025,4,3470.7637499999996,0.0,3.492,6.916666666666667,0.0,,147.06441666666663,199.03199999999998,3121.2426666666665,,,,False,CMFT_Engine,Balanced,0.0
2025-12-01,2025-12-01,Oats,2025,5,3121.2426666666665,0.0,2.673,6.916666666666667,0.0,,147.06441666666663,153.312,2816.622583333333,,,,False,CMFT_Engine,Balanced,4.547473508864641e-13
2026-01-01,2026-01-01,Oats,2025,6,2816.622583333333,0.0,2.182,6.916666666666667,0.0,,147.06441666666663,149.105,2515.7184999999995,,,,False,CMFT_Engine,Balanced,0.0
2026-02-01,2026-02-01,Oats,2025,7,2515.7184999999995,0.0,3.229,6.916666666666667,0.0,,147.06441666666663,158.91500000000002,2206.0514166666662,,,,False,CMFT_Engine,Balanced,0.0
2026-03-01,2026-03-01,Oats,2025,8,2206.0514166666662,0.0,2.134,6.916666666666667,0.0,,147.06441666666663,168.244,1885.960333333333,,,,False,CMFT_Engine,Balanced,2.2737367544323206e-13
2026-04-01,2026-04-01,Oats,2025,9,1885.960333333333,0.0,2.19,6.916666666666667,0.0,,147.06441666666663,247.683,1486.4862499999997,,,,False,CMFT_Engine,Balanced,0.0
2026-05-01,2026-05-01,Oats,2025,10,1486.4862499999997,0.0,1.614,6.916666666666667,0.0,,147.06441666666663,150.589,1183.5301666666664,,,,False,CMFT_Engine,Balanced,0.0
2026-06-01,2026-06-01,Oats,2025,11,1183.5301666666664,0.0,2.343,6.916666666666667,0.0,,147.06441666666663,152.97,878.9220833333334,,,,False,CMFT_Engine,Balanced,-2.2737367544323206e-13
2026-07-01,2026-07-01,Oats,2025,12,878.9220833333334,0.0,3.3729999999999998,6.916666666666667,0.0,,147.06441666666663,150.914,577.4,,,,True,CMFT_Engine,Balanced,2.2737367544323206e-13
1996-09-01,1996-09-01,Soybeans,1996,1,164.0,2169.5,,40.40833333333333,,120.96666666666665,26.416666666666647,,2145.7083333333335,2.1645,2.1304,37.41807038584303,False,CMFT_Engine,Balanced,0.0
1996-10-01,1996-10-01,Soybeans,1996,2,2145.7083333333335,0.0,,40.40833333333333,,120.96666666666665,26.416666666666647,,1957.9166666666667,,,,False,CMFT_Engine,Balanced,0.0
1996-11-01,1996-11-01,Soybeans,1996,3,1957.9166666666667,0.0,,40.40833333333333,,120.96666666666665,26.416666666666647,,1770.125,,,,False,CMFT_Engine,Balanced,0.0
1996-12-01,1996-12-01,Soybeans,1996,4,1770.125,0.0,,40.40833333333333,,120.96666666666665,26.416666666666647,,1582.3333333333333,,,,False,CMFT_Engine,Balanced,0.0
1997-01-01,1997-01-01,Soybeans,1996,5,1582.3333333333333,0.0,,40.40833333333333,,120.96666666666665,26.416666666666647,,1394.5416666666665,,,,False,CMFT_Engine,Balanced,0.0
1997-02-01,1997-02-01,Soybeans,1996,6,1394.5416666666665,0.0,,40.40833333333333,,120.96666666666665,26.416666666666647,,1206.7499999999998,,,,False,CMFT_Engine,Balanced,0.0
1997-03-01,1997-03-01,Soybeans,1996,7,1206.7499999999998,0.0,,40.40833333333333,,120.96666666666665,26.416666666666647,,1018.9583333333331,,,,False,CMFT_Engine,Balanced,0.0
1997-04-01,1997-04-01,Soybeans,1996,8,1018.9583333333331,0.0,,40.40833333333333,,120.96666666666665,26.416666666666647,,831.1666666666665,,,,False,CMFT_Engine,Balanced,0.0
1997-05-01,1997-05-01,Soybeans,1996,9,831.1666666666665,0.0,,40.40833333333333,,120.96666666666665,26.416666666666647,,643.3749999999999,,,,False,CMFT_Engine,Balanced,0.0
1997-06-01,1997-06-01,Soybeans,1996,10,643.3749999999999,0.0,,40.40833333333333,,120.96666666666665,26.416666666666647,,455.58333333333326,,,,False,CMFT_Engine,Balanced,5.684341886080802e-14
1997-07-01,1997-07-01,Soybeans,1996,11,455.58333333333326,0.0,,40.40833333333333,,120.96666666666665,26.416666666666647,,267.79166666666663,,,,False,CMFT_Engine,Balanced,5.684341886080802e-14
1997-08-01,1997-08-01,Soybeans,1996,12,267.79166666666663,0.0,,40.40833333333333,,120.96666666666665,26.416666666666647,,80.0,,,,True,CMFT_Engine,Balanced,0.0
1997-09-01,1997-09-01,Soybeans,1997,1,80.0,2737.7,,32.56666666666667,,129.43333333333334,57.141666666666595,,2598.5583333333334,2.6235,2.6185,38.416355734198966,False,CMFT_Engine,Balanced,0.0
1997-10-01,1997-10-01,Soybeans,1997,2,2598.5583333333334,0.0,,32.56666666666667,,129.43333333333334,57.141666666666595,,2379.416666666667,,,,False,CMFT_Engine,Balanced,0.0
1997-11-01,1997-11-01,Soybeans,1997,3,2379.416666666667,0.0,,32.56666666666667,,129.43333333333334,57.141666666666595,,2160.2750000000005,,,,False,CMFT_Engine,Balanced,0.0
1997-12-01,1997-12-01,Soybeans,1997,4,2160.2750000000005,0.0,,32.56666666666667,,129.43333333333334,57.141666666666595,,1941.133333333334,,,,False,CMFT_Engine,Balanced,0.0
1998-01-01,1998-01-01,Soybeans,1997,5,1941.133333333334,0.0,,32.56666666666667,,129.43333333333334,57.141666666666595,,1721.9916666666672,,,,False,CMFT_Engine,Balanced,0.0
1998-02-01,1998-02-01,Soybeans,1997,6,1721.9916666666672,0.0,,32.56666666666667,,129.43333333333334,57.141666666666595,,1502.8500000000006,,,,False,CMFT_Engine,Balanced,0.0
1998-03-01,1998-03-01,Soybeans,1997,7,1502.8500000000006,0.0,,32.56666666666667,,129.43333333333334,57.141666666666595,,1283.708333333334,,,,False,CMFT_Engine,Balanced,0.0
1998-04-01,1998-04-01,Soybeans,1997,8,1283.708333333334,0.0,,32.56666666666667,,129.43333333333334,57.141666666666595,,1064.5666666666673,,,,False,CMFT_Engine,Balanced,0.0
1998-05-01,1998-05-01,Soybeans,1997,9,1064.5666666666673,0.0,,32.56666666666667,,129.43333333333334,57.141666666666595,,845.4250000000006,,,,False,CMFT_Engine,Balanced,0.0
1998-06-01,1998-06-01,Soybeans,1997,10,845.4250000000006,0.0,,32.56666666666667,,129.43333333333334,57.141666666666595,,626.283333333334,,,,False,CMFT_Engine,Balanced,0.0
1998-07-01,1998-07-01,Soybeans,1997,11,626.283333333334,0.0,,32.56666666666667,,129.43333333333334,57.141666666666595,,407.1416666666674,,,,False,CMFT_Engine,Balanced,-5.684341886080802e-14
1998-08-01,1998-08-01,Soybeans,1997,12,407.1416666666674,0.0,,32.56666666666667,,129.43333333333334,57.141666666666595,,188.0,,,,True,CMFT_Engine,Balanced,7.958078640513122e-13
1998-09-01,1998-09-01,Soybeans,1998,1,188.0,2736.6,,36.925000000000004,,131.45833333333334,57.441666666666684,,2698.775,2.4233,2.4221,41.51472252177862,False,CMFT_Engine,Balanced,-4.547473508864641e-13
1998-10-01,1998-10-01,Soybeans,1998,2,2698.775,0.0,,36.925000000000004,,131.45833333333334,57.441666666666684,,2472.9500000000003,,,,False,CMFT_Engine,Balanced,-4.547473508864641e-13
1998-11-01,1998-11-01,Soybeans,1998,3,2472.9500000000003,0.0,,36.925000000000004,,131.45833333333334,57.441666666666684,,2247.1250000000005,,,,False,CMFT_Engine,Balanced,-4.547473508864641e-13
1998-12-01,1998-12-01,Soybeans,1998,4,2247.1250000000005,0.0,,36.925000000000004,,131.45833333333334,57.441666666666684,,2021.3000000000006,,,,False,CMFT_Engine,Balanced,-4.547473508864641e-13
1999-01-01,1999-01-01,Soybeans,1998,5,2021.3000000000006,0.0,,36.925000000000004,,131.45833333333334,57.441666666666684,,1795.4750000000006,,,,False,CMFT_Engine,Balanced,2.2737367544323206e-13
1999-02-01,1999-02-01,Soybeans,1998,6,1795.4750000000006,0.0,,36.925000000000004,,131.45833333333334,57.441666666666684,,1569.6500000000005,,,,False,CMFT_Engine,Balanced,2.2737367544323206e-13
1999-03-01,1999-03-01,Soybeans,1998,7,1569.6500000000005,0.0,,36.925000000000004,,131.45833333333334,57.441666666666684,,1343.8250000000005,,,,False,CMFT_Engine,Balanced,2.2737367544323206e-13
1999-04-01,1999-04-01,Soybeans,1998,8,1343.8250000000005,0.0,,36.925000000000004,,131.45833333333334,57.441666666666684,,1118.0000000000005,,,,False,CMFT_Engine,Balanced,2.2737367544323206e-13
1999-05-01,1999-05-01,Soybeans,1998,9,1118.0000000000005,0.0,,36.925000000000004,,131.45833333333334,57.441666666666684,,892.1750000000004,,,,False,CMFT_Engine,Balanced,0.0
1999-06-01,1999-06-01,Soybeans,1998,10,892.1750000000004,0.0,,36.925000000000004,,131.45833333333334,57.441666666666684,,666.3500000000004,,,,False,CMFT_Engine,Balanced,0.0
1999-07-01,1999-07-01,Soybeans,1998,11,666.3500000000004,0.0,,36.925000000000004,,131.45833333333334,57.441666666666684,,440.5250000000004,,,,False,CMFT_Engine,Balanced,0.0
1999-08-01,1999-08-01,Soybeans,1998,12,440.5250000000004,0.0,,36.925000000000004,,131.45833333333334,57.441666666666684,,214.7,,,,True,CMFT_Engine,Balanced,3.126388037344441e-13
1999-09-01,1999-09-01,Soybeans,1999,1,214.7,2780.9,,38.94166666666667,,142.525,47.16666666666659,,2766.9666666666667,2.4809,2.4809,41.18688997138135,False,CMFT_Engine,Balanced,0.0
1999-10-01,1999-10-01,Soybeans,1999,2,2766.9666666666667,0.0,,38.94166666666667,,142.525,47.16666666666659,,2538.3333333333335,,,,False,CMFT_Engine,Balanced,0.0
1999-11-01,1999-11-01,Soybeans,1999,3,2538.3333333333335,0.0,,38.94166666666667,,142.525,47.16666666666659,,2309.7000000000003,,,,False,CMFT_Engine,Balanced,0.0
1999-12-01,1999-12-01,Soybeans,1999,4,2309.7000000000003,0.0,,38.94166666666667,,142.525,47.16666666666659,,2081.066666666667,,,,False,CMFT_Engine,Balanced,0.0
2000-01-01,2000-01-01,Soybeans,1999,5,2081.066666666667,0.0,,38.94166666666667,,142.525,47.16666666666659,,1852.4333333333338,,,,False,CMFT_Engine,Balanced,0.0
2000-02-01,2000-02-01,Soybeans,1999,6,1852.4333333333338,0.0,,38.94166666666667,,142.525,47.16666666666659,,1623.8000000000006,,,,False,CMFT_Engine,Balanced,0.0
2000-03-01,2000-03-01,Soybeans,1999,7,1623.8000000000006,0.0,,38.94166666666667,,142.525,47.16666666666659,,1395.1666666666674,,,,False,CMFT_Engine,Balanced,0.0
2000-04-01,2000-04-01,Soybeans,1999,8,1395.1666666666674,0.0,,38.94166666666667,,142.525,47.16666666666659,,1166.5333333333342,,,,False,CMFT_Engine,Balanced,0.0
2000-05-01,2000-05-01,Soybeans,1999,9,1166.5333333333342,0.0,,38.94166666666667,,142.525,47.16666666666659,,937.9000000000009,,,,False,CMFT_Engine,Balanced,1.1368683772161603e-13
2000-06-01,2000-06-01,Soybeans,1999,10,937.9000000000009,0.0,,38.94166666666667,,142.525,47.16666666666659,,709.2666666666676,,,,False,CMFT_Engine,Balanced,0.0
2000-07-01,2000-07-01,Soybeans,1999,11,709.2666666666676,0.0,,38.94166666666667,,142.525,47.16666666666659,,480.6333333333343,,,,False,CMFT_Engine,Balanced,0.0
2000-08-01,2000-08-01,Soybeans,1999,12,480.6333333333343,0.0,,38.94166666666667,,142.525,47.16666666666659,,252.0,,,,True,CMFT_Engine,Balanced,1.0516032489249483e-12
2000-09-01,2000-09-01,Soybeans,2000,1,252.0,2703.0,,57.64166666666667,,137.49166666666667,35.69999999999993,,2724.166666666667,2.641,2.6209,37.89470071349536,False,CMFT_Engine,Balanced,-4.547473508864641e-13
2000-10-01,2000-10-01,Soybeans,2000,2,2724.166666666667,0.0,,57.64166666666667,,137.49166666666667,35.69999999999993,,2493.333333333334,,,,False,CMFT_Engine,Balanced,-4.547473508864641e-13
2000-11-01,2000-11-01,Soybeans,2000,3,2493.333333333334,0.0,,57.64166666666667,,137.49166666666667,35.69999999999993,,2262.500000000001,,,,False,CMFT_Engine,Balanced,-4.547473508864641e-13
2000-12-01,2000-12-01,Soybeans,2000,4,2262.500000000001,0.0,,57.64166666666667,,137.49166666666667,35.69999999999993,,2031.6666666666679,,,,False,CMFT_Engine,Balanced,-4.547473508864641e-13
2001-01-01,2001-01-01,Soybeans,2000,5,2031.6666666666679,0.0,,57.64166666666667,,137.49166666666667,35.69999999999993,,1800.8333333333344,,,,False,CMFT_Engine,Balanced,4.547473508864641e-13
2001-02-01,2001-02-01,Soybeans,2000,6,1800.8333333333344,0.0,,57.64166666666667,,137.49166666666667,35.69999999999993,,1570.000000000001,,,,False,CMFT_Engine,Balanced,4.547473508864641e-13
2001-03-01,2001-03-01,Soybeans,2000,7,1570.000000000001,0.0,,57.64166666666667,,137.49166666666667,35.69999999999993,,1339.1666666666674,,,,False,CMFT_Engine,Balanced,4.547473508864641e-13
2001-04-01,2001-04-01,Soybeans,2000,8,1339.1666666666674,0.0,,57.64166666666667,,137.49166666666667,35.69999999999993,,1108.333333333334,,,,False,CMFT_Engine,Balanced,4.547473508864641e-13
2001-05-01,2001-05-01,Soybeans,2000,9,1108.333333333334,0.0,,57.64166666666667,,137.49166666666667,35.69999999999993,,877.5000000000007,,,,False,CMFT_Engine,Balanced,0.0
2001-06-01,2001-06-01,Soybeans,2000,10,877.5000000000007,0.0,,57.64166666666667,,137.49166666666667,35.69999999999993,,646.6666666666674,,,,False,CMFT_Engine,Balanced,0.0
2001-07-01,2001-07-01,Soybeans,2000,11,646.6666666666674,0.0,,57.64166666666667,,137.49166666666667,35.69999999999993,,415.83333333333417,,,,False,CMFT_Engine,Balanced,0.0
2001-08-01,2001-08-01,Soybeans,2000,12,415.83333333333417,0.0,,57.64166666666667,,137.49166666666667,35.69999999999993,,185.0,,,,True,CMFT_Engine,Balanced,9.094947017729282e-13
2001-09-01,2001-09-01,Soybeans,2001,1,185.0,1635.2,0.0,29.325,,139.23333333333332,-7.531166666666711,0.0,1659.1728333333333,2.6727,2.6415,22.745901283361725,False,CMFT_Engine,Balanced,0.0
2001-10-01,2001-10-01,Soybeans,2001,2,1659.1728333333333,0.0,0.0,29.325,,139.23333333333332,-7.531166666666711,0.0,1498.1456666666666,,,,False,CMFT_Engine,Balanced,0.0
2001-11-01,2001-11-01,Soybeans,2001,3,1498.1456666666666,0.0,0.0,29.325,,139.23333333333332,-7.531166666666711,0.0,1337.1184999999998,,,,False,CMFT_Engine,Balanced,0.0
2001-12-01,2001-12-01,Soybeans,2001,4,1337.1184999999998,0.0,0.0,29.325,,139.23333333333332,-7.531166666666711,0.0,1176.091333333333,,,,False,CMFT_Engine,Balanced,0.0
2002-01-01,2002-01-01,Soybeans,2001,5,1176.091333333333,0.0,99.888,29.325,,139.23333333333332,-7.531166666666711,35.64,1079.3121666666664,,,,False,CMFT_Engine,Balanced,-2.2737367544323206e-13
2002-02-01,2002-02-01,Soybeans,2001,6,1079.3121666666664,0.0,73.71,29.325,,139.23333333333332,-7.531166666666711,44.38,947.6149999999999,,,,False,CMFT_Engine,Balanced,-1.1368683772161603e-13
2002-03-01,2002-03-01,Soybeans,2001,7,947.6149999999999,0.0,75.24000000000001,29.325,,139.23333333333332,-7.531166666666711,46.336,815.4918333333334,,,,False,CMFT_Engine,Balanced,-1.1368683772161603e-13
2002-04-01,2002-04-01,Soybeans,2001,8,815.4918333333334,0.0,115.606,29.325,,139.23333333333332,-7.531166666666711,23.486,746.5846666666669,,,,False,CMFT_Engine,Balanced,-1.1368683772161603e-13
2002-05-01,2002-05-01,Soybeans,2001,9,746.5846666666669,0.0,51.354,29.325,,139.23333333333332,-7.531166666666711,35.668,601.2435000000004,,,,False,CMFT_Engine,Balanced,-1.1368683772161603e-13
2002-06-01,2002-06-01,Soybeans,2001,10,601.2435000000004,0.0,36.660000000000004,29.325,,139.23333333333332,-7.531166666666711,32.684,444.19233333333375,,,,False,CMFT_Engine,Balanced,-1.1368683772161603e-13
2002-07-01,2002-07-01,Soybeans,2001,11,444.19233333333375,0.0,64.278,29.325,,139.23333333333332,-7.531166666666711,20.936,326.50716666666716,,,,False,CMFT_Engine,Balanced,5.684341886080802e-14
2002-08-01,2002-08-01,Soybeans,2001,12,326.50716666666716,0.0,18.814,29.325,,139.23333333333332,-7.531166666666711,12.494,171.8,,,,True,CMFT_Engine,Balanced,5.684341886080801e-13
2002-09-01,2002-09-01,Soybeans,2002,1,171.8,2335.7,20.608,34.9,,146.86666666666667,8.818499999999935,12.879999999999999,2324.642833333334,2.5461,2.5299,33.92318277006996,False,CMFT_Engine,Balanced,-4.547473508864641e-13
2002-10-01,2002-10-01,Soybeans,2002,2,2324.642833333334,0.0,66.47,34.9,,146.86666666666667,8.818499999999935,115.504,2085.023666666667,,,,False,CMFT_Engine,Balanced,0.0
2002-11-01,2002-11-01,Soybeans,2002,3,2085.023666666667,0.0,94.16600000000001,34.9,,146.86666666666667,8.818499999999935,142.814,1845.7905000000005,,,,False,CMFT_Engine,Balanced,-2.2737367544323206e-13
2002-12-01,2002-12-01,Soybeans,2002,4,1845.7905000000005,0.0,49.486,34.9,,146.86666666666667,8.818499999999935,153.724,1550.967333333334,,,,False,CMFT_Engine,Balanced,2.2737367544323206e-13
2003-01-01,2003-01-01,Soybeans,2002,5,1550.967333333334,0.0,48.474000000000004,34.9,,146.86666666666667,8.818499999999935,34.102,1374.7541666666673,,,,False,CMFT_Engine,Balanced,0.0
2003-02-01,2003-02-01,Soybeans,2002,6,1374.7541666666673,0.0,45.635999999999996,34.9,,146.86666666666667,8.818499999999935,40.488,1189.3170000000007,,,,False,CMFT_Engine,Balanced,0.0
2003-03-01,2003-03-01,Soybeans,2002,7,1189.3170000000007,0.0,65.03999999999999,34.9,,146.86666666666667,8.818499999999935,42.918,1020.8538333333339,,,,False,CMFT_Engine,Balanced,2.2737367544323206e-13
2003-04-01,2003-04-01,Soybeans,2002,8,1020.8538333333339,0.0,70.31400000000001,34.9,,146.86666666666667,8.818499999999935,44.398,856.1846666666672,,,,False,CMFT_Engine,Balanced,-1.1368683772161603e-13
2003-05-01,2003-05-01,Soybeans,2002,9,856.1846666666672,0.0,35.642,34.9,,146.86666666666667,8.818499999999935,47.833999999999996,653.4075000000006,,,,False,CMFT_Engine,Balanced,1.1368683772161603e-13
2003-06-01,2003-06-01,Soybeans,2002,10,653.4075000000006,0.0,53.802,34.9,,146.86666666666667,8.818499999999935,49.454,467.170333333334,,,,False,CMFT_Engine,Balanced,0.0
2003-07-01,2003-07-01,Soybeans,2002,11,467.170333333334,0.0,56.28,34.9,,146.86666666666667,8.818499999999935,23.022000000000002,309.8431666666674,,,,False,CMFT_Engine,Balanced,5.684341886080802e-14
2003-08-01,2003-08-01,Soybeans,2002,12,309.8431666666674,0.0,45.014,34.9,,146.86666666666667,8.818499999999935,19.272,145.0,,,,True,CMFT_Engine,Balanced,8.242295734817162e-13
2003-09-01,2003-09-01,Soybeans,2003,1,145.0,2273.3,48.402,27.008333333333336,,125.00833333333333,10.585166666666737,24.988,2279.112166666667,2.6016,2.5914,32.23333071312803,False,CMFT_Engine,Balanced,4.547473508864641e-13
2003-10-01,2003-10-01,Soybeans,2003,2,2279.112166666667,0.0,66.08599999999998,27.008333333333336,,125.00833333333333,10.585166666666737,161.96200000000002,2020.6343333333332,,,,False,CMFT_Engine,Balanced,2.2737367544323206e-13
2003-11-01,2003-11-01,Soybeans,2003,3,2020.6343333333332,0.0,53.85,27.008333333333336,,125.00833333333333,10.585166666666737,269.32,1642.5625,,,,False,CMFT_Engine,Balanced,-2.2737367544323206e-13
2003-12-01,2003-12-01,Soybeans,2003,4,1642.5625,0.0,64.97,27.008333333333336,,125.00833333333333,10.585166666666737,116.71000000000001,1428.2206666666666,,,,False,CMFT_Engine,Balanced,0.0
2004-01-01,2004-01-01,Soybeans,2003,5,1428.2206666666666,0.0,53.824,27.008333333333336,,125.00833333333333,10.585166666666737,34.184000000000005,1285.2588333333333,,,,False,CMFT_Engine,Balanced,-2.2737367544323206e-13
2004-02-01,2004-02-01,Soybeans,2003,6,1285.2588333333333,0.0,35.286,27.008333333333336,,125.00833333333333,10.585166666666737,33.782,1124.161,,,,False,CMFT_Engine,Balanced,-2.2737367544323206e-13
2004-03-01,2004-03-01,Soybeans,2003,7,1124.161,0.0,68.10600000000001,27.008333333333336,,125.00833333333333,10.585166666666737,37.26,992.4051666666667,,,,False,CMFT_Engine,Balanced,0.0
2004-04-01,2004-04-01,Soybeans,2003,8,992.4051666666667,0.0,58.304,27.008333333333336,,125.00833333333333,10.585166666666737,37.426,850.6813333333334,,,,False,CMFT_Engine,Balanced,-1.1368683772161603e-13
2004-05-01,2004-05-01,Soybeans,2003,9,850.6813333333334,0.0,33.11,27.008333333333336,,125.00833333333333,10.585166666666737,70.942,650.2475000000001,,,,False,CMFT_Engine,Balanced,0.0
2004-06-01,2004-06-01,Soybeans,2003,10,650.2475000000001,0.0,70.418,27.008333333333336,,125.00833333333333,10.585166666666737,54.024,504.0396666666667,,,,False,CMFT_Engine,Balanced,0.0
2004-07-01,2004-07-01,Soybeans,2003,11,504.0396666666667,0.0,15.208,27.008333333333336,,125.00833333333333,10.585166666666737,37.374,319.27183333333323,,,,False,CMFT_Engine,Balanced,0.0
2004-08-01,2004-08-01,Soybeans,2003,12,319.27183333333323,0.0,19.200000000000003,27.008333333333336,,125.00833333333333,10.585166666666737,35.87,140.0,,,,True,CMFT_Engine,Balanced,-1.7053025658242404e-13
2004-09-01,2004-09-01,Soybeans,2004,1,140.0,3043.9,54.974000000000004,37.766666666666666,,134.19166666666666,10.009999999999991,34.864000000000004,3022.041666666667,3.0222,2.8997,38.570937831499805,False,CMFT_Engine,Balanced,-4.547473508864641e-13
2004-10-01,2004-10-01,Soybeans,2004,2,3022.041666666667,0.0,36.486000000000004,37.766666666666666,,134.19166666666666,10.009999999999991,183.406,2693.1533333333336,,,,False,CMFT_Engine,Balanced,0.0
2004-11-01,2004-11-01,Soybeans,2004,3,2693.1533333333336,0.0,41.678,37.766666666666666,,134.19166666666666,10.009999999999991,258.67,2294.193,,,,False,CMFT_Engine,Balanced,0.0
2004-12-01,2004-12-01,Soybeans,2004,4,2294.193,0.0,22.734,37.766666666666666,,134.19166666666666,10.009999999999991,166.476,1968.4826666666668,,,,False,CMFT_Engine,Balanced,-4.547473508864641e-13
2005-01-01,2005-01-01,Soybeans,2004,5,1968.4826666666668,0.0,46.53,37.766666666666666,,134.19166666666666,10.009999999999991,39.362,1793.6823333333334,,,,False,CMFT_Engine,Balanced,0.0
2005-02-01,2005-02-01,Soybeans,2004,6,1793.6823333333334,0.0,44.362,37.766666666666666,,134.19166666666666,10.009999999999991,37.278,1618.7980000000002,,,,False,CMFT_Engine,Balanced,0.0
2005-03-01,2005-03-01,Soybeans,2004,7,1618.7980000000002,0.0,31.92,37.766666666666666,,134.19166666666666,10.009999999999991,70.922,1397.827666666667,,,,False,CMFT_Engine,Balanced,0.0
2005-04-01,2005-04-01,Soybeans,2004,8,1397.827666666667,0.0,34.178000000000004,37.766666666666666,,134.19166666666666,10.009999999999991,56.512,1193.5253333333337,,,,False,CMFT_Engine,Balanced,2.2737367544323206e-13
2005-05-01,2005-05-01,Soybeans,2004,9,1193.5253333333337,0.0,32.416,37.766666666666666,,134.19166666666666,10.009999999999991,59.338,984.6350000000003,,,,False,CMFT_Engine,Balanced,1.1368683772161603e-13
2005-06-01,2005-06-01,Soybeans,2004,10,984.6350000000003,0.0,15.629999999999999,37.766666666666666,,134.19166666666666,10.009999999999991,60.942,757.3546666666671,,,,False,CMFT_Engine,Balanced,0.0
2005-07-01,2005-07-01,Soybeans,2004,11,757.3546666666671,0.0,6.369999999999999,37.766666666666666,,134.19166666666666,10.009999999999991,88.904,492.8523333333338,,,,False,CMFT_Engine,Balanced,-5.684341886080802e-14
2005-08-01,2005-08-01,Soybeans,2004,12,492.8523333333338,0.0,26.192,37.766666666666666,,134.19166666666666,10.009999999999991,67.076,270.0,,,,True,CMFT_Engine,Balanced,4.547473508864641e-13
2005-09-01,2005-09-01,Soybeans,2005,1,270.0,3155.6,30.848,27.866666666666664,,124.43333333333334,10.329499999999902,81.394,3212.4245,2.8971,2.8796,40.265460383386575,False,CMFT_Engine,Balanced,0.0
2005-10-01,2005-10-01,Soybeans,2005,2,3212.4245,0.0,27.178,27.866666666666664,,124.43333333333334,10.329499999999902,200.962,2876.011,,,,False,CMFT_Engine,Balanced,0.0
2005-11-01,2005-11-01,Soybeans,2005,3,2876.011,0.0,33.70399999999999,27.866666666666664,,124.43333333333334,10.329499999999902,230.42,2516.6655,,,,False,CMFT_Engine,Balanced,0.0
2005-12-01,2005-12-01,Soybeans,2005,4,2516.6655,0.0,61.046,27.866666666666664,,124.43333333333334,10.329499999999902,187.588,2227.494,,,,False,CMFT_Engine,Balanced,-4.547473508864641e-13
2006-01-01,2006-01-01,Soybeans,2005,5,2227.494,0.0,39.202,27.866666666666664,,124.43333333333334,10.329499999999902,101.0,2003.0665000000001,,,,False,CMFT_Engine,Balanced,-2.2737367544323206e-13
2006-02-01,2006-02-01,Soybeans,2005,6,2003.0665000000001,0.0,34.132000000000005,27.866666666666664,,124.43333333333334,10.329499999999902,42.104,1832.4650000000004,,,,False,CMFT_Engine,Balanced,0.0
2006-03-01,2006-03-01,Soybeans,2005,7,1832.4650000000004,0.0,26.8,27.866666666666664,,124.43333333333334,10.329499999999902,65.702,1630.9335000000005,,,,False,CMFT_Engine,Balanced,0.0
2006-04-01,2006-04-01,Soybeans,2005,8,1630.9335000000005,0.0,21.848000000000003,27.866666666666664,,124.43333333333334,10.329499999999902,46.954,1443.1980000000008,,,,False,CMFT_Engine,Balanced,0.0
2006-05-01,2006-05-01,Soybeans,2005,9,1443.1980000000008,0.0,18.918,27.866666666666664,,124.43333333333334,10.329499999999902,103.322,1196.1645000000008,,,,False,CMFT_Engine,Balanced,0.0
2006-06-01,2006-06-01,Soybeans,2005,10,1196.1645000000008,0.0,15.944,27.866666666666664,,124.43333333333334,10.329499999999902,50.954,998.5250000000008,,,,False,CMFT_Engine,Balanced,2.2737367544323206e-13
2006-07-01,2006-07-01,Soybeans,2005,11,998.5250000000008,0.0,13.155999999999999,27.866666666666664,,124.43333333333334,10.329499999999902,148.274,700.7775000000007,,,,False,CMFT_Engine,Balanced,1.1368683772161603e-13
2006-08-01,2006-08-01,Soybeans,2005,12,700.7775000000007,0.0,16.442,27.866666666666664,,124.43333333333334,10.329499999999902,59.589999999999996,495.0,,,,True,CMFT_Engine,Balanced,7.389644451905042e-13
2006-09-01,2006-09-01,Soybeans,2006,1,495.0,3465.5,20.132,29.65833333333333,,126.075,9.686166666666699,139.646,3675.5665,2.998369,2.9682,42.89983570851021,False,CMFT_Engine,Balanced,0.0
2006-10-01,2006-10-01,Soybeans,2006,2,3675.5665,0.0,46.403999999999996,29.65833333333333,,126.075,9.686166666666699,131.20000000000002,3425.3509999999997,,,,False,CMFT_Engine,Balanced,4.547473508864641e-13
2006-11-01,2006-11-01,Soybeans,2006,3,3425.3509999999997,0.0,35.79600000000001,29.65833333333333,,126.075,9.686166666666699,346.364,2949.3634999999995,,,,False,CMFT_Engine,Balanced,0.0
2006-12-01,2006-12-01,Soybeans,2006,4,2949.3634999999995,0.0,13.704,29.65833333333333,,126.075,9.686166666666699,234.408,2563.2399999999993,,,,False,CMFT_Engine,Balanced,4.547473508864641e-13
2007-01-01,2007-01-01,Soybeans,2006,5,2563.2399999999993,0.0,24.716,29.65833333333333,,126.075,9.686166666666699,140.576,2281.960499999999,,,,False,CMFT_Engine,Balanced,4.547473508864641e-13
2007-02-01,2007-02-01,Soybeans,2006,6,2281.960499999999,0.0,17.714,29.65833333333333,,126.075,9.686166666666699,57.53,2076.7249999999985,,,,False,CMFT_Engine,Balanced,0.0
2007-03-01,2007-03-01,Soybeans,2006,7,2076.7249999999985,0.0,18.112000000000002,29.65833333333333,,126.075,9.686166666666699,93.95,1835.4674999999986,,,,False,CMFT_Engine,Balanced,0.0
2007-04-01,2007-04-01,Soybeans,2006,8,1835.4674999999986,0.0,13.36,29.65833333333333,,126.075,9.686166666666699,112.146,1571.2619999999986,,,,False,CMFT_Engine,Balanced,0.0
2007-05-01,2007-05-01,Soybeans,2006,9,1571.2619999999986,0.0,9.772,29.65833333333333,,126.075,9.686166666666699,110.37,1305.2444999999987,,,,False,CMFT_Engine,Balanced,-2.2737367544323206e-13
2007-06-01,2007-06-01,Soybeans,2006,10,1305.2444999999987,0.0,10.576,29.65833333333333,,126.075,9.686166666666699,126.632,1023.7689999999985,,,,False,CMFT_Engine,Balanced,1.1368683772161603e-13
2007-07-01,2007-07-01,Soybeans,2006,11,1023.7689999999985,0.0,6.896000000000001,29.65833333333333,,126.075,9.686166666666699,130.946,734.2994999999985,,,,False,CMFT_Engine,Balanced,0.0
2007-08-01,2007-08-01,Soybeans,2006,12,734.2994999999985,0.0,23.494,29.65833333333333,,126.075,9.686166666666699,122.374,470.0,,,,True,CMFT_Engine,Balanced,-1.5916157281026244e-12
2007-09-01,2007-09-01,Soybeans,2007,1,470.0,2686.2,23.506,17.349999999999998,,112.29166666666667,9.138333333333245,89.898,2951.028,2.9009,2.8847,34.2153176898811,False,CMFT_Engine,Balanced,0.0
2007-10-01,2007-10-01,Soybeans,2007,2,2951.028,0.0,27.758000000000003,17.349999999999998,,112.29166666666667,9.138333333333245,353.804,2486.2019999999998,,,,False,CMFT_Engine,Balanced,0.0
2007-11-01,2007-11-01,Soybeans,2007,3,2486.2019999999998,0.0,24.298,17.349999999999998,,112.29166666666667,9.138333333333245,374.952,1996.7679999999996,,,,False,CMFT_Engine,Balanced,2.2737367544323206e-13
2007-12-01,2007-12-01,Soybeans,2007,4,1996.7679999999996,0.0,13.05,17.349999999999998,,112.29166666666667,9.138333333333245,170.144,1700.8939999999996,,,,False,CMFT_Engine,Balanced,0.0
2008-01-01,2008-01-01,Soybeans,2007,5,1700.8939999999996,0.0,28.758,17.349999999999998,,112.29166666666667,9.138333333333245,86.514,1504.3579999999997,,,,False,CMFT_Engine,Balanced,0.0
2008-02-01,2008-02-01,Soybeans,2007,6,1504.3579999999997,0.0,30.382,17.349999999999998,,112.29166666666667,9.138333333333245,128.248,1267.7119999999998,,,,False,CMFT_Engine,Balanced,0.0
2008-03-01,2008-03-01,Soybeans,2007,7,1267.7119999999998,0.0,34.914,17.349999999999998,,112.29166666666667,9.138333333333245,105.49199999999999,1058.3539999999998,,,,False,CMFT_Engine,Balanced,0.0
2008-04-01,2008-04-01,Soybeans,2007,8,1058.3539999999998,0.0,39.136,17.349999999999998,,112.29166666666667,9.138333333333245,77.224,881.4859999999999,,,,False,CMFT_Engine,Balanced,1.1368683772161603e-13
2008-05-01,2008-05-01,Soybeans,2007,9,881.4859999999999,0.0,21.328,17.349999999999998,,112.29166666666667,9.138333333333245,91.184,672.85,,,,False,CMFT_Engine,Balanced,0.0
2008-06-01,2008-06-01,Soybeans,2007,10,672.85,0.0,25.058,17.349999999999998,,112.29166666666667,9.138333333333245,94.812,464.3160000000001,,,,False,CMFT_Engine,Balanced,5.684341886080802e-14
2008-07-01,2008-07-01,Soybeans,2007,11,464.3160000000001,0.0,17.509999999999998,17.349999999999998,,112.29166666666667,9.138333333333245,58.124,284.92200000000014,,,,False,CMFT_Engine,Balanced,-5.684341886080802e-14
2008-08-01,2008-08-01,Soybeans,2007,12,284.92200000000014,0.0,51.09,17.349999999999998,,112.29166666666667,9.138333333333245,81.232,116.0,,,,True,CMFT_Engine,Balanced,2.2737367544323206e-13
2008-09-01,2008-09-01,Soybeans,2008,1,116.0,3335.9,30.374000000000002,22.183333333333334,,106.65833333333335,3.4648333333332935,33.284,3316.6834999999996,2.9713,2.9539,41.495415833305124,False,CMFT_Engine,Balanced,0.0
2008-10-01,2008-10-01,Soybeans,2008,2,3316.6834999999996,0.0,34.458000000000006,22.183333333333334,,106.65833333333335,3.4648333333332935,288.024,2930.8109999999997,,,,False,CMFT_Engine,Balanced,0.0
2008-11-01,2008-11-01,Soybeans,2008,3,2930.8109999999997,0.0,18.337999999999997,22.183333333333334,,106.65833333333335,3.4648333333332935,466.05,2350.7924999999996,,,,False,CMFT_Engine,Balanced,0.0
2008-12-01,2008-12-01,Soybeans,2008,4,2350.7924999999996,0.0,38.578,22.183333333333334,,106.65833333333335,3.4648333333332935,340.446,1916.6179999999997,,,,False,CMFT_Engine,Balanced,-2.2737367544323206e-13
2009-01-01,2009-01-01,Soybeans,2008,5,1916.6179999999997,0.0,29.363999999999997,22.183333333333334,,106.65833333333335,3.4648333333332935,145.338,1668.3374999999999,,,,False,CMFT_Engine,Balanced,0.0
2009-02-01,2009-02-01,Soybeans,2008,6,1668.3374999999999,0.0,20.158,22.183333333333334,,106.65833333333335,3.4648333333332935,97.498,1458.6909999999998,,,,False,CMFT_Engine,Balanced,0.0
2009-03-01,2009-03-01,Soybeans,2008,7,1458.6909999999998,0.0,20.674,22.183333333333334,,106.65833333333335,3.4648333333332935,103.954,1243.1045,,,,False,CMFT_Engine,Balanced,0.0
2009-04-01,2009-04-01,Soybeans,2008,8,1243.1045,0.0,29.312,22.183333333333334,,106.65833333333335,3.4648333333332935,98.024,1042.086,,,,False,CMFT_Engine,Balanced,-2.2737367544323206e-13
2009-05-01,2009-05-01,Soybeans,2008,9,1042.086,0.0,30.767999999999997,22.183333333333334,,106.65833333333335,3.4648333333332935,157.148,783.3995000000001,,,,False,CMFT_Engine,Balanced,-1.1368683772161603e-13
2009-06-01,2009-06-01,Soybeans,2008,10,783.3995000000001,0.0,74.592,22.183333333333334,,106.65833333333335,3.4648333333332935,111.98,613.705,,,,False,CMFT_Engine,Balanced,1.1368683772161603e-13
2009-07-01,2009-07-01,Soybeans,2008,11,613.705,0.0,8.957999999999998,22.183333333333334,,106.65833333333335,3.4648333333332935,94.242,396.1145000000001,,,,False,CMFT_Engine,Balanced,0.0
2009-08-01,2009-08-01,Soybeans,2008,12,396.1145000000001,0.0,14.984,22.183333333333334,,106.65833333333335,3.4648333333332935,58.792,220.0,,,,True,CMFT_Engine,Balanced,8.526512829121202e-14
2009-09-01,2009-09-01,Soybeans,2009,1,220.0,3581.6,16.774,25.558333333333334,,107.73333333333333,-4.300833333333344,60.298,3629.0851666666663,3.518,3.4881,37.72863046357615,False,CMFT_Engine,Balanced,4.547473508864641e-13
2009-10-01,2009-10-01,Soybeans,2009,2,3629.0851666666663,0.0,48.48,25.558333333333334,,107.73333333333333,-4.300833333333344,283.498,3265.076333333333,,,,False,CMFT_Engine,Balanced,0.0
2009-11-01,2009-11-01,Soybeans,2009,3,3265.076333333333,0.0,84.942,25.558333333333334,,107.73333333333333,-4.300833333333344,583.156,2637.8714999999997,,,,False,CMFT_Engine,Balanced,0.0
2009-12-01,2009-12-01,Soybeans,2009,4,2637.8714999999997,0.0,32.918000000000006,25.558333333333334,,107.73333333333333,-4.300833333333344,485.126,2056.6726666666664,,,,False,CMFT_Engine,Balanced,0.0
2010-01-01,2010-01-01,Soybeans,2009,5,2056.6726666666664,0.0,39.614,25.558333333333334,,107.73333333333333,-4.300833333333344,177.292,1790.0038333333332,,,,False,CMFT_Engine,Balanced,0.0
2010-02-01,2010-02-01,Soybeans,2009,6,1790.0038333333332,0.0,36.286,25.558333333333334,,107.73333333333333,-4.300833333333344,106.368,1590.931,,,,False,CMFT_Engine,Balanced,0.0
2010-03-01,2010-03-01,Soybeans,2009,7,1590.931,0.0,29.88,25.558333333333334,,107.73333333333333,-4.300833333333344,124.388,1367.432166666667,,,,False,CMFT_Engine,Balanced,0.0
2010-04-01,2010-04-01,Soybeans,2009,8,1367.432166666667,0.0,27.992,25.558333333333334,,107.73333333333333,-4.300833333333344,94.078,1172.3553333333334,,,,False,CMFT_Engine,Balanced,0.0
2010-05-01,2010-05-01,Soybeans,2009,9,1172.3553333333334,0.0,19.078,25.558333333333334,,107.73333333333333,-4.300833333333344,78.292,984.1505000000001,,,,False,CMFT_Engine,Balanced,0.0
2010-06-01,2010-06-01,Soybeans,2009,10,984.1505000000001,0.0,15.688,25.558333333333334,,107.73333333333333,-4.300833333333344,80.148,790.6996666666668,,,,False,CMFT_Engine,Balanced,0.0
2010-07-01,2010-07-01,Soybeans,2009,11,790.6996666666668,0.0,8.836,25.558333333333334,,107.73333333333333,-4.300833333333344,115.584,554.9608333333334,,,,False,CMFT_Engine,Balanced,1.1368683772161603e-13
2010-08-01,2010-08-01,Soybeans,2009,12,554.9608333333334,0.0,11.264,25.558333333333334,,107.73333333333333,-4.300833333333344,132.234,305.0,,,,True,CMFT_Engine,Balanced,1.1368683772161603e-13
2010-09-01,2010-09-01,Soybeans,2010,1,305.0,4444.6,12.404,29.566666666666666,,120.7,1.1570000000000011,70.836,4539.744333333334,3.7388,3.7213,43.88548330422164,False,CMFT_Engine,Balanced,0.0
2010-10-01,2010-10-01,Soybeans,2010,2,4539.744333333334,0.0,22.567999999999998,29.566666666666666,,120.7,1.1570000000000011,630.0160000000001,3780.872666666667,,,,False,CMFT_Engine,Balanced,4.547473508864641e-13
2010-11-01,2010-11-01,Soybeans,2010,3,3780.872666666667,0.0,8.532,29.566666666666666,,120.7,1.1570000000000011,709.0120000000001,2928.9690000000005,,,,False,CMFT_Engine,Balanced,0.0
2010-12-01,2010-12-01,Soybeans,2010,4,2928.9690000000005,0.0,9.962,29.566666666666666,,120.7,1.1570000000000011,457.716,2329.7913333333336,,,,False,CMFT_Engine,Balanced,4.547473508864641e-13
2011-01-01,2011-01-01,Soybeans,2010,5,2329.7913333333336,0.0,17.182,29.566666666666666,,120.7,1.1570000000000011,211.72,1983.8296666666668,,,,False,CMFT_Engine,Balanced,0.0
2011-02-01,2011-02-01,Soybeans,2010,6,1983.8296666666668,0.0,18.830000000000002,29.566666666666666,,120.7,1.1570000000000011,169.776,1681.46,,,,False,CMFT_Engine,Balanced,0.0
2011-03-01,2011-03-01,Soybeans,2010,7,1681.46,0.0,26.45,29.566666666666666,,120.7,1.1570000000000011,95.476,1461.0103333333334,,,,False,CMFT_Engine,Balanced,2.2737367544323206e-13
2011-04-01,2011-04-01,Soybeans,2010,8,1461.0103333333334,0.0,28.588,29.566666666666666,,120.7,1.1570000000000011,143.69400000000002,1194.4806666666666,,,,False,CMFT_Engine,Balanced,2.2737367544323206e-13
2011-05-01,2011-05-01,Soybeans,2010,9,1194.4806666666666,0.0,52.082,29.566666666666666,,120.7,1.1570000000000011,73.27,1021.869,,,,False,CMFT_Engine,Balanced,1.1368683772161603e-13
2011-06-01,2011-06-01,Soybeans,2010,10,1021.869,0.0,28.902,29.566666666666666,,120.7,1.1570000000000011,165.642,733.7053333333332,,,,False,CMFT_Engine,Balanced,-1.1368683772161603e-13
2011-07-01,2011-07-01,Soybeans,2010,11,733.7053333333332,0.0,13.058,29.566666666666666,,120.7,1.1570000000000011,83.204,512.1356666666665,,,,False,CMFT_Engine,Balanced,0.0
2011-08-01,2011-08-01,Soybeans,2010,12,512.1356666666665,0.0,27.712,29.566666666666666,,120.7,1.1570000000000011,91.92399999999999,296.5,,,,True,CMFT_Engine,Balanced,-1.7053025658242404e-13
2011-09-01,2011-09-01,Soybeans,2011,1,296.5,4466.5,21.108,36.525,,117.51666666666667,-1.5459166666666846,90.742,4540.870250000001,3.851662,3.8408,42.72957093574255,False,CMFT_Engine,Balanced,0.0
2011-10-01,2011-10-01,Soybeans,2011,2,4540.870250000001,0.0,28.454,36.525,,117.51666666666667,-1.5459166666666846,445.11199999999997,3971.7165000000005,,,,False,CMFT_Engine,Balanced,9.094947017729282e-13
2011-11-01,2011-11-01,Soybeans,2011,3,3971.7165000000005,0.0,16.342,36.525,,117.51666666666667,-1.5459166666666846,593.882,3241.6807500000004,,,,False,CMFT_Engine,Balanced,-4.547473508864641e-13
2011-12-01,2011-12-01,Soybeans,2011,4,3241.6807500000004,0.0,14.732,36.525,,117.51666666666667,-1.5459166666666846,486.182,2617.735,,,,False,CMFT_Engine,Balanced,-4.547473508864641e-13
2012-01-01,2012-01-01,Soybeans,2011,5,2617.735,0.0,10.860000000000001,36.525,,117.51666666666667,-1.5459166666666846,144.99699999999999,2331.10225,,,,False,CMFT_Engine,Balanced,0.0
2012-02-01,2012-02-01,Soybeans,2011,6,2331.10225,0.0,24.804,36.525,,117.51666666666667,-1.5459166666666846,228.263,1975.1475,,,,False,CMFT_Engine,Balanced,-4.547473508864641e-13
2012-03-01,2012-03-01,Soybeans,2011,7,1975.1475,0.0,25.015,36.525,,117.51666666666667,-1.5459166666666846,119.344,1728.32275,,,,False,CMFT_Engine,Balanced,0.0
2012-04-01,2012-04-01,Soybeans,2011,8,1728.32275,0.0,13.531,36.525,,117.51666666666667,-1.5459166666666846,197.524,1391.834,,,,False,CMFT_Engine,Balanced,-2.2737367544323206e-13
2012-05-01,2012-05-01,Soybeans,2011,9,1391.834,0.0,14.496,36.525,,117.51666666666667,-1.5459166666666846,246.69299999999998,1007.1412500000002,,,,False,CMFT_Engine,Balanced,-1.1368683772161603e-13
2012-06-01,2012-06-01,Soybeans,2011,10,1007.1412500000002,0.0,17.109,36.525,,117.51666666666667,-1.5459166666666846,145.027,726.7275000000003,,,,False,CMFT_Engine,Balanced,1.1368683772161603e-13
2012-07-01,2012-07-01,Soybeans,2011,11,726.7275000000003,0.0,16.91,36.525,,117.51666666666667,-1.5459166666666846,142.965,448.1767500000003,,,,False,CMFT_Engine,Balanced,0.0
2012-08-01,2012-08-01,Soybeans,2011,12,448.1767500000003,0.0,29.103,36.525,,117.51666666666667,-1.5459166666666846,93.484,231.3,,,,True,CMFT_Engine,Balanced,3.979039320256561e-13
2012-09-01,2012-09-01,Soybeans,2012,1,231.3,5086.4,21.213,29.925,,128.39166666666668,4.34900000000016,85.079,5091.168333333333,4.192,4.1885,44.62054570371254,False,CMFT_Engine,Balanced,0.0
2012-10-01,2012-10-01,Soybeans,2012,2,5091.168333333333,0.0,28.146000000000004,29.925,,128.39166666666668,4.34900000000016,963.9359999999999,3992.7126666666663,,,,False,CMFT_Engine,Balanced,0.0
2012-11-01,2012-11-01,Soybeans,2012,3,3992.7126666666663,0.0,26.142999999999997,29.925,,128.39166666666668,4.34900000000016,749.1560000000001,3107.0339999999997,,,,False,CMFT_Engine,Balanced,-4.547473508864641e-13
2012-12-01,2012-12-01,Soybeans,2012,4,3107.0339999999997,0.0,50.96,29.925,,128.39166666666668,4.34900000000016,488.864,2506.464333333333,,,,False,CMFT_Engine,Balanced,-4.547473508864641e-13
2013-01-01,2013-01-01,Soybeans,2012,5,2506.464333333333,0.0,18.660999999999998,29.925,,128.39166666666668,4.34900000000016,299.481,2062.978666666666,,,,False,CMFT_Engine,Balanced,0.0
2013-02-01,2013-02-01,Soybeans,2012,6,2062.978666666666,0.0,15.182,29.925,,128.39166666666668,4.34900000000016,193.67,1721.824999999999,,,,False,CMFT_Engine,Balanced,-2.2737367544323206e-13
2013-03-01,2013-03-01,Soybeans,2012,7,1721.824999999999,0.0,11.049,29.925,,128.39166666666668,4.34900000000016,106.95,1463.258333333332,,,,False,CMFT_Engine,Balanced,0.0
2013-04-01,2013-04-01,Soybeans,2012,8,1463.258333333332,0.0,19.289,29.925,,128.39166666666668,4.34900000000016,101.43599999999999,1218.4456666666651,,,,False,CMFT_Engine,Balanced,2.2737367544323206e-13
2013-05-01,2013-05-01,Soybeans,2012,9,1218.4456666666651,0.0,21.162,29.925,,128.39166666666668,4.34900000000016,119.887,957.0549999999984,,,,False,CMFT_Engine,Balanced,1.1368683772161603e-13
2013-06-01,2013-06-01,Soybeans,2012,10,957.0549999999984,0.0,16.266000000000002,29.925,,128.39166666666668,4.34900000000016,144.429,666.2263333333315,,,,False,CMFT_Engine,Balanced,1.1368683772161603e-13
2013-07-01,2013-07-01,Soybeans,2012,11,666.2263333333315,0.0,12.571000000000002,29.925,,128.39166666666668,4.34900000000016,123.896,392.23566666666466,,,,False,CMFT_Engine,Balanced,5.684341886080802e-14
2013-08-01,2013-08-01,Soybeans,2012,12,392.23566666666466,0.0,16.955000000000002,29.925,,128.39166666666668,4.34900000000016,89.025,157.5,,,,True,CMFT_Engine,Balanced,-2.2168933355715126e-12
2013-09-01,2013-09-01,Soybeans,2013,1,157.5,5355.9,19.567,36.233333333333334,,127.05,17.68275000000003,72.091,5279.9099166666665,4.6332,4.6087,42.70088806604899,False,CMFT_Engine,Balanced,-9.094947017729282e-13
2013-10-01,2013-10-01,Soybeans,2013,2,5279.9099166666665,0.0,29.171,36.233333333333334,,127.05,17.68275000000003,904.724,4223.390833333333,,,,False,CMFT_Engine,Balanced,0.0
2013-11-01,2013-11-01,Soybeans,2013,3,4223.390833333333,0.0,41.342,36.233333333333334,,127.05,17.68275000000003,882.8100000000001,3200.9567499999994,,,,False,CMFT_Engine,Balanced,-4.547473508864641e-13
2013-12-01,2013-12-01,Soybeans,2013,4,3200.9567499999994,0.0,13.493,36.233333333333334,,127.05,17.68275000000003,483.026,2550.4576666666662,,,,False,CMFT_Engine,Balanced,0.0
2014-01-01,2014-01-01,Soybeans,2013,5,2550.4576666666662,0.0,22.835,36.233333333333334,,127.05,17.68275000000003,263.753,2128.573583333333,,,,False,CMFT_Engine,Balanced,0.0
2014-02-01,2014-02-01,Soybeans,2013,6,2128.573583333333,0.0,27.736,36.233333333333334,,127.05,17.68275000000003,168.934,1806.4094999999995,,,,False,CMFT_Engine,Balanced,2.2737367544323206e-13
2014-03-01,2014-03-01,Soybeans,2013,7,1806.4094999999995,0.0,36.425000000000004,36.233333333333334,,127.05,17.68275000000003,143.25,1518.6184166666662,,,,False,CMFT_Engine,Balanced,0.0
2014-04-01,2014-04-01,Soybeans,2013,8,1518.6184166666662,0.0,38.644,36.233333333333334,,127.05,17.68275000000003,117.557,1258.739333333333,,,,False,CMFT_Engine,Balanced,0.0
2014-05-01,2014-05-01,Soybeans,2013,9,1258.739333333333,0.0,36.564,36.233333333333334,,127.05,17.68275000000003,129.666,984.6712499999996,,,,False,CMFT_Engine,Balanced,2.2737367544323206e-13
2014-06-01,2014-06-01,Soybeans,2013,10,984.6712499999996,0.0,25.57,36.233333333333334,,127.05,17.68275000000003,130.433,698.8421666666663,,,,False,CMFT_Engine,Balanced,0.0
2014-07-01,2014-07-01,Soybeans,2013,11,698.8421666666663,0.0,31.242,36.233333333333334,,127.05,17.68275000000003,83.876,465.2420833333329,,,,False,CMFT_Engine,Balanced,5.684341886080802e-14
2014-08-01,2014-08-01,Soybeans,2013,12,465.2420833333329,0.0,20.497,36.233333333333334,,127.05,17.68275000000003,67.473,237.3,,,,True,CMFT_Engine,Balanced,-5.115907697472721e-13
2014-09-01,2014-09-01,Soybeans,2014,1,237.3,6044.8,10.786000000000001,27.816666666666666,,148.95000000000002,9.756666666666613,62.462,6043.900666666667,5.613,5.5765,39.829340582802836,False,CMFT_Engine,Balanced,0.0
2014-10-01,2014-10-01,Soybeans,2014,2,6043.900666666667,0.0,24.279999999999998,27.816666666666666,,148.95000000000002,9.756666666666613,591.325,5290.332333333334,,,,False,CMFT_Engine,Balanced,9.094947017729282e-13
2014-11-01,2014-11-01,Soybeans,2014,3,5290.332333333334,0.0,26.715999999999998,27.816666666666666,,148.95000000000002,9.756666666666613,863.511,4267.014000000001,,,,False,CMFT_Engine,Balanced,0.0
2014-12-01,2014-12-01,Soybeans,2014,4,4267.014000000001,0.0,38.986,27.816666666666666,,148.95000000000002,9.756666666666613,898.377,3221.0996666666674,,,,False,CMFT_Engine,Balanced,9.094947017729282e-13
2015-01-01,2015-01-01,Soybeans,2014,5,3221.0996666666674,0.0,39.784,27.816666666666666,,148.95000000000002,9.756666666666613,354.997,2719.363333333334,,,,False,CMFT_Engine,Balanced,4.547473508864641e-13
2015-02-01,2015-02-01,Soybeans,2014,6,2719.363333333334,0.0,32.632,27.816666666666666,,148.95000000000002,9.756666666666613,304.585,2260.887000000001,,,,False,CMFT_Engine,Balanced,0.0
2015-03-01,2015-03-01,Soybeans,2014,7,2260.887000000001,0.0,28.35,27.816666666666666,,148.95000000000002,9.756666666666613,189.00900000000001,1913.7046666666677,,,,False,CMFT_Engine,Balanced,2.2737367544323206e-13
2015-04-01,2015-04-01,Soybeans,2014,8,1913.7046666666677,0.0,37.027,27.816666666666666,,148.95000000000002,9.756666666666613,132.296,1631.9123333333343,,,,False,CMFT_Engine,Balanced,0.0
2015-05-01,2015-05-01,Soybeans,2014,9,1631.9123333333343,0.0,23.708000000000002,27.816666666666666,,148.95000000000002,9.756666666666613,122.19600000000001,1346.9010000000012,,,,False,CMFT_Engine,Balanced,0.0
2015-06-01,2015-06-01,Soybeans,2014,10,1346.9010000000012,0.0,29.45,27.816666666666666,,148.95000000000002,9.756666666666613,134.244,1055.5836666666678,,,,False,CMFT_Engine,Balanced,2.2737367544323206e-13
2015-07-01,2015-07-01,Soybeans,2014,11,1055.5836666666678,0.0,25.220999999999997,27.816666666666666,,148.95000000000002,9.756666666666613,134.158,760.1233333333345,,,,False,CMFT_Engine,Balanced,0.0
2015-08-01,2015-08-01,Soybeans,2014,12,760.1233333333345,0.0,12.456,27.816666666666666,,148.95000000000002,9.756666666666613,128.45600000000002,457.6,,,,True,CMFT_Engine,Balanced,1.0231815394945443e-12
2015-09-01,2015-09-01,Soybeans,2015,1,457.6,6456.3,11.719999999999999,42.391666666666666,,160.23333333333332,10.239000000000138,160.461,6552.295,5.532,5.5165,43.003417077857335,False,CMFT_Engine,Balanced,0.0
2015-10-01,2015-10-01,Soybeans,2015,2,6552.295,0.0,30.302000000000003,42.391666666666666,,160.23333333333332,10.239000000000138,947.914,5421.8189999999995,,,,False,CMFT_Engine,Balanced,0.0
2015-11-01,2015-11-01,Soybeans,2015,3,5421.8189999999995,0.0,19.505,42.391666666666666,,160.23333333333332,10.239000000000138,1010.629,4217.830999999999,,,,False,CMFT_Engine,Balanced,0.0
2015-12-01,2015-12-01,Soybeans,2015,4,4217.830999999999,0.0,17.045,42.391666666666666,,160.23333333333332,10.239000000000138,628.222,3393.7899999999995,,,,False,CMFT_Engine,Balanced,4.547473508864641e-13
2016-01-01,2016-01-01,Soybeans,2015,5,3393.7899999999995,0.0,22.866,42.391666666666666,,160.23333333333332,10.239000000000138,396.394,2807.3979999999997,,,,False,CMFT_Engine,Balanced,-4.547473508864641e-13
2016-02-01,2016-02-01,Soybeans,2015,6,2807.3979999999997,0.0,21.134999999999998,42.391666666666666,,160.23333333333332,10.239000000000138,277.78999999999996,2337.879,,,,False,CMFT_Engine,Balanced,0.0
2016-03-01,2016-03-01,Soybeans,2015,7,2337.879,0.0,32.325,42.391666666666666,,160.23333333333332,10.239000000000138,252.124,1905.2159999999997,,,,False,CMFT_Engine,Balanced,0.0
2016-04-01,2016-04-01,Soybeans,2015,8,1905.2159999999997,0.0,40.286,42.391666666666666,,160.23333333333332,10.239000000000138,79.013,1653.6249999999995,,,,False,CMFT_Engine,Balanced,2.2737367544323206e-13
2016-05-01,2016-05-01,Soybeans,2015,9,1653.6249999999995,0.0,26.947,42.391666666666666,,160.23333333333332,10.239000000000138,119.651,1348.0569999999993,,,,False,CMFT_Engine,Balanced,0.0
2016-06-01,2016-06-01,Soybeans,2015,10,1348.0569999999993,0.0,31.500999999999998,42.391666666666666,,160.23333333333332,10.239000000000138,135.117,1031.5769999999993,,,,False,CMFT_Engine,Balanced,0.0
2016-07-01,2016-07-01,Soybeans,2015,11,1031.5769999999993,0.0,20.243,42.391666666666666,,160.23333333333332,10.239000000000138,100.174,738.7819999999991,,,,False,CMFT_Engine,Balanced,0.0
2016-08-01,2016-08-01,Soybeans,2015,12,738.7819999999991,0.0,45.209,42.391666666666666,,160.23333333333332,10.239000000000138,191.52700000000002,379.6,,,,True,CMFT_Engine,Balanced,-1.1368683772161603e-12
2016-09-01,2016-09-01,Soybeans,2016,1,379.6,6596.5,21.176000000000002,45.875,,152.69166666666666,21.044833333333298,180.396,6597.268500000001,5.607397,5.5147,43.95158704009284,False,CMFT_Engine,Balanced,0.0
2016-10-01,2016-10-01,Soybeans,2016,2,6597.268500000001,0.0,38.536,45.875,,152.69166666666666,21.044833333333298,776.713,5639.480000000001,,,,False,CMFT_Engine,Balanced,0.0
2016-11-01,2016-11-01,Soybeans,2016,3,5639.480000000001,0.0,33.199,45.875,,152.69166666666666,21.044833333333298,1245.499,4207.568500000001,,,,False,CMFT_Engine,Balanced,0.0
2016-12-01,2016-12-01,Soybeans,2016,4,4207.568500000001,0.0,27.254,45.875,,152.69166666666666,21.044833333333298,669.582,3345.629000000001,,,,False,CMFT_Engine,Balanced,4.547473508864641e-13
2017-01-01,2017-01-01,Soybeans,2016,5,3345.629000000001,0.0,44.586000000000006,45.875,,152.69166666666666,21.044833333333298,520.05,2650.553500000001,,,,False,CMFT_Engine,Balanced,0.0
2017-02-01,2017-02-01,Soybeans,2016,6,2650.553500000001,0.0,41.01,45.875,,152.69166666666666,21.044833333333298,305.802,2166.150000000001,,,,False,CMFT_Engine,Balanced,0.0
2017-03-01,2017-03-01,Soybeans,2016,7,2166.150000000001,0.0,53.193,45.875,,152.69166666666666,21.044833333333298,126.176,1873.5555000000013,,,,False,CMFT_Engine,Balanced,0.0
2017-04-01,2017-04-01,Soybeans,2016,8,1873.5555000000013,0.0,46.572,45.875,,152.69166666666666,21.044833333333298,201.774,1498.7420000000013,,,,False,CMFT_Engine,Balanced,2.2737367544323206e-13
2017-05-01,2017-05-01,Soybeans,2016,9,1498.7420000000013,0.0,50.743,45.875,,152.69166666666666,21.044833333333298,162.996,1166.8775000000012,,,,False,CMFT_Engine,Balanced,0.0
2017-06-01,2017-06-01,Soybeans,2016,10,1166.8775000000012,0.0,43.696,45.875,,152.69166666666666,21.044833333333298,96.263,894.6990000000012,,,,False,CMFT_Engine,Balanced,0.0
2017-07-01,2017-07-01,Soybeans,2016,11,894.6990000000012,0.0,41.230999999999995,45.875,,152.69166666666666,21.044833333333298,115.54,600.7785000000013,,,,False,CMFT_Engine,Balanced,1.1368683772161603e-13
2017-08-01,2017-08-01,Soybeans,2016,12,600.7785000000013,0.0,41.441,45.875,,152.69166666666666,21.044833333333298,67.608,355.0,,,,True,CMFT_Engine,Balanced,1.3073986337985843e-12
2017-09-01,2017-09-01,Soybeans,2017,1,355.0,7716.6,34.804,66.30833333333334,,164.09166666666667,20.278416666666487,116.615,7739.110583333334,7.282,7.252,39.09768828185327,False,CMFT_Engine,Balanced,9.094947017729282e-13
2017-10-01,2017-10-01,Soybeans,2017,2,7739.110583333334,0.0,45.28,66.30833333333334,,164.09166666666667,20.278416666666487,767.2420000000001,6766.470166666668,,,,False,CMFT_Engine,Balanced,0.0
2017-11-01,2017-11-01,Soybeans,2017,3,6766.470166666668,0.0,42.199,66.30833333333334,,164.09166666666667,20.278416666666487,1298.441,5259.549750000001,,,,False,CMFT_Engine,Balanced,9.094947017729282e-13
2017-12-01,2017-12-01,Soybeans,2017,4,5259.549750000001,0.0,35.834,66.30833333333334,,164.09166666666667,20.278416666666487,884.345,4160.360333333335,,,,False,CMFT_Engine,Balanced,0.0
2018-01-01,2018-01-01,Soybeans,2017,5,4160.360333333335,0.0,42.742999999999995,66.30833333333334,,164.09166666666667,20.278416666666487,290.161,3662.2639166666686,,,,False,CMFT_Engine,Balanced,0.0
2018-02-01,2018-02-01,Soybeans,2017,6,3662.2639166666686,0.0,40.891000000000005,66.30833333333334,,164.09166666666667,20.278416666666487,264.988,3187.488500000002,,,,False,CMFT_Engine,Balanced,0.0
2018-03-01,2018-03-01,Soybeans,2017,7,3187.488500000002,0.0,41.369,66.30833333333334,,164.09166666666667,20.278416666666487,265.255,2712.9240833333356,,,,False,CMFT_Engine,Balanced,0.0
2018-04-01,2018-04-01,Soybeans,2017,8,2712.9240833333356,0.0,38.378,66.30833333333334,,164.09166666666667,20.278416666666487,187.341,2313.2826666666692,,,,False,CMFT_Engine,Balanced,0.0
2018-05-01,2018-05-01,Soybeans,2017,9,2313.2826666666692,0.0,27.408,66.30833333333334,,164.09166666666667,20.278416666666487,221.60800000000003,1868.4042500000025,,,,False,CMFT_Engine,Balanced,0.0
2018-06-01,2018-06-01,Soybeans,2017,10,1868.4042500000025,0.0,49.965,66.30833333333334,,164.09166666666667,20.278416666666487,295.099,1372.591833333336,,,,False,CMFT_Engine,Balanced,0.0
2018-07-01,2018-07-01,Soybeans,2017,11,1372.591833333336,0.0,47.211000000000006,66.30833333333334,,164.09166666666667,20.278416666666487,265.96900000000005,903.1554166666695,,,,False,CMFT_Engine,Balanced,-2.2737367544323206e-13
2018-08-01,2018-08-01,Soybeans,2017,12,903.1554166666695,0.0,88.37899999999999,66.30833333333334,,164.09166666666667,20.278416666666487,89.556,651.3,,,,True,CMFT_Engine,Balanced,2.9558577807620168e-12
2018-09-01,2018-09-01,Soybeans,2018,1,651.3,7416.6,100.655,33.483333333333334,,171.50833333333333,33.63183333333361,193.46099999999998,7736.470499999999,6.3201,6.2755,43.42495823759062,False,CMFT_Engine,Balanced,0.0
2018-10-01,2018-10-01,Soybeans,2018,2,7736.470499999999,0.0,138.802,33.483333333333334,,171.50833333333333,33.63183333333361,977.3350000000002,6659.3139999999985,,,,False,CMFT_Engine,Balanced,0.0
2018-11-01,2018-11-01,Soybeans,2018,3,6659.3139999999985,0.0,218.914,33.483333333333334,,171.50833333333333,33.63183333333361,1520.9550000000002,5118.649499999998,,,,False,CMFT_Engine,Balanced,0.0
2018-12-01,2018-12-01,Soybeans,2018,4,5118.649499999998,0.0,171.219,33.483333333333334,,171.50833333333333,33.63183333333361,932.145,4119.099999999998,,,,False,CMFT_Engine,Balanced,-9.094947017729282e-13
2019-01-01,2019-01-01,Soybeans,2018,5,4119.099999999998,0.0,90.10799999999999,33.483333333333334,,171.50833333333333,33.63183333333361,94.296,3876.2884999999974,,,,False,CMFT_Engine,Balanced,0.0
2019-02-01,2019-02-01,Soybeans,2018,6,3876.2884999999974,0.0,64.77,33.483333333333334,,171.50833333333333,33.63183333333361,93.275,3609.159999999997,,,,False,CMFT_Engine,Balanced,0.0
2019-03-01,2019-03-01,Soybeans,2018,7,3609.159999999997,0.0,65.529,33.483333333333334,,171.50833333333333,33.63183333333361,107.195,3328.870499999997,,,,False,CMFT_Engine,Balanced,0.0
2019-04-01,2019-04-01,Soybeans,2018,8,3328.870499999997,0.0,92.063,33.483333333333334,,171.50833333333333,33.63183333333361,99.956,3082.3539999999966,,,,False,CMFT_Engine,Balanced,0.0
2019-05-01,2019-05-01,Soybeans,2018,9,3082.3539999999966,0.0,45.361000000000004,33.483333333333334,,171.50833333333333,33.63183333333361,261.841,2627.250499999996,,,,False,CMFT_Engine,Balanced,4.547473508864641e-13
2019-06-01,2019-06-01,Soybeans,2018,10,2627.250499999996,0.0,60.116,33.483333333333334,,171.50833333333333,33.63183333333361,322.703,2126.0399999999954,,,,False,CMFT_Engine,Balanced,4.547473508864641e-13
2019-07-01,2019-07-01,Soybeans,2018,11,2126.0399999999954,0.0,35.938,33.483333333333334,,171.50833333333333,33.63183333333361,546.08,1377.2744999999952,,,,False,CMFT_Engine,Balanced,2.2737367544323206e-13
2019-08-01,2019-08-01,Soybeans,2018,12,1377.2744999999952,0.0,47.469,33.483333333333334,,171.50833333333333,33.63183333333361,486.32,699.8,,,,True,CMFT_Engine,Balanced,-4.774847184307873e-12
2019-09-01,2019-09-01,Soybeans,2019,1,699.8,6145.1,35.361999999999995,77.675,,145.13333333333333,17.119666666666898,149.346,6490.988000000001,5.7143,5.6104,40.24556375124768,False,CMFT_Engine,Balanced,0.0
2019-10-01,2019-10-01,Soybeans,2019,2,6490.988000000001,0.0,30.016000000000002,77.675,,145.13333333333333,17.119666666666898,205.923,6075.153000000001,,,,False,CMFT_Engine,Balanced,0.0
2019-11-01,2019-11-01,Soybeans,2019,3,6075.153000000001,0.0,16.772,77.675,,145.13333333333333,17.119666666666898,840.494,5011.5030000000015,,,,False,CMFT_Engine,Balanced,0.0
2019-12-01,2019-12-01,Soybeans,2019,4,5011.5030000000015,0.0,16.931,77.675,,145.13333333333333,17.119666666666898,786.148,4002.3580000000006,,,,False,CMFT_Engine,Balanced,4.547473508864641e-13
2020-01-01,2020-01-01,Soybeans,2019,5,4002.3580000000006,0.0,17.498,77.675,,145.13333333333333,17.119666666666898,296.042,3483.8860000000004,,,,False,CMFT_Engine,Balanced,0.0
2020-02-01,2020-02-01,Soybeans,2019,6,3483.8860000000004,0.0,10.878,77.675,,145.13333333333333,17.119666666666898,158.731,3096.1050000000005,,,,False,CMFT_Engine,Balanced,0.0
2020-03-01,2020-03-01,Soybeans,2019,7,3096.1050000000005,0.0,15.907,77.675,,145.13333333333333,17.119666666666898,178.275,2693.809,,,,False,CMFT_Engine,Balanced,0.0
2020-04-01,2020-04-01,Soybeans,2019,8,2693.809,0.0,16.438000000000002,77.675,,145.13333333333333,17.119666666666898,158.763,2311.556,,,,False,CMFT_Engine,Balanced,0.0
2020-05-01,2020-05-01,Soybeans,2019,9,2311.556,0.0,12.74,77.675,,145.13333333333333,17.119666666666898,206.691,1877.6769999999997,,,,False,CMFT_Engine,Balanced,-2.2737367544323206e-13
2020-06-01,2020-06-01,Soybeans,2019,10,1877.6769999999997,0.0,19.671,77.675,,145.13333333333333,17.119666666666898,246.232,1411.1879999999994,,,,False,CMFT_Engine,Balanced,2.2737367544323206e-13
2020-07-01,2020-07-01,Soybeans,2019,11,1411.1879999999994,0.0,23.306,77.675,,145.13333333333333,17.119666666666898,195.727,998.8389999999991,,,,False,CMFT_Engine,Balanced,2.2737367544323206e-13
2020-08-01,2020-08-01,Soybeans,2019,12,998.8389999999991,0.0,26.838,77.675,,145.13333333333333,17.119666666666898,164.649,621.1,,,,True,CMFT_Engine,Balanced,-1.0231815394945443e-12
2020-09-01,2020-09-01,Soybeans,2020,1,621.1,6358.6,38.083,50.4,,136.30833333333334,37.238583333333374,207.78799999999998,6586.048083333333,5.0703,5.044,46.32008144726407,False,CMFT_Engine,Balanced,9.094947017729282e-13
2020-10-01,2020-10-01,Soybeans,2020,2,6586.048083333333,0.0,39.574,50.4,,136.30833333333334,37.238583333333374,817.375,5584.300166666666,,,,False,CMFT_Engine,Balanced,0.0
2020-11-01,2020-11-01,Soybeans,2020,3,5584.300166666666,0.0,65.05199999999999,50.4,,136.30833333333334,37.238583333333374,924.422,4500.983249999998,,,,False,CMFT_Engine,Balanced,9.094947017729282e-13
2020-12-01,2020-12-01,Soybeans,2020,4,4500.983249999998,0.0,36.501000000000005,50.4,,136.30833333333334,37.238583333333374,884.967,3428.5703333333317,,,,False,CMFT_Engine,Balanced,0.0
2021-01-01,2021-01-01,Soybeans,2020,5,3428.5703333333317,0.0,50.533,50.4,,136.30833333333334,37.238583333333374,464.876,2790.280416666665,,,,False,CMFT_Engine,Balanced,-4.547473508864641e-13
2021-02-01,2021-02-01,Soybeans,2020,6,2790.280416666665,0.0,40.034,50.4,,136.30833333333334,37.238583333333374,245.343,2361.0244999999986,,,,False,CMFT_Engine,Balanced,0.0
2021-03-01,2021-03-01,Soybeans,2020,7,2361.0244999999986,0.0,47.803,50.4,,136.30833333333334,37.238583333333374,269.71500000000003,1915.1655833333318,,,,False,CMFT_Engine,Balanced,-2.2737367544323206e-13
2021-04-01,2021-04-01,Soybeans,2020,8,1915.1655833333318,0.0,43.046,50.4,,136.30833333333334,37.238583333333374,115.971,1618.293666666665,,,,False,CMFT_Engine,Balanced,0.0
2021-05-01,2021-05-01,Soybeans,2020,9,1618.293666666665,0.0,25.599,50.4,,136.30833333333334,37.238583333333374,217.99,1201.9557499999983,,,,False,CMFT_Engine,Balanced,0.0
2021-06-01,2021-06-01,Soybeans,2020,10,1201.9557499999983,0.0,58.823,50.4,,136.30833333333334,37.238583333333374,126.557,910.2748333333317,,,,False,CMFT_Engine,Balanced,-1.1368683772161603e-13
2021-07-01,2021-07-01,Soybeans,2020,11,910.2748333333317,0.0,44.402,50.4,,136.30833333333334,37.238583333333374,113.929,616.800916666665,,,,False,CMFT_Engine,Balanced,0.0
2021-08-01,2021-08-01,Soybeans,2020,12,616.800916666665,0.0,30.04,50.4,,136.30833333333334,37.238583333333374,127.09400000000001,295.8,,,,True,CMFT_Engine,Balanced,-1.7621459846850485e-12
2021-09-01,2021-09-01,Soybeans,2021,1,295.8,6224.0,35.394,37.11666666666667,,154.79999999999998,16.991333333333262,110.802,6235.484,5.157986,5.140003,44.49273449840399,False,CMFT_Engine,Balanced,0.0
2021-10-01,2021-10-01,Soybeans,2021,2,6235.484,0.0,36.079,37.11666666666667,,154.79999999999998,16.991333333333262,975.013,5087.642,,,,False,CMFT_Engine,Balanced,0.0
2021-11-01,2021-11-01,Soybeans,2021,3,5087.642,0.0,50.61,37.11666666666667,,154.79999999999998,16.991333333333262,970.848,3958.495999999999,,,,False,CMFT_Engine,Balanced,0.0
2021-12-01,2021-12-01,Soybeans,2021,4,3958.495999999999,0.0,43.759,37.11666666666667,,154.79999999999998,16.991333333333262,797.074,2996.2729999999992,,,,False,CMFT_Engine,Balanced,-4.547473508864641e-13
2022-01-01,2022-01-01,Soybeans,2021,5,2996.2729999999992,0.0,47.346,37.11666666666667,,154.79999999999998,16.991333333333262,323.91400000000004,2510.796999999999,,,,False,CMFT_Engine,Balanced,-4.547473508864641e-13
2022-02-01,2022-02-01,Soybeans,2021,6,2510.796999999999,0.0,37.417,37.11666666666667,,154.79999999999998,16.991333333333262,119.337,2219.968999999999,,,,False,CMFT_Engine,Balanced,-4.547473508864641e-13
2022-03-01,2022-03-01,Soybeans,2021,7,2219.968999999999,0.0,65.498,37.11666666666667,,154.79999999999998,16.991333333333262,180.132,1896.4269999999995,,,,False,CMFT_Engine,Balanced,-6.821210263296962e-13
2022-04-01,2022-04-01,Soybeans,2021,8,1896.4269999999995,0.0,38.079,37.11666666666667,,154.79999999999998,16.991333333333262,157.117,1568.4809999999995,,,,False,CMFT_Engine,Balanced,2.2737367544323206e-13
2022-05-01,2022-05-01,Soybeans,2021,9,1568.4809999999995,0.0,43.962,37.11666666666667,,154.79999999999998,16.991333333333262,275.894,1127.6409999999998,,,,False,CMFT_Engine,Balanced,0.0
2022-06-01,2022-06-01,Soybeans,2021,10,1127.6409999999998,0.0,53.729,37.11666666666667,,154.79999999999998,16.991333333333262,109.675,862.7869999999999,,,,False,CMFT_Engine,Balanced,2.2737367544323206e-13
2022-07-01,2022-07-01,Soybeans,2021,11,862.7869999999999,0.0,59.239000000000004,37.11666666666667,,154.79999999999998,16.991333333333262,141.669,571.449,,,,False,CMFT_Engine,Balanced,1.1368683772161603e-13
2022-08-01,2022-08-01,Soybeans,2021,12,571.449,0.0,40.73,37.11666666666667,,154.79999999999998,16.991333333333262,116.171,287.1,,,,True,CMFT_Engine,Balanced,5.684341886080802e-14
2022-09-01,2022-09-01,Soybeans,2022,1,287.1,6543.2,36.6,59.73333333333333,,147.31666666666666,18.647833333333452,106.404,6534.798166666667,5.2742,5.2335,45.93892764689023,False,CMFT_Engine,Balanced,0.0
2022-10-01,2022-10-01,Soybeans,2022,2,6534.798166666667,0.0,42.213,59.73333333333333,,147.31666666666666,18.647833333333452,581.919,5769.394333333334,,,,False,CMFT_Engine,Balanced,0.0
2022-11-01,2022-11-01,Soybeans,2022,3,5769.394333333334,0.0,45.43599999999999,59.73333333333333,,147.31666666666666,18.647833333333452,1252.1799999999998,4336.9525,,,,False,CMFT_Engine,Balanced,-9.094947017729282e-13
2022-12-01,2022-12-01,Soybeans,2022,4,4336.9525,0.0,41.152,59.73333333333333,,147.31666666666666,18.647833333333452,919.956,3232.4506666666666,,,,False,CMFT_Engine,Balanced,0.0
2023-01-01,2023-01-01,Soybeans,2022,5,3232.4506666666666,0.0,43.506,59.73333333333333,,147.31666666666666,18.647833333333452,518.496,2531.762833333333,,,,False,CMFT_Engine,Balanced,0.0
2023-02-01,2023-02-01,Soybeans,2022,6,2531.762833333333,0.0,53.579,59.73333333333333,,147.31666666666666,18.647833333333452,173.355,2186.2889999999998,,,,False,CMFT_Engine,Balanced,4.547473508864641e-13
2023-03-01,2023-03-01,Soybeans,2022,7,2186.2889999999998,0.0,54.45,59.73333333333333,,147.31666666666666,18.647833333333452,139.583,1875.458166666666,,,,False,CMFT_Engine,Balanced,2.2737367544323206e-13
2023-04-01,2023-04-01,Soybeans,2022,8,1875.458166666666,0.0,71.758,59.73333333333333,,147.31666666666666,18.647833333333452,106.554,1614.9643333333327,,,,False,CMFT_Engine,Balanced,0.0
2023-05-01,2023-05-01,Soybeans,2022,9,1614.9643333333327,0.0,35.769999999999996,59.73333333333333,,147.31666666666666,18.647833333333452,158.576,1266.4604999999992,,,,False,CMFT_Engine,Balanced,0.0
2023-06-01,2023-06-01,Soybeans,2022,10,1266.4604999999992,0.0,18.565,59.73333333333333,,147.31666666666666,18.647833333333452,87.844,971.4836666666658,,,,False,CMFT_Engine,Balanced,0.0
2023-07-01,2023-07-01,Soybeans,2022,11,971.4836666666658,0.0,15.895,59.73333333333333,,147.31666666666666,18.647833333333452,78.708,682.9728333333323,,,,False,CMFT_Engine,Balanced,1.1368683772161603e-13
2023-08-01,2023-08-01,Soybeans,2022,12,682.9728333333323,0.0,23.856,59.73333333333333,,147.31666666666666,18.647833333333452,109.33099999999999,371.8,,,,True,CMFT_Engine,Balanced,-1.0800249583553523e-12
2023-09-01,2023-09-01,Soybeans,2023,1,371.8,7035.4,37.282,25.325,,137.67499999999998,18.473500000000104,85.351,7177.6575,5.6307,5.5876,46.264340142458295,False,CMFT_Engine,Balanced,0.0
2023-10-01,2023-10-01,Soybeans,2023,2,7177.6575,0.0,36.661,25.325,,137.67499999999998,18.473500000000104,747.686,6285.159000000001,,,,False,CMFT_Engine,Balanced,0.0
2023-11-01,2023-11-01,Soybeans,2023,3,6285.159000000001,0.0,29.901,25.325,,137.67499999999998,18.473500000000104,1182.007,4951.5795,,,,False,CMFT_Engine,Balanced,0.0
2023-12-01,2023-12-01,Soybeans,2023,4,4951.5795,0.0,18.241,25.325,,137.67499999999998,18.473500000000104,1109.268,3679.0789999999997,,,,False,CMFT_Engine,Balanced,0.0
2024-01-01,2024-01-01,Soybeans,2023,5,3679.0789999999997,0.0,23.649,25.325,,137.67499999999998,18.473500000000104,449.914,3071.3404999999993,,,,False,CMFT_Engine,Balanced,0.0
2024-02-01,2024-02-01,Soybeans,2023,6,3071.3404999999993,0.0,30.169999999999998,25.325,,137.67499999999998,18.473500000000104,344.998,2575.0389999999993,,,,False,CMFT_Engine,Balanced,0.0
2024-03-01,2024-03-01,Soybeans,2023,7,2575.0389999999993,0.0,34.979,25.325,,137.67499999999998,18.473500000000104,140.94400000000002,2287.600499999999,,,,False,CMFT_Engine,Balanced,0.0
2024-04-01,2024-04-01,Soybeans,2023,8,2287.600499999999,0.0,28.429000000000002,25.325,,137.67499999999998,18.473500000000104,139.577,1994.9789999999991,,,,False,CMFT_Engine,Balanced,0.0
2024-05-01,2024-05-01,Soybeans,2023,9,1994.9789999999991,0.0,40.299,25.325,,137.67499999999998,18.473500000000104,138.749,1715.055499999999,,,,False,CMFT_Engine,Balanced,0.0
2024-06-01,2024-06-01,Soybeans,2023,10,1715.055499999999,0.0,14.494,25.325,,137.67499999999998,18.473500000000104,164.945,1383.130999999999,,,,False,CMFT_Engine,Balanced,0.0
2024-07-01,2024-07-01,Soybeans,2023,11,1383.130999999999,0.0,16.801000000000002,25.325,,137.67499999999998,18.473500000000104,248.155,970.3034999999988,,,,False,CMFT_Engine,Balanced,0.0
2024-08-01,2024-08-01,Soybeans,2023,12,970.3034999999988,0.0,11.122,25.325,,137.67499999999998,18.473500000000104,194.552,605.4,,,,True,CMFT_Engine,Balanced,-1.2505552149377763e-12
2024-09-01,2024-09-01,Soybeans,2024,1,605.4,7728.3,17.317999999999998,53.15,,139.85,20.163250000000033,149.248,7988.606750000001,5.7097,5.6578,50.19023944112552,False,CMFT_Engine,Balanced,0.0
2024-10-01,2024-10-01,Soybeans,2024,2,7988.606750000001,0.0,31.656000000000002,53.15,,139.85,20.163250000000033,884.709,6922.390500000001,,,,False,CMFT_Engine,Balanced,0.0
2024-11-01,2024-11-01,Soybeans,2024,3,6922.390500000001,0.0,27.745,53.15,,139.85,20.163250000000033,1515.279,5221.693250000002,,,,False,CMFT_Engine,Balanced,0.0
2024-12-01,2024-12-01,Soybeans,2024,4,5221.693250000002,0.0,23.832,53.15,,139.85,20.163250000000033,762.702,4269.660000000003,,,,False,CMFT_Engine,Balanced,0.0
2025-01-01,2025-01-01,Soybeans,2024,5,4269.660000000003,0.0,30.484,53.15,,139.85,20.163250000000033,547.393,3539.587750000003,,,,False,CMFT_Engine,Balanced,0.0
2025-02-01,2025-02-01,Soybeans,2024,6,3539.587750000003,0.0,21.86,53.15,,139.85,20.163250000000033,314.128,3034.156500000003,,,,False,CMFT_Engine,Balanced,0.0
2025-03-01,2025-03-01,Soybeans,2024,7,3034.156500000003,0.0,21.240000000000002,53.15,,139.85,20.163250000000033,261.239,2580.9942500000025,,,,False,CMFT_Engine,Balanced,0.0
2025-04-01,2025-04-01,Soybeans,2024,8,2580.9942500000025,0.0,23.002000000000002,53.15,,139.85,20.163250000000033,165.296,2225.5370000000025,,,,False,CMFT_Engine,Balanced,0.0
2025-05-01,2025-05-01,Soybeans,2024,9,2225.5370000000025,0.0,20.618000000000002,53.15,,139.85,20.163250000000033,233.339,1799.6527500000025,,,,False,CMFT_Engine,Balanced,0.0
2025-06-01,2025-06-01,Soybeans,2024,10,1799.6527500000025,0.0,7.854,53.15,,139.85,20.163250000000033,271.02,1323.3235000000025,,,,False,CMFT_Engine,Balanced,0.0
2025-07-01,2025-07-01,Soybeans,2024,11,1323.3235000000025,0.0,12.908,53.15,,139.85,20.163250000000033,261.529,861.5392500000023,,,,False,CMFT_Engine,Balanced,0.0
2025-08-01,2025-08-01,Soybeans,2024,12,861.5392500000023,0.0,28.883,53.15,,139.85,20.163250000000033,166.359,510.9,,,,True,CMFT_Engine,Balanced,2.2737367544323206e-12
1996-08-01,1996-08-01,Wheat,1996,1,4754.0,25174.8,,201.40833333333333,4.416666666666667,,1659.6583333333335,,28063.316666666666,25.7597,25.2019,36.704188920676614,False,CMFT_Engine,Balanced,0.0
1996-09-01,1996-09-01,Wheat,1996,2,28063.316666666666,0.0,,201.40833333333333,4.416666666666667,,1659.6583333333335,,26197.833333333332,,,,False,CMFT_Engine,Balanced,0.0
1996-10-01,1996-10-01,Wheat,1996,3,26197.833333333332,0.0,,201.40833333333333,4.416666666666667,,1659.6583333333335,,24332.35,,,,False,CMFT_Engine,Balanced,0.0
1996-11-01,1996-11-01,Wheat,1996,4,24332.35,0.0,,201.40833333333333,4.416666666666667,,1659.6583333333335,,22466.866666666665,,,,False,CMFT_Engine,Balanced,0.0
1996-12-01,1996-12-01,Wheat,1996,5,22466.866666666665,0.0,,201.40833333333333,4.416666666666667,,1659.6583333333335,,20601.38333333333,,,,False,CMFT_Engine,Balanced,0.0
1997-01-01,1997-01-01,Wheat,1996,6,20601.38333333333,0.0,,201.40833333333333,4.416666666666667,,1659.6583333333335,,18735.899999999998,,,,False,CMFT_Engine,Balanced,0.0
1997-02-01,1997-02-01,Wheat,1996,7,18735.899999999998,0.0,,201.40833333333333,4.416666666666667,,1659.6583333333335,,16870.416666666664,,,,False,CMFT_Engine,Balanced,0.0
1997-03-01,1997-03-01,Wheat,1996,8,16870.416666666664,0.0,,201.40833333333333,4.416666666666667,,1659.6583333333335,,15004.93333333333,,,,False,CMFT_Engine,Balanced,0.0
1997-04-01,1997-04-01,Wheat,1996,9,15004.93333333333,0.0,,201.40833333333333,4.416666666666667,,1659.6583333333335,,13139.449999999997,,,,False,CMFT_Engine,Balanced,1.8189894035458565e-12
1997-05-01,1997-05-01,Wheat,1996,10,13139.449999999997,0.0,,201.40833333333333,4.416666666666667,,1659.6583333333335,,11273.966666666664,,,,False,CMFT_Engine,Balanced,1.8189894035458565e-12
1997-06-01,1997-06-01,Wheat,1996,11,11273.966666666664,0.0,,201.40833333333333,4.416666666666667,,1659.6583333333335,,9408.48333333333,,,,False,CMFT_Engine,Balanced,1.8189894035458565e-12
1997-07-01,1997-07-01,Wheat,1996,12,9408.48333333333,0.0,,201.40833333333333,4.416666666666667,,1659.6583333333335,,7543.0,,,,True,CMFT_Engine,Balanced,-2.7284841053187847e-12
1997-08-01,1997-08-01,Wheat,1997,1,7543.0,19947.7,,202.42499999999998,5.0,,1645.8000000000002,,25637.475000000002,23.0906,22.7447,32.22519112100841,False,CMFT_Engine,Balanced,0.0
1997-09-01,1997-09-01,Wheat,1997,2,25637.475000000002,0.0,,202.42499999999998,5.0,,1645.8000000000002,,23784.250000000004,,,,False,CMFT_Engine,Balanced,0.0
1997-10-01,1997-10-01,Wheat,1997,3,23784.250000000004,0.0,,202.42499999999998,5.0,,1645.8000000000002,,21931.025000000005,,,,False,CMFT_Engine,Balanced,0.0
1997-11-01,1997-11-01,Wheat,1997,4,21931.025000000005,0.0,,202.42499999999998,5.0,,1645.8000000000002,,20077.800000000007,,,,False,CMFT_Engine,Balanced,0.0
1997-12-01,1997-12-01,Wheat,1997,5,20077.800000000007,0.0,,202.42499999999998,5.0,,1645.8000000000002,,18224.575000000008,,,,False,CMFT_Engine,Balanced,0.0
1998-01-01,1998-01-01,Wheat,1997,6,18224.575000000008,0.0,,202.42499999999998,5.0,,1645.8000000000002,,16371.35000000001,,,,False,CMFT_Engine,Balanced,0.0
1998-02-01,1998-02-01,Wheat,1997,7,16371.35000000001,0.0,,202.42499999999998,5.0,,1645.8000000000002,,14518.125000000011,,,,False,CMFT_Engine,Balanced,0.0
1998-03-01,1998-03-01,Wheat,1997,8,14518.125000000011,0.0,,202.42499999999998,5.0,,1645.8000000000002,,12664.900000000012,,,,False,CMFT_Engine,Balanced,0.0
1998-04-01,1998-04-01,Wheat,1997,9,12664.900000000012,0.0,,202.42499999999998,5.0,,1645.8000000000002,,10811.675000000014,,,,False,CMFT_Engine,Balanced,0.0
1998-05-01,1998-05-01,Wheat,1997,10,10811.675000000014,0.0,,202.42499999999998,5.0,,1645.8000000000002,,8958.450000000015,,,,False,CMFT_Engine,Balanced,0.0
1998-06-01,1998-06-01,Wheat,1997,11,8958.450000000015,0.0,,202.42499999999998,5.0,,1645.8000000000002,,7105.225000000016,,,,False,CMFT_Engine,Balanced,0.0
1998-07-01,1998-07-01,Wheat,1997,12,7105.225000000016,0.0,,202.42499999999998,5.0,,1645.8000000000002,,5252.0,,,,True,CMFT_Engine,Balanced,1.546140993013978e-11
1998-08-01,1998-08-01,Wheat,1998,1,5252.0,18040.4,,209.5583333333333,9.416666666666666,,1264.8083333333336,,21808.61666666667,19.6122,19.1905,34.54162452671895,False,CMFT_Engine,Balanced,-3.637978807091713e-12
1998-09-01,1998-09-01,Wheat,1998,2,21808.61666666667,0.0,,209.5583333333333,9.416666666666666,,1264.8083333333336,,20324.833333333336,,,,False,CMFT_Engine,Balanced,-3.637978807091713e-12
1998-10-01,1998-10-01,Wheat,1998,3,20324.833333333336,0.0,,209.5583333333333,9.416666666666666,,1264.8083333333336,,18841.050000000003,,,,False,CMFT_Engine,Balanced,-3.637978807091713e-12
1998-11-01,1998-11-01,Wheat,1998,4,18841.050000000003,0.0,,209.5583333333333,9.416666666666666,,1264.8083333333336,,17357.26666666667,,,,False,CMFT_Engine,Balanced,-3.637978807091713e-12
1998-12-01,1998-12-01,Wheat,1998,5,17357.26666666667,0.0,,209.5583333333333,9.416666666666666,,1264.8083333333336,,15873.483333333337,,,,False,CMFT_Engine,Balanced,-3.637978807091713e-12
1999-01-01,1999-01-01,Wheat,1998,6,15873.483333333337,0.0,,209.5583333333333,9.416666666666666,,1264.8083333333336,,14389.700000000003,,,,False,CMFT_Engine,Balanced,1.8189894035458565e-12
1999-02-01,1999-02-01,Wheat,1998,7,14389.700000000003,0.0,,209.5583333333333,9.416666666666666,,1264.8083333333336,,12905.916666666668,,,,False,CMFT_Engine,Balanced,1.8189894035458565e-12
1999-03-01,1999-03-01,Wheat,1998,8,12905.916666666668,0.0,,209.5583333333333,9.416666666666666,,1264.8083333333336,,11422.133333333333,,,,False,CMFT_Engine,Balanced,1.8189894035458565e-12
1999-04-01,1999-04-01,Wheat,1998,9,11422.133333333333,0.0,,209.5583333333333,9.416666666666666,,1264.8083333333336,,9938.349999999999,,,,False,CMFT_Engine,Balanced,1.8189894035458565e-12
1999-05-01,1999-05-01,Wheat,1998,10,9938.349999999999,0.0,,209.5583333333333,9.416666666666666,,1264.8083333333336,,8454.566666666664,,,,False,CMFT_Engine,Balanced,1.8189894035458565e-12
1999-06-01,1999-06-01,Wheat,1998,11,8454.566666666664,0.0,,209.5583333333333,9.416666666666666,,1264.8083333333336,,6970.78333333333,,,,False,CMFT_Engine,Balanced,1.8189894035458565e-12
1999-07-01,1999-07-01,Wheat,1998,12,6970.78333333333,0.0,,209.5583333333333,9.416666666666666,,1264.8083333333336,,5487.0,,,,True,CMFT_Engine,Balanced,-3.637978807091713e-12
1999-08-01,1999-08-01,Wheat,1999,1,5487.0,22619.0,,215.60833333333335,9.166666666666666,,1623.7250000000001,,26257.5,21.4603,21.2819,39.05223454202867,False,CMFT_Engine,Balanced,0.0
1999-09-01,1999-09-01,Wheat,1999,2,26257.5,0.0,,215.60833333333335,9.166666666666666,,1623.7250000000001,,24409.0,,,,False,CMFT_Engine,Balanced,0.0
1999-10-01,1999-10-01,Wheat,1999,3,24409.0,0.0,,215.60833333333335,9.166666666666666,,1623.7250000000001,,22560.5,,,,False,CMFT_Engine,Balanced,0.0
1999-11-01,1999-11-01,Wheat,1999,4,22560.5,0.0,,215.60833333333335,9.166666666666666,,1623.7250000000001,,20712.0,,,,False,CMFT_Engine,Balanced,0.0
1999-12-01,1999-12-01,Wheat,1999,5,20712.0,0.0,,215.60833333333335,9.166666666666666,,1623.7250000000001,,18863.5,,,,False,CMFT_Engine,Balanced,0.0
2000-01-01,2000-01-01,Wheat,1999,6,18863.5,0.0,,215.60833333333335,9.166666666666666,,1623.7250000000001,,17015.0,,,,False,CMFT_Engine,Balanced,0.0
2000-02-01,2000-02-01,Wheat,1999,7,17015.0,0.0,,215.60833333333335,9.166666666666666,,1623.7250000000001,,15166.499999999998,,,,False,CMFT_Engine,Balanced,0.0
2000-03-01,2000-03-01,Wheat,1999,8,15166.499999999998,0.0,,215.60833333333335,9.166666666666666,,1623.7250000000001,,13317.999999999998,,,,False,CMFT_Engine,Balanced,0.0
2000-04-01,2000-04-01,Wheat,1999,9,13317.999999999998,0.0,,215.60833333333335,9.166666666666666,,1623.7250000000001,,11469.499999999998,,,,False,CMFT_Engine,Balanced,0.0
2000-05-01,2000-05-01,Wheat,1999,10,11469.499999999998,0.0,,215.60833333333335,9.166666666666666,,1623.7250000000001,,9620.999999999998,,,,False,CMFT_Engine,Balanced,0.0
2000-06-01,2000-06-01,Wheat,1999,11,9620.999999999998,0.0,,215.60833333333335,9.166666666666666,,1623.7250000000001,,7772.499999999998,,,,False,CMFT_Engine,Balanced,0.0
2000-07-01,2000-07-01,Wheat,1999,12,7772.499999999998,0.0,,215.60833333333335,9.166666666666666,,1623.7250000000001,,5924.0,,,,True,CMFT_Engine,Balanced,-2.7284841053187847e-12
2000-08-01,2000-08-01,Wheat,2000,1,5924.0,20827.0,,218.9333333333333,11.083333333333334,,1433.1499999999999,,25087.833333333332,20.8306,20.3438,37.616425638277995,False,CMFT_Engine,Balanced,0.0
2000-09-01,2000-09-01,Wheat,2000,2,25087.833333333332,0.0,,218.9333333333333,11.083333333333334,,1433.1499999999999,,23424.666666666664,,,,False,CMFT_Engine,Balanced,0.0
2000-10-01,2000-10-01,Wheat,2000,3,23424.666666666664,0.0,,218.9333333333333,11.083333333333334,,1433.1499999999999,,21761.499999999996,,,,False,CMFT_Engine,Balanced,0.0
2000-11-01,2000-11-01,Wheat,2000,4,21761.499999999996,0.0,,218.9333333333333,11.083333333333334,,1433.1499999999999,,20098.33333333333,,,,False,CMFT_Engine,Balanced,0.0
2000-12-01,2000-12-01,Wheat,2000,5,20098.33333333333,0.0,,218.9333333333333,11.083333333333334,,1433.1499999999999,,18435.16666666666,,,,False,CMFT_Engine,Balanced,0.0
2001-01-01,2001-01-01,Wheat,2000,6,18435.16666666666,0.0,,218.9333333333333,11.083333333333334,,1433.1499999999999,,16771.999999999993,,,,False,CMFT_Engine,Balanced,0.0
2001-02-01,2001-02-01,Wheat,2000,7,16771.999999999993,0.0,,218.9333333333333,11.083333333333334,,1433.1499999999999,,15108.833333333327,,,,False,CMFT_Engine,Balanced,0.0
2001-03-01,2001-03-01,Wheat,2000,8,15108.833333333327,0.0,,218.9333333333333,11.083333333333334,,1433.1499999999999,,13445.66666666666,,,,False,CMFT_Engine,Balanced,0.0
2001-04-01,2001-04-01,Wheat,2000,9,13445.66666666666,0.0,,218.9333333333333,11.083333333333334,,1433.1499999999999,,11782.499999999995,,,,False,CMFT_Engine,Balanced,0.0
2001-05-01,2001-05-01,Wheat,2000,10,11782.499999999995,0.0,,218.9333333333333,11.083333333333334,,1433.1499999999999,,10119.333333333328,,,,False,CMFT_Engine,Balanced,0.0
2001-06-01,2001-06-01,Wheat,2000,11,10119.333333333328,0.0,,218.9333333333333,11.083333333333334,,1433.1499999999999,,8456.166666666662,,,,False,CMFT_Engine,Balanced,0.0
2001-07-01,2001-07-01,Wheat,2000,12,8456.166666666662,0.0,,218.9333333333333,11.083333333333334,,1433.1499999999999,,6793.0,,,,True,CMFT_Engine,Balanced,-3.637978807091713e-12
2001-08-01,2001-08-01,Wheat,2001,1,6793.0,17580.7,0.0,221.73333333333335,9.583333333333334,,876.2115,0.0,23266.171833333334,21.7099,21.1275,30.575314949236773,False,CMFT_Engine,Balanced,0.0
2001-09-01,2001-09-01,Wheat,2001,2,23266.171833333334,0.0,0.0,221.73333333333335,9.583333333333334,,876.2115,0.0,22158.643666666667,,,,False,CMFT_Engine,Balanced,0.0
2001-10-01,2001-10-01,Wheat,2001,3,22158.643666666667,0.0,0.0,221.73333333333335,9.583333333333334,,876.2115,0.0,21051.1155,,,,False,CMFT_Engine,Balanced,0.0
2001-11-01,2001-11-01,Wheat,2001,4,21051.1155,0.0,0.0,221.73333333333335,9.583333333333334,,876.2115,0.0,19943.587333333333,,,,False,CMFT_Engine,Balanced,0.0
2001-12-01,2001-12-01,Wheat,2001,5,19943.587333333333,0.0,0.0,221.73333333333335,9.583333333333334,,876.2115,0.0,18836.059166666666,,,,False,CMFT_Engine,Balanced,0.0
2002-01-01,2002-01-01,Wheat,2001,6,18836.059166666666,0.0,0.406,221.73333333333335,9.583333333333334,,876.2115,840.986,16887.950999999997,,,,False,CMFT_Engine,Balanced,0.0
2002-02-01,2002-02-01,Wheat,2001,7,16887.950999999997,0.0,0.44399999999999995,221.73333333333335,9.583333333333334,,876.2115,908.054,14872.812833333332,,,,False,CMFT_Engine,Balanced,0.0
2002-03-01,2002-03-01,Wheat,2001,8,14872.812833333332,0.0,0.432,221.73333333333335,9.583333333333334,,876.2115,808.2239999999999,12957.492666666667,,,,False,CMFT_Engine,Balanced,-1.8189894035458565e-12
2002-04-01,2002-04-01,Wheat,2001,9,12957.492666666667,0.0,25.71,221.73333333333335,9.583333333333334,,876.2115,845.196,11030.4785,,,,False,CMFT_Engine,Balanced,0.0
2002-05-01,2002-05-01,Wheat,2001,10,11030.4785,0.0,0.542,221.73333333333335,9.583333333333334,,876.2115,912.766,9010.726333333332,,,,False,CMFT_Engine,Balanced,0.0
2002-06-01,2002-06-01,Wheat,2001,11,9010.726333333332,0.0,0.354,221.73333333333335,9.583333333333334,,876.2115,917.278,6986.274166666664,,,,False,CMFT_Engine,Balanced,-9.094947017729282e-13
2002-07-01,2002-07-01,Wheat,2001,12,6986.274166666664,0.0,0.742,221.73333333333335,9.583333333333334,,876.2115,694.9879999999999,5184.5,,,,True,CMFT_Engine,Balanced,-2.7284841053187847e-12
2002-08-01,2002-08-01,Wheat,2002,1,5184.5,12084.4,0.63,223.95000000000002,9.083333333333334,,371.8666666666665,701.344,15963.286000000002,19.5012,15.9745,27.7958977295064,False,CMFT_Engine,Balanced,1.8189894035458565e-12
2002-09-01,2002-09-01,Wheat,2002,2,15963.286000000002,0.0,30.128,223.95000000000002,9.083333333333334,,371.8666666666665,487.3,14901.214000000002,,,,False,CMFT_Engine,Balanced,0.0
2002-10-01,2002-10-01,Wheat,2002,3,14901.214000000002,0.0,1.212,223.95000000000002,9.083333333333334,,371.8666666666665,646.784,13650.742,,,,False,CMFT_Engine,Balanced,0.0
2002-11-01,2002-11-01,Wheat,2002,4,13650.742,0.0,36.936,223.95000000000002,9.083333333333334,,371.8666666666665,412.44,12670.338,,,,False,CMFT_Engine,Balanced,-1.8189894035458565e-12
2002-12-01,2002-12-01,Wheat,2002,5,12670.338,0.0,67.25,223.95000000000002,9.083333333333334,,371.8666666666665,435.044,11697.644,,,,False,CMFT_Engine,Balanced,-1.8189894035458565e-12
2003-01-01,2003-01-01,Wheat,2002,6,11697.644,0.0,26.642,223.95000000000002,9.083333333333334,,371.8666666666665,291.912,10827.474,,,,False,CMFT_Engine,Balanced,-1.8189894035458565e-12
2003-02-01,2003-02-01,Wheat,2002,7,10827.474,0.0,2.016,223.95000000000002,9.083333333333334,,371.8666666666665,353.22,9871.369999999999,,,,False,CMFT_Engine,Balanced,0.0
2003-03-01,2003-03-01,Wheat,2002,8,9871.369999999999,0.0,2.774,223.95000000000002,9.083333333333334,,371.8666666666665,397.448,8871.795999999998,,,,False,CMFT_Engine,Balanced,-1.8189894035458565e-12
2003-04-01,2003-04-01,Wheat,2002,9,8871.795999999998,0.0,1.3039999999999998,223.95000000000002,9.083333333333334,,371.8666666666665,452.05,7816.149999999999,,,,False,CMFT_Engine,Balanced,-1.8189894035458565e-12
2003-05-01,2003-05-01,Wheat,2002,10,7816.149999999999,0.0,2.3600000000000003,223.95000000000002,9.083333333333334,,371.8666666666665,692.208,6521.401999999998,,,,False,CMFT_Engine,Balanced,9.094947017729282e-13
2003-06-01,2003-06-01,Wheat,2002,11,6521.401999999998,0.0,0.968,223.95000000000002,9.083333333333334,,371.8666666666665,511.644,5405.825999999998,,,,False,CMFT_Engine,Balanced,0.0
2003-07-01,2003-07-01,Wheat,2002,12,5405.825999999998,0.0,0.432,223.95000000000002,9.083333333333334,,371.8666666666665,694.858,4106.5,,,,True,CMFT_Engine,Balanced,-1.8189894035458565e-12
2003-08-01,2003-08-01,Wheat,2003,1,4106.5,18837.0,1.624,221.33333333333334,9.916666666666666,,326.64116666666695,701.158,21686.074833333332,19.7719,19.3261,35.813799830281326,False,CMFT_Engine,Balanced,0.0
2003-09-01,2003-09-01,Wheat,2003,2,21686.074833333332,0.0,4.782,221.33333333333334,9.916666666666666,,326.64116666666695,1093.95,20039.015666666663,,,,False,CMFT_Engine,Balanced,0.0
2003-10-01,2003-10-01,Wheat,2003,3,20039.015666666663,0.0,2.532,221.33333333333334,9.916666666666666,,326.64116666666695,1201.09,18282.566499999994,,,,False,CMFT_Engine,Balanced,0.0
2003-11-01,2003-11-01,Wheat,2003,4,18282.566499999994,0.0,1.512,221.33333333333334,9.916666666666666,,326.64116666666695,954.188,16771.999333333326,,,,False,CMFT_Engine,Balanced,0.0
2003-12-01,2003-12-01,Wheat,2003,5,16771.999333333326,0.0,1.252,221.33333333333334,9.916666666666666,,326.64116666666695,1072.484,15142.87616666666,,,,False,CMFT_Engine,Balanced,0.0
2004-01-01,2004-01-01,Wheat,2003,6,15142.87616666666,0.0,0.7,221.33333333333334,9.916666666666666,,326.64116666666695,787.754,13797.930999999993,,,,False,CMFT_Engine,Balanced,0.0
2004-02-01,2004-02-01,Wheat,2003,7,13797.930999999993,0.0,0.96,221.33333333333334,9.916666666666666,,326.64116666666695,718.62,12522.379833333325,,,,False,CMFT_Engine,Balanced,0.0
2004-03-01,2004-03-01,Wheat,2003,8,12522.379833333325,0.0,0.788,221.33333333333334,9.916666666666666,,326.64116666666695,898.348,11066.92866666666,,,,False,CMFT_Engine,Balanced,0.0
2004-04-01,2004-04-01,Wheat,2003,9,11066.92866666666,0.0,0.6920000000000001,221.33333333333334,9.916666666666666,,326.64116666666695,991.4780000000001,9518.251499999993,,,,False,CMFT_Engine,Balanced,-1.8189894035458565e-12
2004-05-01,2004-05-01,Wheat,2003,10,9518.251499999993,0.0,0.572,221.33333333333334,9.916666666666666,,326.64116666666695,1396.122,7564.810333333326,,,,False,CMFT_Engine,Balanced,9.094947017729282e-13
2004-06-01,2004-06-01,Wheat,2003,11,7564.810333333326,0.0,0.482,221.33333333333334,9.916666666666666,,326.64116666666695,1380.392,5627.0091666666585,,,,False,CMFT_Engine,Balanced,0.0
2004-07-01,2004-07-01,Wheat,2003,12,5627.0091666666585,0.0,0.41600000000000004,221.33333333333334,9.916666666666666,,326.64116666666695,858.434,4211.1,,,,True,CMFT_Engine,Balanced,-9.094947017729282e-12
2004-08-01,2004-08-01,Wheat,2004,1,4211.1,19994.1,1.868,225.875,11.166666666666666,,383.9990000000001,1222.426,22363.60133333333,19.1433,18.1311,40.51917490775518,False,CMFT_Engine,Balanced,0.0
2004-09-01,2004-09-01,Wheat,2004,2,22363.60133333333,0.0,2.498,225.875,11.166666666666666,,383.9990000000001,773.544,20971.514666666662,,,,False,CMFT_Engine,Balanced,-3.637978807091713e-12
2004-10-01,2004-10-01,Wheat,2004,3,20971.514666666662,0.0,2.144,225.875,11.166666666666666,,383.9990000000001,666.1999999999999,19686.417999999998,,,,False,CMFT_Engine,Balanced,-3.637978807091713e-12
2004-11-01,2004-11-01,Wheat,2004,4,19686.417999999998,0.0,0.9179999999999999,225.875,11.166666666666666,,383.9990000000001,1037.526,18028.769333333334,,,,False,CMFT_Engine,Balanced,-3.637978807091713e-12
2004-12-01,2004-12-01,Wheat,2004,5,18028.769333333334,0.0,0.6,225.875,11.166666666666666,,383.9990000000001,1158.662,16249.666666666664,,,,False,CMFT_Engine,Balanced,0.0
2005-01-01,2005-01-01,Wheat,2004,6,16249.666666666664,0.0,0.532,225.875,11.166666666666666,,383.9990000000001,945.51,14683.647999999997,,,,False,CMFT_Engine,Balanced,0.0
2005-02-01,2005-02-01,Wheat,2004,7,14683.647999999997,0.0,0.368,225.875,11.166666666666666,,383.9990000000001,1066.98,12995.99533333333,,,,False,CMFT_Engine,Balanced,1.8189894035458565e-12
2005-03-01,2005-03-01,Wheat,2004,8,12995.99533333333,0.0,0.6900000000000001,225.875,11.166666666666666,,383.9990000000001,941.944,11433.700666666664,,,,False,CMFT_Engine,Balanced,1.8189894035458565e-12
2005-04-01,2005-04-01,Wheat,2004,9,11433.700666666664,0.0,0.648,225.875,11.166666666666666,,383.9990000000001,874.3100000000001,9938.997999999996,,,,False,CMFT_Engine,Balanced,1.8189894035458565e-12
2005-05-01,2005-05-01,Wheat,2004,10,9938.997999999996,0.0,0.6880000000000001,225.875,11.166666666666666,,383.9990000000001,1014.712,8303.933333333329,,,,False,CMFT_Engine,Balanced,1.8189894035458565e-12
2005-06-01,2005-06-01,Wheat,2004,11,8303.933333333329,0.0,1.388,225.875,11.166666666666666,,383.9990000000001,765.67,6918.610666666664,,,,False,CMFT_Engine,Balanced,-9.094947017729282e-13
2005-07-01,2005-07-01,Wheat,2004,12,6918.610666666664,0.0,0.932,225.875,11.166666666666666,,383.9990000000001,863.402,5435.1,,,,True,CMFT_Engine,Balanced,-3.637978807091713e-12
2005-08-01,2005-08-01,Wheat,2005,1,5435.1,19833.5,3.914,228.5,14.833333333333334,,371.085333333333,783.01,23875.085333333333,18.1559,17.6074,41.38919851596487,False,CMFT_Engine,Balanced,3.637978807091713e-12
2005-09-01,2005-09-01,Wheat,2005,2,23875.085333333333,0.0,3.2380000000000004,228.5,14.833333333333334,,371.085333333333,751.02,22512.88466666667,,,,False,CMFT_Engine,Balanced,0.0
2005-10-01,2005-10-01,Wheat,2005,3,22512.88466666667,0.0,2.64,228.5,14.833333333333334,,371.085333333333,914.162,20986.944000000003,,,,False,CMFT_Engine,Balanced,0.0
2005-11-01,2005-11-01,Wheat,2005,4,20986.944000000003,0.0,1.42,228.5,14.833333333333334,,371.085333333333,820.976,19552.969333333334,,,,False,CMFT_Engine,Balanced,3.637978807091713e-12
2005-12-01,2005-12-01,Wheat,2005,5,19552.969333333334,0.0,1.3,228.5,14.833333333333334,,371.085333333333,706.172,18233.678666666667,,,,False,CMFT_Engine,Balanced,3.637978807091713e-12
2006-01-01,2006-01-01,Wheat,2005,6,18233.678666666667,0.0,1.438,228.5,14.833333333333334,,371.085333333333,812.806,16807.892,,,,False,CMFT_Engine,Balanced,0.0
2006-02-01,2006-02-01,Wheat,2005,7,16807.892,0.0,1.108,228.5,14.833333333333334,,371.085333333333,855.336,15339.245333333334,,,,False,CMFT_Engine,Balanced,1.8189894035458565e-12
2006-03-01,2006-03-01,Wheat,2005,8,15339.245333333334,0.0,1.262,228.5,14.833333333333334,,371.085333333333,907.23,13818.858666666669,,,,False,CMFT_Engine,Balanced,0.0
2006-04-01,2006-04-01,Wheat,2005,9,13818.858666666669,0.0,0.992,228.5,14.833333333333334,,371.085333333333,1340.388,11865.044000000004,,,,False,CMFT_Engine,Balanced,-1.8189894035458565e-12
2006-05-01,2006-05-01,Wheat,2005,10,11865.044000000004,0.0,1.1960000000000002,228.5,14.833333333333334,,371.085333333333,1440.598,9811.223333333337,,,,False,CMFT_Engine,Balanced,0.0
2006-06-01,2006-06-01,Wheat,2005,11,9811.223333333337,0.0,2.006,228.5,14.833333333333334,,371.085333333333,866.178,8332.63266666667,,,,False,CMFT_Engine,Balanced,0.0
2006-07-01,2006-07-01,Wheat,2005,12,8332.63266666667,0.0,2.218,228.5,14.833333333333334,,371.085333333333,1296.332,6424.1,,,,True,CMFT_Engine,Balanced,3.637978807091713e-12
2006-08-01,2006-08-01,Wheat,2006,1,6424.1,21919.2,4.484,225.25,34.25,,421.18783333333346,1256.282,26410.81416666667,20.549875,20.1745,39.92131200475848,False,CMFT_Engine,Balanced,0.0
2006-09-01,2006-09-01,Wheat,2006,2,26410.81416666667,0.0,4.436,225.25,34.25,,421.18783333333346,1324.462,24410.10033333334,,,,False,CMFT_Engine,Balanced,0.0
2006-10-01,2006-10-01,Wheat,2006,3,24410.10033333334,0.0,1.9580000000000002,225.25,34.25,,421.18783333333346,1358.534,22372.836500000005,,,,False,CMFT_Engine,Balanced,0.0
2006-11-01,2006-11-01,Wheat,2006,4,22372.836500000005,0.0,0.982,225.25,34.25,,421.18783333333346,1226.478,20466.652666666672,,,,False,CMFT_Engine,Balanced,0.0
2006-12-01,2006-12-01,Wheat,2006,5,20466.652666666672,0.0,1.026,225.25,34.25,,421.18783333333346,1247.462,18539.52883333334,,,,False,CMFT_Engine,Balanced,0.0
2007-01-01,2007-01-01,Wheat,2006,6,18539.52883333334,0.0,1.9820000000000002,225.25,34.25,,421.18783333333346,894.63,16966.193000000007,,,,False,CMFT_Engine,Balanced,0.0
2007-02-01,2007-02-01,Wheat,2006,7,16966.193000000007,0.0,1.5739999999999998,225.25,34.25,,421.18783333333346,1017.052,15270.027166666674,,,,False,CMFT_Engine,Balanced,0.0
2007-03-01,2007-03-01,Wheat,2006,8,15270.027166666674,0.0,1.306,225.25,34.25,,421.18783333333346,1029.12,13561.525333333342,,,,False,CMFT_Engine,Balanced,0.0
2007-04-01,2007-04-01,Wheat,2006,9,13561.525333333342,0.0,1.5060000000000002,225.25,34.25,,421.18783333333346,1199.298,11683.045500000007,,,,False,CMFT_Engine,Balanced,0.0
2007-05-01,2007-05-01,Wheat,2006,10,11683.045500000007,0.0,1.998,225.25,34.25,,421.18783333333346,1302.562,9701.793666666674,,,,False,CMFT_Engine,Balanced,0.0
2007-06-01,2007-06-01,Wheat,2006,11,9701.793666666674,0.0,2.032,225.25,34.25,,421.18783333333346,1408.052,7615.08583333334,,,,False,CMFT_Engine,Balanced,0.0
2007-07-01,2007-07-01,Wheat,2006,12,7615.08583333334,0.0,1.4899999999999998,225.25,34.25,,421.18783333333346,1327.688,5608.2,,,,True,CMFT_Engine,Balanced,6.366462912410498e-12
2007-08-01,2007-08-01,Wheat,2007,1,5608.2,16409.0,1.4100000000000001,219.025,32.833333333333336,,235.99633333333347,1284.764,20245.991333333335,16.9631,16.5812,36.36210728415314,False,CMFT_Engine,Balanced,0.0
2007-09-01,2007-09-01,Wheat,2007,2,20245.991333333335,0.0,4.254,219.025,32.833333333333336,,235.99633333333347,1275.328,18487.06266666667,,,,False,CMFT_Engine,Balanced,0.0
2007-10-01,2007-10-01,Wheat,2007,3,18487.06266666667,0.0,2.034,219.025,32.833333333333336,,235.99633333333347,1198.4080000000001,16802.834000000003,,,,False,CMFT_Engine,Balanced,0.0
2007-11-01,2007-11-01,Wheat,2007,4,16802.834000000003,0.0,1.966,219.025,32.833333333333336,,235.99633333333347,982.3679999999999,15334.577333333336,,,,False,CMFT_Engine,Balanced,0.0
2007-12-01,2007-12-01,Wheat,2007,5,15334.577333333336,0.0,1.226,219.025,32.833333333333336,,235.99633333333347,845.644,14002.30466666667,,,,False,CMFT_Engine,Balanced,0.0
2008-01-01,2008-01-01,Wheat,2007,6,14002.30466666667,0.0,1.31,219.025,32.833333333333336,,235.99633333333347,854.148,12661.612000000005,,,,False,CMFT_Engine,Balanced,0.0
2008-02-01,2008-02-01,Wheat,2007,7,12661.612000000005,0.0,0.964,219.025,32.833333333333336,,235.99633333333347,812.04,11362.68133333334,,,,False,CMFT_Engine,Balanced,-1.8189894035458565e-12
2008-03-01,2008-03-01,Wheat,2007,8,11362.68133333334,0.0,1.898,219.025,32.833333333333336,,235.99633333333347,995.6959999999999,9881.028666666673,,,,False,CMFT_Engine,Balanced,0.0
2008-04-01,2008-04-01,Wheat,2007,9,9881.028666666673,0.0,1.622,219.025,32.833333333333336,,235.99633333333347,1071.748,8323.048000000006,,,,False,CMFT_Engine,Balanced,0.0
2008-05-01,2008-05-01,Wheat,2007,10,8323.048000000006,0.0,1.54,219.025,32.833333333333336,,235.99633333333347,1338.21,6498.52333333334,,,,False,CMFT_Engine,Balanced,9.094947017729282e-13
2008-06-01,2008-06-01,Wheat,2007,11,6498.52333333334,0.0,0.82,219.025,32.833333333333336,,235.99633333333347,878.194,5133.294666666673,,,,False,CMFT_Engine,Balanced,9.094947017729282e-13
2008-07-01,2008-07-01,Wheat,2007,12,5133.294666666673,0.0,1.434,219.025,32.833333333333336,,235.99633333333347,1089.474,3557.4,,,,True,CMFT_Engine,Balanced,6.821210263296962e-12
2008-08-01,2008-08-01,Wheat,2008,1,3557.4,23099.9,3.174,209.1,53.833333333333336,,327.31850000000037,950.918,25119.30416666667,19.111,18.779,45.198135983279194,False,CMFT_Engine,Balanced,0.0
2008-09-01,2008-09-01,Wheat,2008,2,25119.30416666667,0.0,3.582,209.1,53.833333333333336,,327.31850000000037,1054.0240000000001,23478.610333333334,,,,False,CMFT_Engine,Balanced,0.0
2008-10-01,2008-10-01,Wheat,2008,3,23478.610333333334,0.0,1.796,209.1,53.833333333333336,,327.31850000000037,1142.656,21747.498499999998,,,,False,CMFT_Engine,Balanced,3.637978807091713e-12
2008-11-01,2008-11-01,Wheat,2008,4,21747.498499999998,0.0,1.218,209.1,53.833333333333336,,327.31850000000037,1270.242,19888.222666666665,,,,False,CMFT_Engine,Balanced,3.637978807091713e-12
2008-12-01,2008-12-01,Wheat,2008,5,19888.222666666665,0.0,0.862,209.1,53.833333333333336,,327.31850000000037,1123.01,18175.82283333333,,,,False,CMFT_Engine,Balanced,3.637978807091713e-12
2009-01-01,2009-01-01,Wheat,2008,6,18175.82283333333,0.0,0.558,209.1,53.833333333333336,,327.31850000000037,1435.994,16150.134999999998,,,,False,CMFT_Engine,Balanced,1.8189894035458565e-12
2009-02-01,2009-02-01,Wheat,2008,7,16150.134999999998,0.0,0.9380000000000001,209.1,53.833333333333336,,327.31850000000037,1170.478,14390.343166666664,,,,False,CMFT_Engine,Balanced,-1.8189894035458565e-12
2009-03-01,2009-03-01,Wheat,2008,8,14390.343166666664,0.0,1.15,209.1,53.833333333333336,,327.31850000000037,1273.318,12527.923333333329,,,,False,CMFT_Engine,Balanced,0.0
2009-04-01,2009-04-01,Wheat,2008,9,12527.923333333329,0.0,3.3579999999999997,209.1,53.833333333333336,,327.31850000000037,1509.1979999999999,10431.831499999995,,,,False,CMFT_Engine,Balanced,-1.8189894035458565e-12
2009-05-01,2009-05-01,Wheat,2008,10,10431.831499999995,0.0,4.032,209.1,53.833333333333336,,327.31850000000037,1565.472,8280.139666666659,,,,False,CMFT_Engine,Balanced,0.0
2009-06-01,2009-06-01,Wheat,2008,11,8280.139666666659,0.0,1.046,209.1,53.833333333333336,,327.31850000000037,1245.03,6445.903833333326,,,,False,CMFT_Engine,Balanced,0.0
2009-07-01,2009-07-01,Wheat,2008,12,6445.903833333326,0.0,1.3599999999999999,209.1,53.833333333333336,,327.31850000000037,1215.312,4641.7,,,,True,CMFT_Engine,Balanced,-8.185452315956354e-12
2009-08-01,2009-08-01,Wheat,2009,1,4641.7,21550.3,31.240000000000002,214.15,60.75,,173.55533333333338,1469.288,24305.49666666667,19.2571,18.3619,43.12395547900816,False,CMFT_Engine,Balanced,-3.637978807091713e-12
2009-09-01,2009-09-01,Wheat,2009,2,24305.49666666667,0.0,22.298000000000002,214.15,60.75,,173.55533333333338,1123.17,22756.169333333335,,,,False,CMFT_Engine,Balanced,-3.637978807091713e-12
2009-10-01,2009-10-01,Wheat,2009,3,22756.169333333335,0.0,15.927999999999999,214.15,60.75,,173.55533333333338,1239.336,21084.306,,,,False,CMFT_Engine,Balanced,0.0
2009-11-01,2009-11-01,Wheat,2009,4,21084.306,0.0,16.688,214.15,60.75,,173.55533333333338,1244.4,19408.138666666666,,,,False,CMFT_Engine,Balanced,-3.637978807091713e-12
2009-12-01,2009-12-01,Wheat,2009,5,19408.138666666666,0.0,4.55,214.15,60.75,,173.55533333333338,967.658,17996.57533333333,,,,False,CMFT_Engine,Balanced,0.0
2010-01-01,2010-01-01,Wheat,2009,6,17996.57533333333,0.0,3.536,214.15,60.75,,173.55533333333338,1326.686,16224.969999999998,,,,False,CMFT_Engine,Balanced,-1.8189894035458565e-12
2010-02-01,2010-02-01,Wheat,2009,7,16224.969999999998,0.0,3.226,214.15,60.75,,173.55533333333338,1179.858,14599.882666666665,,,,False,CMFT_Engine,Balanced,0.0
2010-03-01,2010-03-01,Wheat,2009,8,14599.882666666665,0.0,3.4960000000000004,214.15,60.75,,173.55533333333338,1368.798,12786.12533333333,,,,False,CMFT_Engine,Balanced,0.0
2010-04-01,2010-04-01,Wheat,2009,9,12786.12533333333,0.0,2.918,214.15,60.75,,173.55533333333338,1388.4,10952.187999999995,,,,False,CMFT_Engine,Balanced,1.8189894035458565e-12
2010-05-01,2010-05-01,Wheat,2009,10,10952.187999999995,0.0,2.266,214.15,60.75,,173.55533333333338,1716.994,8789.00466666666,,,,False,CMFT_Engine,Balanced,0.0
2010-06-01,2010-06-01,Wheat,2009,11,8789.00466666666,0.0,3.064,214.15,60.75,,173.55533333333338,1510.97,6832.643333333327,,,,False,CMFT_Engine,Balanced,0.0
2010-07-01,2010-07-01,Wheat,2009,12,6832.643333333327,0.0,5.76,214.15,60.75,,173.55533333333338,1340.948,5049.0,,,,True,CMFT_Engine,Balanced,-6.366462912410498e-12
2010-08-01,2010-08-01,Wheat,2010,1,5049.0,20274.9,1.884,211.59166666666667,68.33333333333333,,241.47116666666693,1127.824,23676.563833333334,17.9841,17.426,42.75076570239871,False,CMFT_Engine,Balanced,0.0
2010-09-01,2010-09-01,Wheat,2010,2,23676.563833333334,0.0,3.52,211.59166666666667,68.33333333333333,,241.47116666666693,1044.008,22114.679666666667,,,,False,CMFT_Engine,Balanced,0.0
2010-10-01,2010-10-01,Wheat,2010,3,22114.679666666667,0.0,0.804,211.59166666666667,68.33333333333333,,241.47116666666693,1242.1,20351.9875,,,,False,CMFT_Engine,Balanced,3.637978807091713e-12
2010-11-01,2010-11-01,Wheat,2010,4,20351.9875,0.0,1.064,211.59166666666667,68.33333333333333,,241.47116666666693,1047.298,18784.35733333333,,,,False,CMFT_Engine,Balanced,3.637978807091713e-12
2010-12-01,2010-12-01,Wheat,2010,5,18784.35733333333,0.0,1.496,211.59166666666667,68.33333333333333,,241.47116666666693,1221.992,17042.46516666666,,,,False,CMFT_Engine,Balanced,3.637978807091713e-12
2011-01-01,2011-01-01,Wheat,2010,6,17042.46516666666,0.0,2.042,211.59166666666667,68.33333333333333,,241.47116666666693,830.172,15692.938999999997,,,,False,CMFT_Engine,Balanced,0.0
2011-02-01,2011-02-01,Wheat,2010,7,15692.938999999997,0.0,1.578,211.59166666666667,68.33333333333333,,241.47116666666693,765.952,14407.16883333333,,,,False,CMFT_Engine,Balanced,0.0
2011-03-01,2011-03-01,Wheat,2010,8,14407.16883333333,0.0,1.868,211.59166666666667,68.33333333333333,,241.47116666666693,1120.886,12766.754666666664,,,,False,CMFT_Engine,Balanced,-1.8189894035458565e-12
2011-04-01,2011-04-01,Wheat,2010,9,12766.754666666664,0.0,2.424,211.59166666666667,68.33333333333333,,241.47116666666693,1267.722,10980.0605,,,,False,CMFT_Engine,Balanced,-1.8189894035458565e-12
2011-05-01,2011-05-01,Wheat,2010,10,10980.0605,0.0,2.2279999999999998,211.59166666666667,68.33333333333333,,241.47116666666693,1326.548,9134.344333333333,,,,False,CMFT_Engine,Balanced,-1.8189894035458565e-12
2011-06-01,2011-06-01,Wheat,2010,11,9134.344333333333,0.0,1.954,211.59166666666667,68.33333333333333,,241.47116666666693,1345.554,7269.348166666665,,,,False,CMFT_Engine,Balanced,0.0
2011-07-01,2011-07-01,Wheat,2010,12,7269.348166666665,0.0,10.66,211.59166666666667,68.33333333333333,,241.47116666666693,964.912,5793.7,,,,True,CMFT_Engine,Balanced,-1.8189894035458565e-12
2011-08-01,2011-08-01,Wheat,2011,1,5793.7,21115.9,2.866,207.61666666666667,87.33333333333333,,439.1100833333335,1205.268,24973.13791666667,17.551812,17.2035,45.09990960153457,False,CMFT_Engine,Balanced,3.637978807091713e-12
2011-09-01,2011-09-01,Wheat,2011,2,24973.13791666667,0.0,3.582,207.61666666666667,87.33333333333333,,439.1100833333335,1040.786,23201.873833333335,,,,False,CMFT_Engine,Balanced,3.637978807091713e-12
2011-10-01,2011-10-01,Wheat,2011,3,23201.873833333335,0.0,1.594,207.61666666666667,87.33333333333333,,439.1100833333335,1148.538,21320.86975,,,,False,CMFT_Engine,Balanced,3.637978807091713e-12
2011-11-01,2011-11-01,Wheat,2011,4,21320.86975,0.0,6.024000000000001,207.61666666666667,87.33333333333333,,439.1100833333335,1029.134,19563.69966666667,,,,False,CMFT_Engine,Balanced,3.637978807091713e-12
2011-12-01,2011-12-01,Wheat,2011,5,19563.69966666667,0.0,1.648,207.61666666666667,87.33333333333333,,439.1100833333335,1298.916,17532.37158333334,,,,False,CMFT_Engine,Balanced,0.0
2012-01-01,2012-01-01,Wheat,2011,6,17532.37158333334,0.0,1.51,207.61666666666667,87.33333333333333,,439.1100833333335,967.217,15832.604500000007,,,,False,CMFT_Engine,Balanced,1.8189894035458565e-12
2012-02-01,2012-02-01,Wheat,2011,7,15832.604500000007,0.0,13.179,207.61666666666667,87.33333333333333,,439.1100833333335,1109.288,14002.435416666674,,,,False,CMFT_Engine,Balanced,-1.8189894035458565e-12
2012-03-01,2012-03-01,Wheat,2011,8,14002.435416666674,0.0,11.770999999999999,207.61666666666667,87.33333333333333,,439.1100833333335,1326.3899999999999,11953.756333333342,,,,False,CMFT_Engine,Balanced,0.0
2012-04-01,2012-04-01,Wheat,2011,9,11953.756333333342,0.0,3.335,207.61666666666667,87.33333333333333,,439.1100833333335,1484.231,9738.800250000008,,,,False,CMFT_Engine,Balanced,0.0
2012-05-01,2012-05-01,Wheat,2011,10,9738.800250000008,0.0,1.912,207.61666666666667,87.33333333333333,,439.1100833333335,1422.112,7584.540166666675,,,,False,CMFT_Engine,Balanced,-9.094947017729282e-13
2012-06-01,2012-06-01,Wheat,2011,11,7584.540166666675,0.0,10.802999999999999,207.61666666666667,87.33333333333333,,439.1100833333335,839.678,6021.605083333341,,,,False,CMFT_Engine,Balanced,0.0
2012-07-01,2012-07-01,Wheat,2011,12,6021.605083333341,0.0,2.8850000000000002,207.61666666666667,87.33333333333333,,439.1100833333335,844.53,4445.9,,,,True,CMFT_Engine,Balanced,8.185452315956354e-12
2012-08-01,2012-08-01,Wheat,2012,1,4445.9,22619.4,2.443,208.61666666666667,65.25,,454.72575000000046,1270.791,25068.359583333335,19.0678,18.8391,44.116780938579865,False,CMFT_Engine,Balanced,0.0
2012-09-01,2012-09-01,Wheat,2012,2,25068.359583333335,0.0,2.942,208.61666666666667,65.25,,454.72575000000046,1190.805,23151.904166666667,,,,False,CMFT_Engine,Balanced,0.0
2012-10-01,2012-10-01,Wheat,2012,3,23151.904166666667,0.0,2.8040000000000003,208.61666666666667,65.25,,454.72575000000046,1105.744,21320.37175,,,,False,CMFT_Engine,Balanced,3.637978807091713e-12
2012-11-01,2012-11-01,Wheat,2012,4,21320.37175,0.0,1.954,208.61666666666667,65.25,,454.72575000000046,1074.88,19518.853333333333,,,,False,CMFT_Engine,Balanced,0.0
2012-12-01,2012-12-01,Wheat,2012,5,19518.853333333333,0.0,1.423,208.61666666666667,65.25,,454.72575000000046,1319.481,17472.202916666665,,,,False,CMFT_Engine,Balanced,0.0
2013-01-01,2013-01-01,Wheat,2012,6,17472.202916666665,0.0,1.754,208.61666666666667,65.25,,454.72575000000046,1298.5349999999999,15446.8295,,,,False,CMFT_Engine,Balanced,0.0
2013-02-01,2013-02-01,Wheat,2012,7,15446.8295,0.0,1.517,208.61666666666667,65.25,,454.72575000000046,1101.5710000000001,13618.183083333333,,,,False,CMFT_Engine,Balanced,0.0
2013-03-01,2013-03-01,Wheat,2012,8,13618.183083333333,0.0,1.6480000000000001,208.61666666666667,65.25,,454.72575000000046,1250.5159999999998,11640.722666666667,,,,False,CMFT_Engine,Balanced,0.0
2013-04-01,2013-04-01,Wheat,2012,9,11640.722666666667,0.0,2.033,208.61666666666667,65.25,,454.72575000000046,1320.83,9593.33325,,,,False,CMFT_Engine,Balanced,0.0
2013-05-01,2013-05-01,Wheat,2012,10,9593.33325,0.0,2.23,208.61666666666667,65.25,,454.72575000000046,1439.526,7427.444833333332,,,,False,CMFT_Engine,Balanced,9.094947017729282e-13
2013-06-01,2013-06-01,Wheat,2012,11,7427.444833333332,0.0,14.691,208.61666666666667,65.25,,454.72575000000046,846.2,5867.343416666665,,,,False,CMFT_Engine,Balanced,0.0
2013-07-01,2013-07-01,Wheat,2012,12,5867.343416666665,0.0,2.6,208.61666666666667,65.25,,454.72575000000046,1156.051,3985.3,,,,True,CMFT_Engine,Balanced,-2.2737367544323206e-12
2013-08-01,2013-08-01,Wheat,2013,1,3985.3,31084.6,2.737,212.3083333333333,73.25,,422.8816666666664,1255.348,33108.849,21.2865,20.861,54.75112492306217,False,CMFT_Engine,Balanced,0.0
2013-09-01,2013-09-01,Wheat,2013,2,33108.849,0.0,3.708,212.3083333333333,73.25,,422.8816666666664,1338.953,31065.164,,,,False,CMFT_Engine,Balanced,-3.637978807091713e-12
2013-10-01,2013-10-01,Wheat,2013,3,31065.164,0.0,1.9,212.3083333333333,73.25,,422.8816666666664,1480.882,28877.742000000002,,,,False,CMFT_Engine,Balanced,-3.637978807091713e-12
2013-11-01,2013-11-01,Wheat,2013,4,28877.742000000002,0.0,1.673,212.3083333333333,73.25,,422.8816666666664,1628.411,26542.564,,,,False,CMFT_Engine,Balanced,0.0
2013-12-01,2013-12-01,Wheat,2013,5,26542.564,0.0,7.161,212.3083333333333,73.25,,422.8816666666664,1212.051,24629.233999999997,,,,False,CMFT_Engine,Balanced,0.0
2014-01-01,2014-01-01,Wheat,2013,6,24629.233999999997,0.0,1.6769999999999998,212.3083333333333,73.25,,422.8816666666664,1349.718,22572.752999999997,,,,False,CMFT_Engine,Balanced,-3.637978807091713e-12
2014-02-01,2014-02-01,Wheat,2013,7,22572.752999999997,0.0,1.951,212.3083333333333,73.25,,422.8816666666664,1299.82,20566.443999999996,,,,False,CMFT_Engine,Balanced,0.0
2014-03-01,2014-03-01,Wheat,2013,8,20566.443999999996,0.0,5.3870000000000005,212.3083333333333,73.25,,422.8816666666664,1263.3829999999998,18600.007999999994,,,,False,CMFT_Engine,Balanced,0.0
2014-04-01,2014-04-01,Wheat,2013,9,18600.007999999994,0.0,10.133,212.3083333333333,73.25,,422.8816666666664,1456.8,16444.900999999994,,,,False,CMFT_Engine,Balanced,0.0
2014-05-01,2014-05-01,Wheat,2013,10,16444.900999999994,0.0,3.839,212.3083333333333,73.25,,422.8816666666664,2137.037,13603.262999999995,,,,False,CMFT_Engine,Balanced,0.0
2014-06-01,2014-06-01,Wheat,2013,11,13603.262999999995,0.0,5.365,212.3083333333333,73.25,,422.8816666666664,1674.239,11225.948999999995,,,,False,CMFT_Engine,Balanced,1.8189894035458565e-12
2014-07-01,2014-07-01,Wheat,2013,12,11225.948999999995,0.0,4.453,212.3083333333333,73.25,,422.8816666666664,1863.3619999999999,8658.6,,,,True,CMFT_Engine,Balanced,-3.637978807091713e-12
2014-08-01,2014-08-01,Wheat,2014,1,8658.6,24249.4,5.306,206.24166666666667,66.75,,417.35216666666685,2157.443,30065.51916666666,19.6078,18.9173,47.10041489958926,False,CMFT_Engine,Balanced,3.637978807091713e-12
2014-09-01,2014-09-01,Wheat,2014,2,30065.51916666666,0.0,5.875,206.24166666666667,66.75,,417.35216666666685,1563.991,27817.059333333327,,,,False,CMFT_Engine,Balanced,3.637978807091713e-12
2014-10-01,2014-10-01,Wheat,2014,3,27817.059333333327,0.0,1.679,206.24166666666667,66.75,,417.35216666666685,1564.379,25564.015499999994,,,,False,CMFT_Engine,Balanced,0.0
2014-11-01,2014-11-01,Wheat,2014,4,25564.015499999994,0.0,8.366,206.24166666666667,66.75,,417.35216666666685,1337.324,23544.713666666663,,,,False,CMFT_Engine,Balanced,0.0
2014-12-01,2014-12-01,Wheat,2014,5,23544.713666666663,0.0,78.819,206.24166666666667,66.75,,417.35216666666685,907.454,22025.73483333333,,,,False,CMFT_Engine,Balanced,0.0
2015-01-01,2015-01-01,Wheat,2014,6,22025.73483333333,0.0,6.596,206.24166666666667,66.75,,417.35216666666685,1505.3319999999999,19836.654999999995,,,,False,CMFT_Engine,Balanced,3.637978807091713e-12
2015-02-01,2015-02-01,Wheat,2014,7,19836.654999999995,0.0,4.436999999999999,206.24166666666667,66.75,,417.35216666666685,1139.25,18011.49816666666,,,,False,CMFT_Engine,Balanced,3.637978807091713e-12
2015-03-01,2015-03-01,Wheat,2014,8,18011.49816666666,0.0,8.407,206.24166666666667,66.75,,417.35216666666685,1614.483,15715.078333333326,,,,False,CMFT_Engine,Balanced,1.8189894035458565e-12
2015-04-01,2015-04-01,Wheat,2014,9,15715.078333333326,0.0,9.155000000000001,206.24166666666667,66.75,,417.35216666666685,1119.224,13914.665499999992,,,,False,CMFT_Engine,Balanced,0.0
2015-05-01,2015-05-01,Wheat,2014,10,13914.665499999992,0.0,9.399000000000001,206.24166666666667,66.75,,417.35216666666685,2158.329,11075.391666666657,,,,False,CMFT_Engine,Balanced,0.0
2015-06-01,2015-06-01,Wheat,2014,11,11075.391666666657,0.0,5.952999999999999,206.24166666666667,66.75,,417.35216666666685,2037.508,8353.492833333323,,,,False,CMFT_Engine,Balanced,0.0
2015-07-01,2015-07-01,Wheat,2014,12,8353.492833333323,0.0,9.575,206.24166666666667,66.75,,417.35216666666685,1548.224,6124.5,,,,True,CMFT_Engine,Balanced,-1.000444171950221e-11
2015-08-01,2015-08-01,Wheat,2015,1,6124.5,22258.7,11.954,220.45000000000002,55.333333333333336,,313.7703333333332,2007.363,25798.237333333334,18.3973,17.9002,45.690383078960004,False,CMFT_Engine,Balanced,0.0
2015-09-01,2015-09-01,Wheat,2015,2,25798.237333333334,0.0,5.832,220.45000000000002,55.333333333333336,,313.7703333333332,1457.8319999999999,23756.683666666664,,,,False,CMFT_Engine,Balanced,3.637978807091713e-12
2015-10-01,2015-10-01,Wheat,2015,3,23756.683666666664,0.0,14.055,220.45000000000002,55.333333333333336,,313.7703333333332,1284.345,21896.839999999997,,,,False,CMFT_Engine,Balanced,0.0
2015-11-01,2015-11-01,Wheat,2015,4,21896.839999999997,0.0,5.23,220.45000000000002,55.333333333333336,,313.7703333333332,1763.701,19548.81533333333,,,,False,CMFT_Engine,Balanced,0.0
2015-12-01,2015-12-01,Wheat,2015,5,19548.81533333333,0.0,5.234,220.45000000000002,55.333333333333336,,313.7703333333332,1448.2559999999999,17516.23966666666,,,,False,CMFT_Engine,Balanced,0.0
2016-01-01,2016-01-01,Wheat,2015,6,17516.23966666666,0.0,5.611000000000001,220.45000000000002,55.333333333333336,,313.7703333333332,1079.142,15853.154999999995,,,,False,CMFT_Engine,Balanced,0.0
2016-02-01,2016-02-01,Wheat,2015,7,15853.154999999995,0.0,5.879,220.45000000000002,55.333333333333336,,313.7703333333332,1137.6680000000001,14131.812333333328,,,,False,CMFT_Engine,Balanced,0.0
2016-03-01,2016-03-01,Wheat,2015,8,14131.812333333328,0.0,4.582,220.45000000000002,55.333333333333336,,313.7703333333332,1216.905,12329.93566666666,,,,False,CMFT_Engine,Balanced,-1.8189894035458565e-12
2016-04-01,2016-04-01,Wheat,2015,9,12329.93566666666,0.0,4.229,220.45000000000002,55.333333333333336,,313.7703333333332,1838.233,9906.377999999993,,,,False,CMFT_Engine,Balanced,-1.8189894035458565e-12
2016-05-01,2016-05-01,Wheat,2015,10,9906.377999999993,0.0,8.543,220.45000000000002,55.333333333333336,,313.7703333333332,1231.529,8093.838333333327,,,,False,CMFT_Engine,Balanced,-2.7284841053187847e-12
2016-06-01,2016-06-01,Wheat,2015,11,8093.838333333327,0.0,12.17,220.45000000000002,55.333333333333336,,313.7703333333332,1362.863,6153.591666666661,,,,False,CMFT_Engine,Balanced,0.0
2016-07-01,2016-07-01,Wheat,2015,12,6153.591666666661,0.0,12.395,220.45000000000002,55.333333333333336,,313.7703333333332,1498.433,4078.0,,,,True,CMFT_Engine,Balanced,-4.547473508864641e-12
2016-08-01,2016-08-01,Wheat,2016,1,4078.0,24378.1,10.642,211.04166666666666,60.833333333333336,,395.43199999999956,1304.724,26494.711,17.681097,16.4159,54.56548790928307,False,CMFT_Engine,Balanced,0.0
2016-09-01,2016-09-01,Wheat,2016,2,26494.711,0.0,11.547,211.04166666666666,60.833333333333336,,395.43199999999956,1152.8799999999999,24686.070999999996,,,,False,CMFT_Engine,Balanced,0.0
2016-10-01,2016-10-01,Wheat,2016,3,24686.070999999996,0.0,14.898,211.04166666666666,60.833333333333336,,395.43199999999956,1454.162,22579.499999999996,,,,False,CMFT_Engine,Balanced,0.0
2016-11-01,2016-11-01,Wheat,2016,4,22579.499999999996,0.0,9.639999999999999,211.04166666666666,60.833333333333336,,395.43199999999956,1203.946,20717.886999999995,,,,False,CMFT_Engine,Balanced,0.0
2016-12-01,2016-12-01,Wheat,2016,5,20717.886999999995,0.0,9.19,211.04166666666666,60.833333333333336,,395.43199999999956,1106.042,18953.727999999992,,,,False,CMFT_Engine,Balanced,0.0
2017-01-01,2017-01-01,Wheat,2016,6,18953.727999999992,0.0,6.529,211.04166666666666,60.833333333333336,,395.43199999999956,1011.527,17281.422999999988,,,,False,CMFT_Engine,Balanced,0.0
2017-02-01,2017-02-01,Wheat,2016,7,17281.422999999988,0.0,8.744,211.04166666666666,60.833333333333336,,395.43199999999956,1026.32,15596.539999999988,,,,False,CMFT_Engine,Balanced,-1.8189894035458565e-12
2017-03-01,2017-03-01,Wheat,2016,8,15596.539999999988,0.0,5.333,211.04166666666666,60.833333333333336,,395.43199999999956,1268.587,13665.97899999999,,,,False,CMFT_Engine,Balanced,0.0
2017-04-01,2017-04-01,Wheat,2016,9,13665.97899999999,0.0,6.193,211.04166666666666,60.833333333333336,,395.43199999999956,1315.171,11689.69399999999,,,,False,CMFT_Engine,Balanced,0.0
2017-05-01,2017-05-01,Wheat,2016,10,11689.69399999999,0.0,3.793,211.04166666666666,60.833333333333336,,395.43199999999956,1700.723,9325.456999999991,,,,False,CMFT_Engine,Balanced,0.0
2017-06-01,2017-06-01,Wheat,2016,11,9325.456999999991,0.0,14.290000000000001,211.04166666666666,60.833333333333336,,395.43199999999956,1441.22,7231.219999999992,,,,False,CMFT_Engine,Balanced,9.094947017729282e-13
2017-07-01,2017-07-01,Wheat,2016,12,7231.219999999992,0.0,3.5940000000000003,211.04166666666666,60.833333333333336,,395.43199999999956,1464.307,5103.2,,,,True,CMFT_Engine,Balanced,-7.275957614183426e-12
2017-08-01,2017-08-01,Wheat,2017,1,5103.2,25415.1,7.99,220.725,46.916666666666664,,410.2290000000002,1584.488,28263.931333333334,17.3463,17.0386,54.80760214278168,False,CMFT_Engine,Balanced,0.0
2017-09-01,2017-09-01,Wheat,2017,2,28263.931333333334,0.0,7.753,220.725,46.916666666666664,,410.2290000000002,1325.509,26268.304666666667,,,,False,CMFT_Engine,Balanced,3.637978807091713e-12
2017-10-01,2017-10-01,Wheat,2017,3,26268.304666666667,0.0,5.423,220.725,46.916666666666664,,410.2290000000002,1365.946,24229.911,,,,False,CMFT_Engine,Balanced,0.0
2017-11-01,2017-11-01,Wheat,2017,4,24229.911,0.0,5.939,220.725,46.916666666666664,,410.2290000000002,1502.82,22055.159333333333,,,,False,CMFT_Engine,Balanced,0.0
2017-12-01,2017-12-01,Wheat,2017,5,22055.159333333333,0.0,3.1670000000000003,220.725,46.916666666666664,,410.2290000000002,1231.941,20148.51466666667,,,,False,CMFT_Engine,Balanced,0.0
2018-01-01,2018-01-01,Wheat,2017,6,20148.51466666667,0.0,4.361,220.725,46.916666666666664,,410.2290000000002,1741.699,17733.306000000004,,,,False,CMFT_Engine,Balanced,0.0
2018-02-01,2018-02-01,Wheat,2017,7,17733.306000000004,0.0,5.776,220.725,46.916666666666664,,410.2290000000002,941.7629999999999,16119.448333333341,,,,False,CMFT_Engine,Balanced,0.0
2018-03-01,2018-03-01,Wheat,2017,8,16119.448333333341,0.0,8.224,220.725,46.916666666666664,,410.2290000000002,1563.341,13886.460666666675,,,,False,CMFT_Engine,Balanced,0.0
2018-04-01,2018-04-01,Wheat,2017,9,13886.460666666675,0.0,7.36,220.725,46.916666666666664,,410.2290000000002,1518.084,11697.866000000009,,,,False,CMFT_Engine,Balanced,0.0
2018-05-01,2018-05-01,Wheat,2017,10,11697.866000000009,0.0,6.567,220.725,46.916666666666664,,410.2290000000002,1886.572,9139.990333333342,,,,False,CMFT_Engine,Balanced,0.0
2018-06-01,2018-06-01,Wheat,2017,11,9139.990333333342,0.0,4.891,220.725,46.916666666666664,,410.2290000000002,1303.4660000000001,7163.544666666675,,,,False,CMFT_Engine,Balanced,9.094947017729282e-13
2018-07-01,2018-07-01,Wheat,2017,12,7163.544666666675,0.0,8.663,220.725,46.916666666666664,,410.2290000000002,1238.537,5255.8,,,,True,CMFT_Engine,Balanced,6.366462912410498e-12
2018-08-01,2018-08-01,Wheat,2018,1,5255.8,26567.1,8.835,232.84166666666667,41.625,,402.57574999999974,1600.673,29554.01958333333,18.7067,18.3487,53.20123781357807,False,CMFT_Engine,Balanced,0.0
2018-09-01,2018-09-01,Wheat,2018,2,29554.01958333333,0.0,7.276,232.84166666666667,41.625,,402.57574999999974,1665.795,27218.458166666667,,,,False,CMFT_Engine,Balanced,-3.637978807091713e-12
2018-10-01,2018-10-01,Wheat,2018,3,27218.458166666667,0.0,7.2540000000000004,232.84166666666667,41.625,,402.57574999999974,1779.625,24769.04475,,,,False,CMFT_Engine,Balanced,0.0
2018-11-01,2018-11-01,Wheat,2018,4,24769.04475,0.0,4.11,232.84166666666667,41.625,,402.57574999999974,1746.837,22349.275333333335,,,,False,CMFT_Engine,Balanced,0.0
2018-12-01,2018-12-01,Wheat,2018,5,22349.275333333335,0.0,4.239,232.84166666666667,41.625,,402.57574999999974,1684.484,19991.98791666667,,,,False,CMFT_Engine,Balanced,0.0
2019-01-01,2019-01-01,Wheat,2018,6,19991.98791666667,0.0,2.883,232.84166666666667,41.625,,402.57574999999974,1605.779,17712.049500000005,,,,False,CMFT_Engine,Balanced,0.0
2019-02-01,2019-02-01,Wheat,2018,7,17712.049500000005,0.0,3.516,232.84166666666667,41.625,,402.57574999999974,1242.6000000000001,15795.923083333337,,,,False,CMFT_Engine,Balanced,0.0
2019-03-01,2019-03-01,Wheat,2018,8,15795.923083333337,0.0,7.0409999999999995,232.84166666666667,41.625,,402.57574999999974,1479.349,13646.572666666669,,,,False,CMFT_Engine,Balanced,0.0
2019-04-01,2019-04-01,Wheat,2018,9,13646.572666666669,0.0,5.1739999999999995,232.84166666666667,41.625,,402.57574999999974,1941.366,11033.338250000003,,,,False,CMFT_Engine,Balanced,0.0
2019-05-01,2019-05-01,Wheat,2018,10,11033.338250000003,0.0,10.322999999999999,232.84166666666667,41.625,,402.57574999999974,2044.611,8322.007833333337,,,,False,CMFT_Engine,Balanced,-1.8189894035458565e-12
2019-06-01,2019-06-01,Wheat,2018,11,8322.007833333337,0.0,23.627000000000002,232.84166666666667,41.625,,402.57574999999974,1496.638,6171.954416666671,,,,False,CMFT_Engine,Balanced,0.0
2019-07-01,2019-07-01,Wheat,2018,12,6171.954416666671,0.0,10.84,232.84166666666667,41.625,,402.57574999999974,1297.052,4208.7,,,,True,CMFT_Engine,Balanced,5.4569682106375694e-12
2019-08-01,2019-08-01,Wheat,2019,1,4208.7,27652.8,17.968,233.65833333333333,47.10833333333333,,448.6042500000005,1418.296,29731.801083333336,20.1276,19.1602,53.030040780367635,False,CMFT_Engine,Balanced,0.0
2019-09-01,2019-09-01,Wheat,2019,2,29731.801083333336,0.0,14.672999999999998,233.65833333333333,47.10833333333333,,448.6042500000005,1140.92,27876.183166666666,,,,False,CMFT_Engine,Balanced,3.637978807091713e-12
2019-10-01,2019-10-01,Wheat,2019,3,27876.183166666666,0.0,12.225999999999999,233.65833333333333,47.10833333333333,,448.6042500000005,1656.701,25502.337249999997,,,,False,CMFT_Engine,Balanced,0.0
2019-11-01,2019-11-01,Wheat,2019,4,25502.337249999997,0.0,12.520999999999999,233.65833333333333,47.10833333333333,,448.6042500000005,1294.113,23491.37433333333,,,,False,CMFT_Engine,Balanced,0.0
2019-12-01,2019-12-01,Wheat,2019,5,23491.37433333333,0.0,14.956,233.65833333333333,47.10833333333333,,448.6042500000005,1338.5,21438.45941666666,,,,False,CMFT_Engine,Balanced,0.0
2020-01-01,2020-01-01,Wheat,2019,6,21438.45941666666,0.0,18.628,233.65833333333333,47.10833333333333,,448.6042500000005,1320.772,19406.944499999994,,,,False,CMFT_Engine,Balanced,0.0
2020-02-01,2020-02-01,Wheat,2019,7,19406.944499999994,0.0,20.891000000000002,233.65833333333333,47.10833333333333,,448.6042500000005,1034.495,17663.969583333328,,,,False,CMFT_Engine,Balanced,0.0
2020-03-01,2020-03-01,Wheat,2019,8,17663.969583333328,0.0,24.907,233.65833333333333,47.10833333333333,,448.6042500000005,1413.882,15545.623666666661,,,,False,CMFT_Engine,Balanced,0.0
2020-04-01,2020-04-01,Wheat,2019,9,15545.623666666661,0.0,19.548000000000002,233.65833333333333,47.10833333333333,,448.6042500000005,1636.673,13199.127749999994,,,,False,CMFT_Engine,Balanced,0.0
2020-05-01,2020-05-01,Wheat,2019,10,13199.127749999994,0.0,5.335,233.65833333333333,47.10833333333333,,448.6042500000005,2336.3849999999998,10138.706833333326,,,,False,CMFT_Engine,Balanced,0.0
2020-06-01,2020-06-01,Wheat,2019,11,10138.706833333326,0.0,9.454,233.65833333333333,47.10833333333333,,448.6042500000005,1737.028,7681.761916666659,,,,False,CMFT_Engine,Balanced,0.0
2020-07-01,2020-07-01,Wheat,2019,12,7681.761916666659,0.0,7.53,233.65833333333333,47.10833333333333,,448.6042500000005,2197.321,4762.6,,,,True,CMFT_Engine,Balanced,-9.094947017729282e-12
2020-08-01,2020-08-01,Wheat,2020,1,4762.6,28866.0,9.353,231.8166666666667,40.275,,414.5954166666672,2054.683,30896.582916666666,19.501,19.0832,55.579967940387355,False,CMFT_Engine,Balanced,-3.637978807091713e-12
2020-09-01,2020-09-01,Wheat,2020,2,30896.582916666666,0.0,5.281000000000001,231.8166666666667,40.275,,414.5954166666672,1545.482,28669.69483333333,,,,False,CMFT_Engine,Balanced,0.0
2020-10-01,2020-10-01,Wheat,2020,3,28669.69483333333,0.0,4.478000000000001,231.8166666666667,40.275,,414.5954166666672,1859.514,26127.971749999997,,,,False,CMFT_Engine,Balanced,0.0
2020-11-01,2020-11-01,Wheat,2020,4,26127.971749999997,0.0,2.6719999999999997,231.8166666666667,40.275,,414.5954166666672,1585.3029999999999,23858.65366666666,,,,False,CMFT_Engine,Balanced,0.0
2020-12-01,2020-12-01,Wheat,2020,5,23858.65366666666,0.0,4.104,231.8166666666667,40.275,,414.5954166666672,1744.4,21431.67058333333,,,,False,CMFT_Engine,Balanced,-3.637978807091713e-12
2021-01-01,2021-01-01,Wheat,2020,6,21431.67058333333,0.0,4.509,231.8166666666667,40.275,,414.5954166666672,1981.942,18767.550499999994,,,,False,CMFT_Engine,Balanced,0.0
2021-02-01,2021-02-01,Wheat,2020,7,18767.550499999994,0.0,5.962,231.8166666666667,40.275,,414.5954166666672,1154.218,16932.60741666666,,,,False,CMFT_Engine,Balanced,0.0
2021-03-01,2021-03-01,Wheat,2020,8,16932.60741666666,0.0,5.882,231.8166666666667,40.275,,414.5954166666672,1892.352,14359.450333333327,,,,False,CMFT_Engine,Balanced,-1.8189894035458565e-12
2021-04-01,2021-04-01,Wheat,2020,9,14359.450333333327,0.0,6.425,231.8166666666667,40.275,,414.5954166666672,1807.5649999999998,11871.623249999993,,,,False,CMFT_Engine,Balanced,-1.8189894035458565e-12
2021-05-01,2021-05-01,Wheat,2020,10,11871.623249999993,0.0,53.696999999999996,231.8166666666667,40.275,,414.5954166666672,1882.768,9355.86516666666,,,,False,CMFT_Engine,Balanced,0.0
2021-06-01,2021-06-01,Wheat,2020,11,9355.86516666666,0.0,11.553,231.8166666666667,40.275,,414.5954166666672,1760.19,6920.541083333325,,,,False,CMFT_Engine,Balanced,-9.094947017729282e-13
2021-07-01,2021-07-01,Wheat,2020,12,6920.541083333325,0.0,14.795,231.8166666666667,40.275,,414.5954166666672,1108.249,5140.4,,,,True,CMFT_Engine,Balanced,-7.275957614183426e-12
2021-08-01,2021-08-01,Wheat,2021,1,5140.4,19389.7,22.221,239.21666666666667,31.641666666666666,,476.5422499999999,1536.758,22268.162416666666,17.718021,17.218082,41.37797229040958,False,CMFT_Engine,Balanced,0.0
2021-09-01,2021-09-01,Wheat,2021,2,22268.162416666666,0.0,25.558999999999997,239.21666666666667,31.641666666666666,,476.5422499999999,1102.906,20443.414833333336,,,,False,CMFT_Engine,Balanced,0.0
2021-10-01,2021-10-01,Wheat,2021,3,20443.414833333336,0.0,26.974,239.21666666666667,31.641666666666666,,476.5422499999999,873.87,18849.118250000003,,,,False,CMFT_Engine,Balanced,0.0
2021-11-01,2021-11-01,Wheat,2021,4,18849.118250000003,0.0,16.951,239.21666666666667,31.641666666666666,,476.5422499999999,919.9540000000001,17198.714666666674,,,,False,CMFT_Engine,Balanced,-3.637978807091713e-12
2021-12-01,2021-12-01,Wheat,2021,5,17198.714666666674,0.0,12.035,239.21666666666667,31.641666666666666,,476.5422499999999,829.77,15633.57908333334,,,,False,CMFT_Engine,Balanced,1.8189894035458565e-12
2022-01-01,2022-01-01,Wheat,2021,6,15633.57908333334,0.0,7.437,239.21666666666667,31.641666666666666,,476.5422499999999,942.809,13950.806500000006,,,,False,CMFT_Engine,Balanced,0.0
2022-02-01,2022-02-01,Wheat,2021,7,13950.806500000006,0.0,6.149,239.21666666666667,31.641666666666666,,476.5422499999999,1002.88,12206.674916666672,,,,False,CMFT_Engine,Balanced,0.0
2022-03-01,2022-03-01,Wheat,2021,8,12206.674916666672,0.0,11.979,239.21666666666667,31.641666666666666,,476.5422499999999,897.053,10574.200333333338,,,,False,CMFT_Engine,Balanced,0.0
2022-04-01,2022-04-01,Wheat,2021,9,10574.200333333338,0.0,8.552000000000001,239.21666666666667,31.641666666666666,,476.5422499999999,809.062,9026.289750000004,,,,False,CMFT_Engine,Balanced,0.0
2022-05-01,2022-05-01,Wheat,2021,10,9026.289750000004,0.0,6.553,239.21666666666667,31.641666666666666,,476.5422499999999,1093.345,7192.097166666671,,,,False,CMFT_Engine,Balanced,-1.8189894035458565e-12
2022-06-01,2022-06-01,Wheat,2021,11,7192.097166666671,0.0,4.824,239.21666666666667,31.641666666666666,,476.5422499999999,816.9879999999999,5632.532583333338,,,,False,CMFT_Engine,Balanced,0.0
2022-07-01,2022-07-01,Wheat,2021,12,5632.532583333338,0.0,3.497,239.21666666666667,31.641666666666666,,476.5422499999999,1306.329,3582.3,,,,True,CMFT_Engine,Balanced,6.366462912410498e-12
2022-08-01,2022-08-01,Wheat,2022,1,3582.3,29088.4,4.623,238.85833333333335,32.475,,343.04758333333365,1129.912,30931.030083333335,19.4195,19.0551,56.09078110742005,False,CMFT_Engine,Balanced,0.0
2022-09-01,2022-09-01,Wheat,2022,2,30931.030083333335,0.0,36.961,238.85833333333335,32.475,,343.04758333333365,1615.166,28738.444166666668,,,,False,CMFT_Engine,Balanced,0.0
2022-10-01,2022-10-01,Wheat,2022,3,28738.444166666668,0.0,2.242,238.85833333333335,32.475,,343.04758333333365,2070.266,26056.03925,,,,False,CMFT_Engine,Balanced,0.0
2022-11-01,2022-11-01,Wheat,2022,4,26056.03925,0.0,1.568,238.85833333333335,32.475,,343.04758333333365,1881.0140000000001,23562.212333333333,,,,False,CMFT_Engine,Balanced,3.637978807091713e-12
2022-12-01,2022-12-01,Wheat,2022,5,23562.212333333333,0.0,1.023,238.85833333333335,32.475,,343.04758333333365,1592.132,21356.722416666667,,,,False,CMFT_Engine,Balanced,0.0
2023-01-01,2023-01-01,Wheat,2022,6,21356.722416666667,0.0,1.168,238.85833333333335,32.475,,343.04758333333365,1841.1670000000001,18902.342500000002,,,,False,CMFT_Engine,Balanced,0.0
2023-02-01,2023-02-01,Wheat,2022,7,18902.342500000002,0.0,1.5050000000000001,238.85833333333335,32.475,,343.04758333333365,1538.008,16751.458583333337,,,,False,CMFT_Engine,Balanced,0.0
2023-03-01,2023-03-01,Wheat,2022,8,16751.458583333337,0.0,2.447,238.85833333333335,32.475,,343.04758333333365,2157.793,13981.73166666667,,,,False,CMFT_Engine,Balanced,1.8189894035458565e-12
2023-04-01,2023-04-01,Wheat,2022,9,13981.73166666667,0.0,2.47,238.85833333333335,32.475,,343.04758333333365,1868.364,11501.456750000003,,,,False,CMFT_Engine,Balanced,0.0
2023-05-01,2023-05-01,Wheat,2022,10,11501.456750000003,0.0,2.2920000000000003,238.85833333333335,32.475,,343.04758333333365,1378.528,9510.839833333335,,,,False,CMFT_Engine,Balanced,0.0
2023-06-01,2023-06-01,Wheat,2022,11,9510.839833333335,0.0,4.212999999999999,238.85833333333335,32.475,,343.04758333333365,1450.318,7450.353916666668,,,,False,CMFT_Engine,Balanced,0.0
2023-07-01,2023-07-01,Wheat,2022,12,7450.353916666668,0.0,3.287,238.85833333333335,32.475,,343.04758333333365,1711.26,5128.0,,,,True,CMFT_Engine,Balanced,0.0
2023-08-01,2023-08-01,Wheat,2023,1,5128.0,29166.7,5.462,243.11666666666667,29.724999999999998,,410.53449999999975,1365.741,32251.044833333333,21.0167,20.5696,52.10079315057171,False,CMFT_Engine,Balanced,-7.275957614183426e-12
2023-09-01,2023-09-01,Wheat,2023,2,32251.044833333333,0.0,23.448,243.11666666666667,29.724999999999998,,410.53449999999975,2051.017,29540.09966666667,,,,False,CMFT_Engine,Balanced,0.0
2023-10-01,2023-10-01,Wheat,2023,3,29540.09966666667,0.0,3.993,243.11666666666667,29.724999999999998,,410.53449999999975,2035.614,26825.1025,,,,False,CMFT_Engine,Balanced,0.0
2023-11-01,2023-11-01,Wheat,2023,4,26825.1025,0.0,3.473,243.11666666666667,29.724999999999998,,410.53449999999975,1995.497,24149.702333333335,,,,False,CMFT_Engine,Balanced,3.637978807091713e-12
2023-12-01,2023-12-01,Wheat,2023,5,24149.702333333335,0.0,6.426,243.11666666666667,29.724999999999998,,410.53449999999975,1845.939,21626.813166666667,,,,False,CMFT_Engine,Balanced,7.275957614183426e-12
2024-01-01,2024-01-01,Wheat,2023,6,21626.813166666667,0.0,7.098,243.11666666666667,29.724999999999998,,410.53449999999975,1532.589,19417.946000000004,,,,False,CMFT_Engine,Balanced,0.0
2024-02-01,2024-02-01,Wheat,2023,7,19417.946000000004,0.0,7.223,243.11666666666667,29.724999999999998,,410.53449999999975,1837.379,16904.41383333334,,,,False,CMFT_Engine,Balanced,0.0
2024-03-01,2024-03-01,Wheat,2023,8,16904.41383333334,0.0,6.836,243.11666666666667,29.724999999999998,,410.53449999999975,1581.011,14646.862666666673,,,,False,CMFT_Engine,Balanced,1.8189894035458565e-12
2024-04-01,2024-04-01,Wheat,2023,9,14646.862666666673,0.0,6.656,243.11666666666667,29.724999999999998,,410.53449999999975,2388.23,11581.912500000008,,,,False,CMFT_Engine,Balanced,0.0
2024-05-01,2024-05-01,Wheat,2023,10,11581.912500000008,0.0,5.276,243.11666666666667,29.724999999999998,,410.53449999999975,1827.449,9076.36333333334,,,,False,CMFT_Engine,Balanced,0.0
2024-06-01,2024-06-01,Wheat,2023,11,9076.36333333334,0.0,5.692,243.11666666666667,29.724999999999998,,410.53449999999975,1612.167,6786.512166666673,,,,False,CMFT_Engine,Balanced,0.0
2024-07-01,2024-07-01,Wheat,2023,12,6786.512166666673,0.0,6.057,243.11666666666667,29.724999999999998,,410.53449999999975,1468.693,4640.5,,,,True,CMFT_Engine,Balanced,5.4569682106375694e-12
2024-08-01,2024-08-01,Wheat,2024,1,4640.5,29558.5,6.958,245.375,29.666666666666668,,336.8115000000004,1389.137,32204.967833333332,20.4091,19.9824,54.35226281377612,False,CMFT_Engine,Balanced,0.0
2024-09-01,2024-09-01,Wheat,2024,2,32204.967833333332,0.0,3.271,245.375,29.666666666666668,,336.8115000000004,1535.504,30060.881666666668,,,,False,CMFT_Engine,Balanced,-3.637978807091713e-12
2024-10-01,2024-10-01,Wheat,2024,3,30060.881666666668,0.0,17.586,245.375,29.666666666666668,,336.8115000000004,2149.572,27317.0425,,,,False,CMFT_Engine,Balanced,0.0
2024-11-01,2024-11-01,Wheat,2024,4,27317.0425,0.0,7.412,245.375,29.666666666666668,,336.8115000000004,1897.435,24815.166333333334,,,,False,CMFT_Engine,Balanced,-3.637978807091713e-12
2024-12-01,2024-12-01,Wheat,2024,5,24815.166333333334,0.0,7.693,245.375,29.666666666666668,,336.8115000000004,1910.828,22300.17816666667,,,,False,CMFT_Engine,Balanced,-3.637978807091713e-12
2025-01-01,2025-01-01,Wheat,2024,6,22300.17816666667,0.0,5.091,245.375,29.666666666666668,,336.8115000000004,1926.208,19767.208000000002,,,,False,CMFT_Engine,Balanced,0.0
2025-02-01,2025-02-01,Wheat,2024,7,19767.208000000002,0.0,2.835,245.375,29.666666666666668,,336.8115000000004,1476.825,17681.364833333337,,,,False,CMFT_Engine,Balanced,-3.637978807091713e-12
2025-03-01,2025-03-01,Wheat,2024,8,17681.364833333337,0.0,3.887,245.375,29.666666666666668,,336.8115000000004,2164.494,14908.904666666669,,,,False,CMFT_Engine,Balanced,-1.8189894035458565e-12
2025-04-01,2025-04-01,Wheat,2024,9,14908.904666666669,0.0,1.1500000000000001,245.375,29.666666666666668,,336.8115000000004,2089.349,12208.852500000003,,,,False,CMFT_Engine,Balanced,0.0
2025-05-01,2025-05-01,Wheat,2024,10,12208.852500000003,0.0,1.315,245.375,29.666666666666668,,336.8115000000004,2393.837,9204.477333333336,,,,False,CMFT_Engine,Balanced,1.8189894035458565e-12
2025-06-01,2025-06-01,Wheat,2024,11,9204.477333333336,0.0,2.741,245.375,29.666666666666668,,336.8115000000004,2298.3250000000003,6297.0401666666685,,,,False,CMFT_Engine,Balanced,9.094947017729282e-13
2025-07-01,2025-07-01,Wheat,2024,12,6297.0401666666685,0.0,20.2,245.375,29.666666666666668,,336.8115000000004,1977.387,3728.0,,,,True,CMFT_Engine,Balanced,9.094947017729282e-13
2025-08-01,2025-08-01,Wheat,2025,1,3728.0,33257.0,13.453000000000001,252.65,40.083333333333336,,371.920333333333,1252.97,35080.829333333335,20.5004,19.8237,61.64264142919838,False,CMFT_Engine,Balanced,-7.275957614183426e-12
2025-09-01,2025-09-01,Wheat,2025,2,35080.829333333335,0.0,26.686,252.65,40.083333333333336,,371.920333333333,1912.624,32530.23766666667,,,,False,CMFT_Engine,Balanced,-7.275957614183426e-12
2025-10-01,2025-10-01,Wheat,2025,3,32530.23766666667,0.0,14.314,252.65,40.083333333333336,,371.920333333333,2393.478,29486.420000000006,,,,False,CMFT_Engine,Balanced,0.0
2025-11-01,2025-11-01,Wheat,2025,4,29486.420000000006,0.0,11.867,252.65,40.083333333333336,,371.920333333333,2178.6710000000003,26654.96233333334,,,,False,CMFT_Engine,Balanced,-3.637978807091713e-12
2025-12-01,2025-12-01,Wheat,2025,5,26654.96233333334,0.0,10.648,252.65,40.083333333333336,,371.920333333333,2242.979,23757.977666666677,,,,False,CMFT_Engine,Balanced,0.0
2026-01-01,2026-01-01,Wheat,2025,6,23757.977666666677,0.0,15.191,252.65,40.083333333333336,,371.920333333333,1644.668,21463.847000000012,,,,False,CMFT_Engine,Balanced,-3.637978807091713e-12
2026-02-01,2026-02-01,Wheat,2025,7,21463.847000000012,0.0,10.488,252.65,40.083333333333336,,371.920333333333,1527.173,19282.50833333335,,,,False,CMFT_Engine,Balanced,0.0
2026-03-01,2026-03-01,Wheat,2025,8,19282.50833333335,0.0,15.138,252.65,40.083333333333336,,371.920333333333,1527.239,17105.753666666682,,,,False,CMFT_Engine,Balanced,0.0
2026-04-01,2026-04-01,Wheat,2025,9,17105.753666666682,0.0,10.767999999999999,252.65,40.083333333333336,,371.920333333333,2377.355,14074.513000000015,,,,False,CMFT_Engine,Balanced,1.8189894035458565e-12
2026-05-01,2026-05-01,Wheat,2025,10,14074.513000000015,0.0,12.616999999999999,252.65,40.083333333333336,,371.920333333333,2321.574,11100.902333333348,,,,False,CMFT_Engine,Balanced,0.0
2026-06-01,2026-06-01,Wheat,2025,11,11100.902333333348,0.0,13.162,252.65,40.083333333333336,,371.920333333333,2025.468,8423.942666666682,,,,False,CMFT_Engine,Balanced,-1.8189894035458565e-12
2026-07-01,2026-07-01,Wheat,2025,12,8423.942666666682,0.0,11.259,252.65,40.083333333333336,,371.920333333333,2223.648,5546.9,,,,True,CMFT_Engine,Balanced,1.7280399333685637e-11
