"REF_DATE","GEO","DGUID","Supply and disposition","Products","UOM","UOM_ID","SCALAR_FACTOR","SCALAR_ID","VECTOR","COORDINATE","VALUE","STATUS","SYMBOL","TERMINATED","DECIMALS"
"2020-01","Canada","2016A000011124","Beginning stocks","Renewable fuel plant feedstocks, total","Metric tonnes","214","units","0","v1277885549","1.1.1","102536","","","","0"
"2020-01","Canada","2016A000011124","Beginning stocks","Cereal grains, total","Metric tonnes","214","units","0","v1277885560","1.1.2","98817","","","","0"
"2020-01","Canada","2016A000011124","Beginning stocks","Vegetable oils, total","Metric tonnes","214","units","0","v1277885565","1.1.3","601","","","","0"
"2020-01","Canada","2016A000011124","Beginning stocks","Other renewable fuel plant feedstocks, total","Metric tonnes","214","units","0","v1277885570","1.1.4","3118","","","","0"
"2020-01","Canada","2016A000011124","Beginning stocks","Renewable fuels, total","Cubic metres","72","units","0","v1277885575","1.1.5","24890","","","","0"
"2020-01","Canada","2016A000011124","Beginning stocks","Fuel ethanol","Cubic metres","72","units","0","v1277885580","1.1.6","18534","","","","0"
"2020-01","Canada","2016A000011124","Beginning stocks","Renewable fuels except fuel ethanol","Cubic metres","72","units","0","v1277885585","1.1.7","6356","","","","0"
"2020-01","Canada","2016A000011124","Beginning stocks","Renewable fuel plant co-products, total","Metric tonnes","214","units","0","v1277885590","1.1.8","20296","","","","0"
"2020-01","Canada","2016A000011124","Beginning stocks","Distillers grains, total","Metric tonnes","214","units","0","v1277885596","1.1.9","15832","","","","0"
"2020-01","Canada","2016A000011124","Beginning stocks","Renewable fuel plant co-products except distillers grains","Metric tonnes","214","units","0","v1277885554","1.1.10","3820","","","","0"
"2020-01","Canada","2016A000011124","Receipts","Renewable fuel plant feedstocks, total","Metric tonnes","214","units","0","v1277885550","1.2.1","435750","","","","0"
"2020-01","Canada","2016A000011124","Receipts","Cereal grains, total","Metric tonnes","214","units","0","v1277885561","1.2.2","398535","","","","0"
"2020-01","Canada","2016A000011124","Receipts","Vegetable oils, total","Metric tonnes","214","units","0","v1277885566","1.2.3","27984","","","","0"
"2020-01","Canada","2016A000011124","Receipts","Other renewable fuel plant feedstocks, total","Metric tonnes","214","units","0","v1277885571","1.2.4","9231","","","","0"
"2020-01","Canada","2016A000011124","Receipts","Renewable fuel plant co-products, total","Metric tonnes","214","units","0","v1277885591","1.2.8","","..","","","0"
"2020-01","Canada","2016A000011124","Receipts","Distillers grains, total","Metric tonnes","214","units","0","v1277885597","1.2.9","","..","","","0"
"2020-01","Canada","2016A000011124","Receipts","Renewable fuel plant co-products except distillers grains","Metric tonnes","214","units","0","v1277885555","1.2.10","","..","","","0"
"2020-01","Canada","2016A000011124","Inputs","Renewable fuel plant feedstocks, total","Metric tonnes","214","units","0","v1277885551","1.3.1","415531","","","","0"
"2020-01","Canada","2016A000011124","Inputs","Cereal grains, total","Metric tonnes","214","units","0","v1277885562","1.3.2","378741","","","","0"
"2020-01","Canada","2016A000011124","Inputs","Vegetable oils, total","Metric tonnes","214","units","0","v1277885567","1.3.3","27402","","","","0"
"2020-01","Canada","2016A000011124","Inputs","Other renewable fuel plant feedstocks, total","Metric tonnes","214","units","0","v1277885572","1.3.4","9388","","","","0"
"2020-01","Canada","2016A000011124","Production","Renewable fuels, total","Cubic metres","72","units","0","v1277885576","1.4.5","196779","","","","0"
"2020-01","Canada","2016A000011124","Production","Fuel ethanol","Cubic metres","72","units","0","v1277885581","1.4.6","158166","","","","0"
"2020-01","Canada","2016A000011124","Production","Renewable fuels except fuel ethanol","Cubic metres","72","units","0","v1277885586","1.4.7","38613","","","","0"
"2020-01","Canada","2016A000011124","Production","Renewable fuel plant co-products, total","Metric tonnes","214","units","0","v1277885592","1.4.8","138343","","","","0"
"2020-01","Canada","2016A000011124","Production","Distillers grains, total","Metric tonnes","214","units","0","v1277885598","1.4.9","125292","","","","0"
"2020-01","Canada","2016A000011124","Production","Renewable fuel plant co-products except distillers grains","Metric tonnes","214","units","0","v1277885556","1.4.10","12689","","","","0"
"2020-01","Canada","2016A000011124","Shipments","Renewable fuels, total","Cubic metres","72","units","0","v1277885577","1.5.5","194345","","","","0"
"2020-01","Canada","2016A000011124","Shipments","Fuel ethanol","Cubic metres","72","units","0","v1277885582","1.5.6","160038","","","","0"
"2020-01","Canada","2016A000011124","Shipments","Renewable fuels except fuel ethanol","Cubic metres","72","units","0","v1277885587","1.5.7","34307","","","","0"
"2020-01","Canada","2016A000011124","Shipments","Renewable fuel plant co-products, total","Metric tonnes","214","units","0","v1277885593","1.5.8","145659","","","","0"
"2020-01","Canada","2016A000011124","Shipments","Distillers grains, total","Metric tonnes","214","units","0","v1277885599","1.5.9","131008","","","","0"
"2020-01","Canada","2016A000011124","Shipments","Renewable fuel plant co-products except distillers grains","Metric tonnes","214","units","0","v1277885557","1.5.10","13978","","","","0"
"2020-01","Canada","2016A000011124","Losses and adjustments","Renewable fuel plant feedstocks, total","Metric tonnes","214","units","0","v1277885552","1.6.1","-521","","","","0"
"2020-01","Canada","2016A000011124","Losses and adjustments","Cereal grains, total","Metric tonnes","214","units","0","v1277885563","1.6.2","-529","","","","0"
"2020-01","Canada","2016A000011124","Losses and adjustments","Vegetable oils, total","Metric tonnes","214","units","0","v1277885568","1.6.3","25","","","","0"
"2020-01","Canada","2016A000011124","Losses and adjustments","Other renewable fuel plant feedstocks, total","Metric tonnes","214","units","0","v1277885573","1.6.4","-17","","","","0"
"2020-01","Canada","2016A000011124","Losses and adjustments","Renewable fuels, total","Cubic metres","72","units","0","v1277885578","1.6.5","-531","","","","0"
"2020-01","Canada","2016A000011124","Losses and adjustments","Fuel ethanol","Cubic metres","72","units","0","v1277885583","1.6.6","-216","","","","0"
"2020-01","Canada","2016A000011124","Losses and adjustments","Renewable fuels except fuel ethanol","Cubic metres","72","units","0","v1277885588","1.6.7","-315","","","","0"
"2020-01","Canada","2016A000011124","Losses and adjustments","Renewable fuel plant co-products, total","Metric tonnes","214","units","0","v1277885594","1.6.8","1420","","","","0"
"2020-01","Canada","2016A000011124","Losses and adjustments","Distillers grains, total","Metric tonnes","214","units","0","v1277885600","1.6.9","1335","","","","0"
"2020-01","Canada","2016A000011124","Losses and adjustments","Renewable fuel plant co-products except distillers grains","Metric tonnes","214","units","0","v1277885558","1.6.10","85","","","","0"
"2020-01","Canada","2016A000011124","Ending stocks","Renewable fuel plant feedstocks, total","Metric tonnes","214","units","0","v1277885553","1.7.1","142250","","","","0"
"2020-01","Canada","2016A000011124","Ending stocks","Cereal grains, total","Metric tonnes","214","units","0","v1277885564","1.7.2","137947","","","","0"
"2020-01","Canada","2016A000011124","Ending stocks","Vegetable oils, total","Metric tonnes","214","units","0","v1277885569","1.7.3","1158","","","","0"
"2020-01","Canada","2016A000011124","Ending stocks","Other renewable fuel plant feedstocks, total","Metric tonnes","214","units","0","v1277885574","1.7.4","3145","","","","0"
"2020-01","Canada","2016A000011124","Ending stocks","Renewable fuels, total","Cubic metres","72","units","0","v1277885579","1.7.5","28205","","","","0"
"2020-01","Canada","2016A000011124","Ending stocks","Fuel ethanol","Cubic metres","72","units","0","v1277885584","1.7.6","16878","","","","0"
"2020-01","Canada","2016A000011124","Ending stocks","Renewable fuels except fuel ethanol","Cubic metres","72","units","0","v1277885589","1.7.7","11327","","","","0"
"2020-01","Canada","2016A000011124","Ending stocks","Renewable fuel plant co-products, total","Metric tonnes","214","units","0","v1277885595","1.7.8","12044","","","","0"
"2020-01","Canada","2016A000011124","Ending stocks","Distillers grains, total","Metric tonnes","214","units","0","v1277885601","1.7.9","9005","","","","0"
"2020-01","Canada","2016A000011124","Ending stocks","Renewable fuel plant co-products except distillers grains","Metric tonnes","214","units","0","v1277885559","1.7.10","2706","","","","0"
"2020-02","Canada","2016A000011124","Beginning stocks","Renewable fuel plant feedstocks, total","Metric tonnes","214","units","0","v1277885549","1.1.1","120053","","","","0"
"2020-02","Canada","2016A000011124","Beginning stocks","Cereal grains, total","Metric tonnes","214","units","0","v1277885560","1.1.2","115689","","","","0"
"2020-02","Canada","2016A000011124","Beginning stocks","Vegetable oils, total","Metric tonnes","214","units","0","v1277885565","1.1.3","1158","","","","0"
"2020-02","Canada","2016A000011124","Beginning stocks","Other renewable fuel plant feedstocks, total","Metric tonnes","214","units","0","v1277885570","1.1.4","3206","","","","0"
"2020-02","Canada","2016A000011124","Beginning stocks","Renewable fuels, total","Cubic metres","72","units","0","v1277885575","1.1.5","28140","","","","0"
"2020-02","Canada","2016A000011124","Beginning stocks","Fuel ethanol","Cubic metres","72","units","0","v1277885580","1.1.6","17126","","","","0"
"2020-02","Canada","2016A000011124","Beginning stocks","Renewable fuels except fuel ethanol","Cubic metres","72","units","0","v1277885585","1.1.7","11014","","","","0"
"2020-02","Canada","2016A000011124","Beginning stocks","Renewable fuel plant co-products, total","Metric tonnes","214","units","0","v1277885590","1.1.8","12657","","","","0"
"2020-02","Canada","2016A000011124","Beginning stocks","Distillers grains, total","Metric tonnes","214","units","0","v1277885596","1.1.9","9306","","","","0"
"2020-02","Canada","2016A000011124","Beginning stocks","Renewable fuel plant co-products except distillers grains","Metric tonnes","214","units","0","v1277885554","1.1.10","2706","","","","0"
"2020-02","Canada","2016A000011124","Receipts","Renewable fuel plant feedstocks, total","Metric tonnes","214","units","0","v1277885550","1.2.1","387660","","","","0"
"2020-02","Canada","2016A000011124","Receipts","Cereal grains, total","Metric tonnes","214","units","0","v1277885561","1.2.2","353506","","","","0"
"2020-02","Canada","2016A000011124","Receipts","Vegetable oils, total","Metric tonnes","214","units","0","v1277885566","1.2.3","26051","","","","0"
"2020-02","Canada","2016A000011124","Receipts","Other renewable fuel plant feedstocks, total","Metric tonnes","214","units","0","v1277885571","1.2.4","8103","","","","0"
"2020-02","Canada","2016A000011124","Receipts","Renewable fuel plant co-products, total","Metric tonnes","214","units","0","v1277885591","1.2.8","","..","","","0"
"2020-02","Canada","2016A000011124","Receipts","Distillers grains, total","Metric tonnes","214","units","0","v1277885597","1.2.9","","..","","","0"
"2020-02","Canada","2016A000011124","Receipts","Renewable fuel plant co-products except distillers grains","Metric tonnes","214","units","0","v1277885555","1.2.10","","..","","","0"
"2020-02","Canada","2016A000011124","Inputs","Renewable fuel plant feedstocks, total","Metric tonnes","214","units","0","v1277885551","1.3.1","399198","","","","0"
"2020-02","Canada","2016A000011124","Inputs","Cereal grains, total","Metric tonnes","214","units","0","v1277885562","1.3.2","364425","","","","0"
"2020-02","Canada","2016A000011124","Inputs","Vegetable oils, total","Metric tonnes","214","units","0","v1277885567","1.3.3","26020","","","","0"
"2020-02","Canada","2016A000011124","Inputs","Other renewable fuel plant feedstocks, total","Metric tonnes","214","units","0","v1277885572","1.3.4","8753","","","","0"
"2020-02","Canada","2016A000011124","Production","Renewable fuels, total","Cubic metres","72","units","0","v1277885576","1.4.5","185483","","","","0"
"2020-02","Canada","2016A000011124","Production","Fuel ethanol","Cubic metres","72","units","0","v1277885581","1.4.6","149497","","","","0"
"2020-02","Canada","2016A000011124","Production","Renewable fuels except fuel ethanol","Cubic metres","72","units","0","v1277885586","1.4.7","35986","","","","0"
"2020-02","Canada","2016A000011124","Production","Renewable fuel plant co-products, total","Metric tonnes","214","units","0","v1277885592","1.4.8","127961","","","","0"
"2020-02","Canada","2016A000011124","Production","Distillers grains, total","Metric tonnes","214","units","0","v1277885598","1.4.9","117402","","","","0"
"2020-02","Canada","2016A000011124","Production","Renewable fuel plant co-products except distillers grains","Metric tonnes","214","units","0","v1277885556","1.4.10","9435","","","","0"
"2020-02","Canada","2016A000011124","Shipments","Renewable fuels, total","Cubic metres","72","units","0","v1277885577","1.5.5","184445","","","","0"
"2020-02","Canada","2016A000011124","Shipments","Fuel ethanol","Cubic metres","72","units","0","v1277885582","1.5.6","149754","","","","0"
"2020-02","Canada","2016A000011124","Shipments","Renewable fuels except fuel ethanol","Cubic metres","72","units","0","v1277885587","1.5.7","34691","","","","0"
"2020-02","Canada","2016A000011124","Shipments","Renewable fuel plant co-products, total","Metric tonnes","214","units","0","v1277885593","1.5.8","124247","","","","0"
"2020-02","Canada","2016A000011124","Shipments","Distillers grains, total","Metric tonnes","214","units","0","v1277885599","1.5.9","113438","","","","0"
"2020-02","Canada","2016A000011124","Shipments","Renewable fuel plant co-products except distillers grains","Metric tonnes","214","units","0","v1277885557","1.5.10","9837","","","","0"
"2020-02","Canada","2016A000011124","Losses and adjustments","Renewable fuel plant feedstocks, total","Metric tonnes","214","units","0","v1277885552","1.6.1","-22","","","","0"
"2020-02","Canada","2016A000011124","Losses and adjustments","Cereal grains, total","Metric tonnes","214","units","0","v1277885563","1.6.2","-38","","","","0"
"2020-02","Canada","2016A000011124","Losses and adjustments","Vegetable oils, total","Metric tonnes","214","units","0","v1277885568","1.6.3","0","","","","0"
"2020-02","Canada","2016A000011124","Losses and adjustments","Other renewable fuel plant feedstocks, total","Metric tonnes","214","units","0","v1277885573","1.6.4","16","","","","0"
"2020-02","Canada","2016A000011124","Losses and adjustments","Renewable fuels, total","Cubic metres","72","units","0","v1277885578","1.6.5","322","","","","0"
"2020-02","Canada","2016A000011124","Losses and adjustments","Fuel ethanol","Cubic metres","72","units","0","v1277885583","1.6.6","256","","","","0"
"2020-02","Canada","2016A000011124","Losses and adjustments","Renewable fuels except fuel ethanol","Cubic metres","72","units","0","v1277885588","1.6.7","66","","","","0"
"2020-02","Canada","2016A000011124","Losses and adjustments","Renewable fuel plant co-products, total","Metric tonnes","214","units","0","v1277885594","1.6.8","-34","","","","0"
"2020-02","Canada","2016A000011124","Losses and adjustments","Distillers grains, total","Metric tonnes","214","units","0","v1277885600","1.6.9","-1","","","","0"
"2020-02","Canada","2016A000011124","Losses and adjustments","Renewable fuel plant co-products except distillers grains","Metric tonnes","214","units","0","v1277885558","1.6.10","-33","","","","0"
"2020-02","Canada","2016A000011124","Ending stocks","Renewable fuel plant feedstocks, total","Metric tonnes","214","units","0","v1277885553","1.7.1","108648","","","","0"
"2020-02","Canada","2016A000011124","Ending stocks","Cereal grains, total","Metric tonnes","214","units","0","v1277885564","1.7.2","104808","","","","0"
"2020-02","Canada","2016A000011124","Ending stocks","Vegetable oils, total","Metric tonnes","214","units","0","v1277885569","1.7.3","1189","","","","0"
"2020-02","Canada","2016A000011124","Ending stocks","Other renewable fuel plant feedstocks, total","Metric tonnes","214","units","0","v1277885574","1.7.4","2651","","","","0"
"2020-02","Canada","2016A000011124","Ending stocks","Renewable fuels, total","Cubic metres","72","units","0","v1277885579","1.7.5","28931","","","","0"
"2020-02","Canada","2016A000011124","Ending stocks","Fuel ethanol","Cubic metres","72","units","0","v1277885584","1.7.6","16688","","","","0"
"2020-02","Canada","2016A000011124","Ending stocks","Renewable fuels except fuel ethanol","Cubic metres","72","units","0","v1277885589","1.7.7","12243","","","","0"
"2020-02","Canada","2016A000011124","Ending stocks","Renewable fuel plant co-products, total","Metric tonnes","214","units","0","v1277885595","1.7.8","17003","","","","0"
"2020-02","Canada","2016A000011124","Ending stocks","Distillers grains, total","Metric tonnes","214","units","0","v1277885601","1.7.9","13271","","","","0"
"2020-02","Canada","2016A000011124","Ending stocks","Renewable fuel plant co-products except distillers grains","Metric tonnes","214","units","0","v1277885559","1.7.10","2935","","","","0"
"2020-03","Canada","2016A000011124","Beginning stocks","Renewable fuel plant feedstocks, total","Metric tonnes","214","units","0","v1277885549","1.1.1","103789","","","","0"
"2020-03","Canada","2016A000011124","Beginning stocks","Cereal grains, total","Metric tonnes","214","units","0","v1277885560","1.1.2","99856","","","","0"
"2020-03","Canada","2016A000011124","Beginning stocks","Vegetable oils, total","Metric tonnes","214","units","0","v1277885565","1.1.3","1189","","","","0"
"2020-03","Canada","2016A000011124","Beginning stocks","Other renewable fuel plant feedstocks, total","Metric tonnes","214","units","0","v1277885570","1.1.4","2744","","","","0"
"2020-03","Canada","2016A000011124","Beginning stocks","Renewable fuels, total","Cubic metres","72","units","0","v1277885575","1.1.5","29099","","","","0"
"2020-03","Canada","2016A000011124","Beginning stocks","Fuel ethanol","Cubic metres","72","units","0","v1277885580","1.1.6","16945","","","","0"
"2020-03","Canada","2016A000011124","Beginning stocks","Renewable fuels except fuel ethanol","Cubic metres","72","units","0","v1277885585","1.1.7","12154","","","","0"
"2020-03","Canada","2016A000011124","Beginning stocks","Renewable fuel plant co-products, total","Metric tonnes","214","units","0","v1277885590","1.1.8","16868","","","","0"
"2020-03","Canada","2016A000011124","Beginning stocks","Distillers grains, total","Metric tonnes","214","units","0","v1277885596","1.1.9","13288","","","","0"
"2020-03","Canada","2016A000011124","Beginning stocks","Renewable fuel plant co-products except distillers grains","Metric tonnes","214","units","0","v1277885554","1.1.10","2935","","","","0"
"2020-03","Canada","2016A000011124","Receipts","Renewable fuel plant feedstocks, total","Metric tonnes","214","units","0","v1277885550","1.2.1","405103","","","","0"
"2020-03","Canada","2016A000011124","Receipts","Cereal grains, total","Metric tonnes","214","units","0","v1277885561","1.2.2","373750","","","","0"
"2020-03","Canada","2016A000011124","Receipts","Vegetable oils, total","Metric tonnes","214","units","0","v1277885566","1.2.3","20897","","","","0"
"2020-03","Canada","2016A000011124","Receipts","Other renewable fuel plant feedstocks, total","Metric tonnes","214","units","0","v1277885571","1.2.4","10456","","","","0"
"2020-03","Canada","2016A000011124","Receipts","Renewable fuel plant co-products, total","Metric tonnes","214","units","0","v1277885591","1.2.8","","..","","","0"
"2020-03","Canada","2016A000011124","Receipts","Distillers grains, total","Metric tonnes","214","units","0","v1277885597","1.2.9","","..","","","0"
"2020-03","Canada","2016A000011124","Receipts","Renewable fuel plant co-products except distillers grains","Metric tonnes","214","units","0","v1277885555","1.2.10","","..","","","0"
"2020-03","Canada","2016A000011124","Inputs","Renewable fuel plant feedstocks, total","Metric tonnes","214","units","0","v1277885551","1.3.1","388935","","","","0"
"2020-03","Canada","2016A000011124","Inputs","Cereal grains, total","Metric tonnes","214","units","0","v1277885562","1.3.2","358112","","","","0"
"2020-03","Canada","2016A000011124","Inputs","Vegetable oils, total","Metric tonnes","214","units","0","v1277885567","1.3.3","20715","","","","0"
"2020-03","Canada","2016A000011124","Inputs","Other renewable fuel plant feedstocks, total","Metric tonnes","214","units","0","v1277885572","1.3.4","10108","","","","0"
"2020-03","Canada","2016A000011124","Production","Renewable fuels, total","Cubic metres","72","units","0","v1277885576","1.4.5","179660","","","","0"
"2020-03","Canada","2016A000011124","Production","Fuel ethanol","Cubic metres","72","units","0","v1277885581","1.4.6","147191","","","","0"
"2020-03","Canada","2016A000011124","Production","Renewable fuels except fuel ethanol","Cubic metres","72","units","0","v1277885586","1.4.7","32469","","","","0"
"2020-03","Canada","2016A000011124","Production","Renewable fuel plant co-products, total","Metric tonnes","214","units","0","v1277885592","1.4.8","183942","","","","0"
"2020-03","Canada","2016A000011124","Production","Distillers grains, total","Metric tonnes","214","units","0","v1277885598","1.4.9","118072","","","","0"
"2020-03","Canada","2016A000011124","Production","Renewable fuel plant co-products except distillers grains","Metric tonnes","214","units","0","v1277885556","1.4.10","64746","","","","0"
"2020-03","Canada","2016A000011124","Shipments","Renewable fuels, total","Cubic metres","72","units","0","v1277885577","1.5.5","177722","","","","0"
"2020-03","Canada","2016A000011124","Shipments","Fuel ethanol","Cubic metres","72","units","0","v1277885582","1.5.6","143033","","","","0"
"2020-03","Canada","2016A000011124","Shipments","Renewable fuels except fuel ethanol","Cubic metres","72","units","0","v1277885587","1.5.7","34689","","","","0"
"2020-03","Canada","2016A000011124","Shipments","Renewable fuel plant co-products, total","Metric tonnes","214","units","0","v1277885593","1.5.8","190413","","","","0"
"2020-03","Canada","2016A000011124","Shipments","Distillers grains, total","Metric tonnes","214","units","0","v1277885599","1.5.9","122673","","","","0"
"2020-03","Canada","2016A000011124","Shipments","Renewable fuel plant co-products except distillers grains","Metric tonnes","214","units","0","v1277885557","1.5.10","66768","","","","0"
"2020-03","Canada","2016A000011124","Losses and adjustments","Renewable fuel plant feedstocks, total","Metric tonnes","214","units","0","v1277885552","1.6.1","-2430","","","","0"
"2020-03","Canada","2016A000011124","Losses and adjustments","Cereal grains, total","Metric tonnes","214","units","0","v1277885563","1.6.2","-2265","","","","0"
"2020-03","Canada","2016A000011124","Losses and adjustments","Vegetable oils, total","Metric tonnes","214","units","0","v1277885568","1.6.3","0","","","","0"
"2020-03","Canada","2016A000011124","Losses and adjustments","Other renewable fuel plant feedstocks, total","Metric tonnes","214","units","0","v1277885573","1.6.4","-165","","","","0"
"2020-03","Canada","2016A000011124","Losses and adjustments","Renewable fuels, total","Cubic metres","72","units","0","v1277885578","1.6.5","-1226","","","","0"
"2020-03","Canada","2016A000011124","Losses and adjustments","Fuel ethanol","Cubic metres","72","units","0","v1277885583","1.6.6","-1269","","","","0"
"2020-03","Canada","2016A000011124","Losses and adjustments","Renewable fuels except fuel ethanol","Cubic metres","72","units","0","v1277885588","1.6.7","43","","","","0"
"2020-03","Canada","2016A000011124","Losses and adjustments","Renewable fuel plant co-products, total","Metric tonnes","214","units","0","v1277885594","1.6.8","459","","","","0"
"2020-03","Canada","2016A000011124","Losses and adjustments","Distillers grains, total","Metric tonnes","214","units","0","v1277885600","1.6.9","658","","","","0"
"2020-03","Canada","2016A000011124","Losses and adjustments","Renewable fuel plant co-products except distillers grains","Metric tonnes","214","units","0","v1277885558","1.6.10","-199","","","","0"
"2020-03","Canada","2016A000011124","Ending stocks","Renewable fuel plant feedstocks, total","Metric tonnes","214","units","0","v1277885553","1.7.1","122504","","","","0"
"2020-03","Canada","2016A000011124","Ending stocks","Cereal grains, total","Metric tonnes","214","units","0","v1277885564","1.7.2","117759","","","","0"
"2020-03","Canada","2016A000011124","Ending stocks","Vegetable oils, total","Metric tonnes","214","units","0","v1277885569","1.7.3","1371","","","","0"
"2020-03","Canada","2016A000011124","Ending stocks","Other renewable fuel plant feedstocks, total","Metric tonnes","214","units","0","v1277885574","1.7.4","3374","","","","0"
"2020-03","Canada","2016A000011124","Ending stocks","Renewable fuels, total","Cubic metres","72","units","0","v1277885579","1.7.5","33400","","","","0"
"2020-03","Canada","2016A000011124","Ending stocks","Fuel ethanol","Cubic metres","72","units","0","v1277885584","1.7.6","22467","","","","0"
"2020-03","Canada","2016A000011124","Ending stocks","Renewable fuels except fuel ethanol","Cubic metres","72","units","0","v1277885589","1.7.7","10933","","","","0"
"2020-03","Canada","2016A000011124","Ending stocks","Renewable fuel plant co-products, total","Metric tonnes","214","units","0","v1277885595","1.7.8","11255","","","","0"
"2020-03","Canada","2016A000011124","Ending stocks","Distillers grains, total","Metric tonnes","214","units","0","v1277885601","1.7.9","8029","","","","0"
"2020-03","Canada","2016A000011124","Ending stocks","Renewable fuel plant co-products except distillers grains","Metric tonnes","214","units","0","v1277885559","1.7.10","2429","","","","0"
"2020-04","Canada","2016A000011124","Beginning stocks","Renewable fuel plant feedstocks, total","Metric tonnes","214","units","0","v1277885549","1.1.1","122504","","","","0"
"2020-04","Canada","2016A000011124","Beginning stocks","Cereal grains, total","Metric tonnes","214","units","0","v1277885560","1.1.2","117759","","","","0"
"2020-04","Canada","2016A000011124","Beginning stocks","Vegetable oils, total","Metric tonnes","214","units","0","v1277885565","1.1.3","1371","","","","0"
"2020-04","Canada","2016A000011124","Beginning stocks","Other renewable fuel plant feedstocks, total","Metric tonnes","214","units","0","v1277885570","1.1.4","3374","","","","0"
"2020-04","Canada","2016A000011124","Beginning stocks","Renewable fuels, total","Cubic metres","72","units","0","v1277885575","1.1.5","33400","","","","0"
"2020-04","Canada","2016A000011124","Beginning stocks","Fuel ethanol","Cubic metres","72","units","0","v1277885580","1.1.6","22467","","","","0"
"2020-04","Canada","2016A000011124","Beginning stocks","Renewable fuels except fuel ethanol","Cubic metres","72","units","0","v1277885585","1.1.7","10933","","","","0"
"2020-04","Canada","2016A000011124","Beginning stocks","Renewable fuel plant co-products, total","Metric tonnes","214","units","0","v1277885590","1.1.8","11255","","","","0"
"2020-04","Canada","2016A000011124","Beginning stocks","Distillers grains, total","Metric tonnes","214","units","0","v1277885596","1.1.9","8029","","","","0"
"2020-04","Canada","2016A000011124","Beginning stocks","Renewable fuel plant co-products except distillers grains","Metric tonnes","214","units","0","v1277885554","1.1.10","2429","","","","0"
"2020-04","Canada","2016A000011124","Receipts","Renewable fuel plant feedstocks, total","Metric tonnes","214","units","0","v1277885550","1.2.1","252709","","","","0"
"2020-04","Canada","2016A000011124","Receipts","Cereal grains, total","Metric tonnes","214","units","0","v1277885561","1.2.2","217699","","","","0"
"2020-04","Canada","2016A000011124","Receipts","Vegetable oils, total","Metric tonnes","214","units","0","v1277885566","1.2.3","27453","","","","0"
"2020-04","Canada","2016A000011124","Receipts","Other renewable fuel plant feedstocks, total","Metric tonnes","214","units","0","v1277885571","1.2.4","7557","","","","0"
"2020-04","Canada","2016A000011124","Receipts","Renewable fuel plant co-products, total","Metric tonnes","214","units","0","v1277885591","1.2.8","","..","","","0"
"2020-04","Canada","2016A000011124","Receipts","Distillers grains, total","Metric tonnes","214","units","0","v1277885597","1.2.9","","..","","","0"
"2020-04","Canada","2016A000011124","Receipts","Renewable fuel plant co-products except distillers grains","Metric tonnes","214","units","0","v1277885555","1.2.10","","..","","","0"
"2020-04","Canada","2016A000011124","Inputs","Renewable fuel plant feedstocks, total","Metric tonnes","214","units","0","v1277885551","1.3.1","266271","","","","0"
"2020-04","Canada","2016A000011124","Inputs","Cereal grains, total","Metric tonnes","214","units","0","v1277885562","1.3.2","230969","","","","0"
"2020-04","Canada","2016A000011124","Inputs","Vegetable oils, total","Metric tonnes","214","units","0","v1277885567","1.3.3","27255","","","","0"
"2020-04","Canada","2016A000011124","Inputs","Other renewable fuel plant feedstocks, total","Metric tonnes","214","units","0","v1277885572","1.3.4","8047","","","","0"
"2020-04","Canada","2016A000011124","Production","Renewable fuels, total","Cubic metres","72","units","0","v1277885576","1.4.5","120718","","","","0"
"2020-04","Canada","2016A000011124","Production","Fuel ethanol","Cubic metres","72","units","0","v1277885581","1.4.6","85451","","","","0"
"2020-04","Canada","2016A000011124","Production","Renewable fuels except fuel ethanol","Cubic metres","72","units","0","v1277885586","1.4.7","35267","","","","0"
"2020-04","Canada","2016A000011124","Production","Renewable fuel plant co-products, total","Metric tonnes","214","units","0","v1277885592","1.4.8","91794","","","","0"
"2020-04","Canada","2016A000011124","Production","Distillers grains, total","Metric tonnes","214","units","0","v1277885598","1.4.9","75875","","","","0"
"2020-04","Canada","2016A000011124","Production","Renewable fuel plant co-products except distillers grains","Metric tonnes","214","units","0","v1277885556","1.4.10","14153","","","","0"
"2020-04","Canada","2016A000011124","Shipments","Renewable fuels, total","Cubic metres","72","units","0","v1277885577","1.5.5","120175","","","","0"
"2020-04","Canada","2016A000011124","Shipments","Fuel ethanol","Cubic metres","72","units","0","v1277885582","1.5.6","82274","","","","0"
"2020-04","Canada","2016A000011124","Shipments","Renewable fuels except fuel ethanol","Cubic metres","72","units","0","v1277885587","1.5.7","37901","","","","0"
"2020-04","Canada","2016A000011124","Shipments","Renewable fuel plant co-products, total","Metric tonnes","214","units","0","v1277885593","1.5.8","98190","","","","0"
"2020-04","Canada","2016A000011124","Shipments","Distillers grains, total","Metric tonnes","214","units","0","v1277885599","1.5.9","79766","","","","0"
"2020-04","Canada","2016A000011124","Shipments","Renewable fuel plant co-products except distillers grains","Metric tonnes","214","units","0","v1277885557","1.5.10","16217","","","","0"
"2020-04","Canada","2016A000011124","Losses and adjustments","Renewable fuel plant feedstocks, total","Metric tonnes","214","units","0","v1277885552","1.6.1","-40","","","","0"
"2020-04","Canada","2016A000011124","Losses and adjustments","Cereal grains, total","Metric tonnes","214","units","0","v1277885563","1.6.2","106","","","","0"
"2020-04","Canada","2016A000011124","Losses and adjustments","Vegetable oils, total","Metric tonnes","214","units","0","v1277885568","1.6.3","0","","","","0"
"2020-04","Canada","2016A000011124","Losses and adjustments","Other renewable fuel plant feedstocks, total","Metric tonnes","214","units","0","v1277885573","1.6.4","-146","","","","0"
"2020-04","Canada","2016A000011124","Losses and adjustments","Renewable fuels, total","Cubic metres","72","units","0","v1277885578","1.6.5","109","","","","0"
"2020-04","Canada","2016A000011124","Losses and adjustments","Fuel ethanol","Cubic metres","72","units","0","v1277885583","1.6.6","66","","","","0"
"2020-04","Canada","2016A000011124","Losses and adjustments","Renewable fuels except fuel ethanol","Cubic metres","72","units","0","v1277885588","1.6.7","43","","","","0"
"2020-04","Canada","2016A000011124","Losses and adjustments","Renewable fuel plant co-products, total","Metric tonnes","214","units","0","v1277885594","1.6.8","-1099","","","","0"
"2020-04","Canada","2016A000011124","Losses and adjustments","Distillers grains, total","Metric tonnes","214","units","0","v1277885600","1.6.9","14","","","","0"
"2020-04","Canada","2016A000011124","Losses and adjustments","Renewable fuel plant co-products except distillers grains","Metric tonnes","214","units","0","v1277885558","1.6.10","-1113","","","","0"
"2020-04","Canada","2016A000011124","Ending stocks","Renewable fuel plant feedstocks, total","Metric tonnes","214","units","0","v1277885553","1.7.1","109198","","","","0"
"2020-04","Canada","2016A000011124","Ending stocks","Cereal grains, total","Metric tonnes","214","units","0","v1277885564","1.7.2","104383","","","","0"
"2020-04","Canada","2016A000011124","Ending stocks","Vegetable oils, total","Metric tonnes","214","units","0","v1277885569","1.7.3","1569","","","","0"
"2020-04","Canada","2016A000011124","Ending stocks","Other renewable fuel plant feedstocks, total","Metric tonnes","214","units","0","v1277885574","1.7.4","3246","","","","0"
"2020-04","Canada","2016A000011124","Ending stocks","Renewable fuels, total","Cubic metres","72","units","0","v1277885579","1.7.5","36317","","","","0"
"2020-04","Canada","2016A000011124","Ending stocks","Fuel ethanol","Cubic metres","72","units","0","v1277885584","1.7.6","25673","","","","0"
"2020-04","Canada","2016A000011124","Ending stocks","Renewable fuels except fuel ethanol","Cubic metres","72","units","0","v1277885589","1.7.7","10644","","","","0"
"2020-04","Canada","2016A000011124","Ending stocks","Renewable fuel plant co-products, total","Metric tonnes","214","units","0","v1277885595","1.7.8","7275","","","","0"
"2020-04","Canada","2016A000011124","Ending stocks","Distillers grains, total","Metric tonnes","214","units","0","v1277885601","1.7.9","4124","","","","0"
"2020-04","Canada","2016A000011124","Ending stocks","Renewable fuel plant co-products except distillers grains","Metric tonnes","214","units","0","v1277885559","1.7.10","2795","","","","0"
"2020-05","Canada","2016A000011124","Beginning stocks","Renewable fuel plant feedstocks, total","Metric tonnes","214","units","0","v1277885549","1.1.1","109198","","","","0"
"2020-05","Canada","2016A000011124","Beginning stocks","Cereal grains, total","Metric tonnes","214","units","0","v1277885560","1.1.2","104383","","","","0"
"2020-05","Canada","2016A000011124","Beginning stocks","Vegetable oils, total","Metric tonnes","214","units","0","v1277885565","1.1.3","1569","","","","0"
"2020-05","Canada","2016A000011124","Beginning stocks","Other renewable fuel plant feedstocks, total","Metric tonnes","214","units","0","v1277885570","1.1.4","3246","","","","0"
"2020-05","Canada","2016A000011124","Beginning stocks","Renewable fuels, total","Cubic metres","72","units","0","v1277885575","1.1.5","36317","","","","0"
"2020-05","Canada","2016A000011124","Beginning stocks","Fuel ethanol","Cubic metres","72","units","0","v1277885580","1.1.6","25673","","","","0"
"2020-05","Canada","2016A000011124","Beginning stocks","Renewable fuels except fuel ethanol","Cubic metres","72","units","0","v1277885585","1.1.7","10644","","","","0"
"2020-05","Canada","2016A000011124","Beginning stocks","Renewable fuel plant co-products, total","Metric tonnes","214","units","0","v1277885590","1.1.8","7325","","","","0"
"2020-05","Canada","2016A000011124","Beginning stocks","Distillers grains, total","Metric tonnes","214","units","0","v1277885596","1.1.9","4174","","","","0"
"2020-05","Canada","2016A000011124","Beginning stocks","Renewable fuel plant co-products except distillers grains","Metric tonnes","214","units","0","v1277885554","1.1.10","2795","","","","0"
"2020-05","Canada","2016A000011124","Receipts","Renewable fuel plant feedstocks, total","Metric tonnes","214","units","0","v1277885550","1.2.1","249968","","","","0"
"2020-05","Canada","2016A000011124","Receipts","Cereal grains, total","Metric tonnes","214","units","0","v1277885561","1.2.2","211810","","","","0"
"2020-05","Canada","2016A000011124","Receipts","Vegetable oils, total","Metric tonnes","214","units","0","v1277885566","1.2.3","30366","","","","0"
"2020-05","Canada","2016A000011124","Receipts","Other renewable fuel plant feedstocks, total","Metric tonnes","214","units","0","v1277885571","1.2.4","7792","","","","0"
"2020-05","Canada","2016A000011124","Receipts","Renewable fuel plant co-products, total","Metric tonnes","214","units","0","v1277885591","1.2.8","","..","","","0"
"2020-05","Canada","2016A000011124","Receipts","Distillers grains, total","Metric tonnes","214","units","0","v1277885597","1.2.9","","..","","","0"
"2020-05","Canada","2016A000011124","Receipts","Renewable fuel plant co-products except distillers grains","Metric tonnes","214","units","0","v1277885555","1.2.10","","..","","","0"
"2020-05","Canada","2016A000011124","Inputs","Renewable fuel plant feedstocks, total","Metric tonnes","214","units","0","v1277885551","1.3.1","265375","","","","0"
"2020-05","Canada","2016A000011124","Inputs","Cereal grains, total","Metric tonnes","214","units","0","v1277885562","1.3.2","225932","","","","0"
"2020-05","Canada","2016A000011124","Inputs","Vegetable oils, total","Metric tonnes","214","units","0","v1277885567","1.3.3","30777","","","","0"
"2020-05","Canada","2016A000011124","Inputs","Other renewable fuel plant feedstocks, total","Metric tonnes","214","units","0","v1277885572","1.3.4","8666","","","","0"
"2020-05","Canada","2016A000011124","Production","Renewable fuels, total","Cubic metres","72","units","0","v1277885576","1.4.5","128789","","","","0"
"2020-05","Canada","2016A000011124","Production","Fuel ethanol","Cubic metres","72","units","0","v1277885581","1.4.6","88331","","","","0"
"2020-05","Canada","2016A000011124","Production","Renewable fuels except fuel ethanol","Cubic metres","72","units","0","v1277885586","1.4.7","40458","","","","0"
"2020-05","Canada","2016A000011124","Production","Renewable fuel plant co-products, total","Metric tonnes","214","units","0","v1277885592","1.4.8","77852","","","","0"
"2020-05","Canada","2016A000011124","Production","Distillers grains, total","Metric tonnes","214","units","0","v1277885598","1.4.9","67378","","","","0"
"2020-05","Canada","2016A000011124","Production","Renewable fuel plant co-products except distillers grains","Metric tonnes","214","units","0","v1277885556","1.4.10","8544","","","","0"
"2020-05","Canada","2016A000011124","Shipments","Renewable fuels, total","Cubic metres","72","units","0","v1277885577","1.5.5","138982","","","","0"
"2020-05","Canada","2016A000011124","Shipments","Fuel ethanol","Cubic metres","72","units","0","v1277885582","1.5.6","95645","","","","0"
"2020-05","Canada","2016A000011124","Shipments","Renewable fuels except fuel ethanol","Cubic metres","72","units","0","v1277885587","1.5.7","43337","","","","0"
"2020-05","Canada","2016A000011124","Shipments","Renewable fuel plant co-products, total","Metric tonnes","214","units","0","v1277885593","1.5.8","77161","","","","0"
"2020-05","Canada","2016A000011124","Shipments","Distillers grains, total","Metric tonnes","214","units","0","v1277885599","1.5.9","66100","","","","0"
"2020-05","Canada","2016A000011124","Shipments","Renewable fuel plant co-products except distillers grains","Metric tonnes","214","units","0","v1277885557","1.5.10","9122","","","","0"
"2020-05","Canada","2016A000011124","Losses and adjustments","Renewable fuel plant feedstocks, total","Metric tonnes","214","units","0","v1277885552","1.6.1","-1778","","","","0"
"2020-05","Canada","2016A000011124","Losses and adjustments","Cereal grains, total","Metric tonnes","214","units","0","v1277885563","1.6.2","-1451","","","","0"
"2020-05","Canada","2016A000011124","Losses and adjustments","Vegetable oils, total","Metric tonnes","214","units","0","v1277885568","1.6.3","0","","","","0"
"2020-05","Canada","2016A000011124","Losses and adjustments","Other renewable fuel plant feedstocks, total","Metric tonnes","214","units","0","v1277885573","1.6.4","-327","","","","0"
"2020-05","Canada","2016A000011124","Losses and adjustments","Renewable fuels, total","Cubic metres","72","units","0","v1277885578","1.6.5","-11","","","","0"
"2020-05","Canada","2016A000011124","Losses and adjustments","Fuel ethanol","Cubic metres","72","units","0","v1277885583","1.6.6","-72","","","","0"
"2020-05","Canada","2016A000011124","Losses and adjustments","Renewable fuels except fuel ethanol","Cubic metres","72","units","0","v1277885588","1.6.7","61","","","","0"
"2020-05","Canada","2016A000011124","Losses and adjustments","Renewable fuel plant co-products, total","Metric tonnes","214","units","0","v1277885594","1.6.8","-5890","","","","0"
"2020-05","Canada","2016A000011124","Losses and adjustments","Distillers grains, total","Metric tonnes","214","units","0","v1277885600","1.6.9","-5624","","","","0"
"2020-05","Canada","2016A000011124","Losses and adjustments","Renewable fuel plant co-products except distillers grains","Metric tonnes","214","units","0","v1277885558","1.6.10","-266","","","","0"
"2020-05","Canada","2016A000011124","Ending stocks","Renewable fuel plant feedstocks, total","Metric tonnes","214","units","0","v1277885553","1.7.1","94957","","","","0"
"2020-05","Canada","2016A000011124","Ending stocks","Cereal grains, total","Metric tonnes","214","units","0","v1277885564","1.7.2","91104","","","","0"
"2020-05","Canada","2016A000011124","Ending stocks","Vegetable oils, total","Metric tonnes","214","units","0","v1277885569","1.7.3","1158","","","","0"
"2020-05","Canada","2016A000011124","Ending stocks","Other renewable fuel plant feedstocks, total","Metric tonnes","214","units","0","v1277885574","1.7.4","2695","","","","0"
"2020-05","Canada","2016A000011124","Ending stocks","Renewable fuels, total","Cubic metres","72","units","0","v1277885579","1.7.5","29093","","","","0"
"2020-05","Canada","2016A000011124","Ending stocks","Fuel ethanol","Cubic metres","72","units","0","v1277885584","1.7.6","18492","","","","0"
"2020-05","Canada","2016A000011124","Ending stocks","Renewable fuels except fuel ethanol","Cubic metres","72","units","0","v1277885589","1.7.7","10601","","","","0"
"2020-05","Canada","2016A000011124","Ending stocks","Renewable fuel plant co-products, total","Metric tonnes","214","units","0","v1277885595","1.7.8","14670","","","","0"
"2020-05","Canada","2016A000011124","Ending stocks","Distillers grains, total","Metric tonnes","214","units","0","v1277885601","1.7.9","11076","","","","0"
"2020-05","Canada","2016A000011124","Ending stocks","Renewable fuel plant co-products except distillers grains","Metric tonnes","214","units","0","v1277885559","1.7.10","3247","","","","0"
"2020-06","Canada","2016A000011124","Beginning stocks","Renewable fuel plant feedstocks, total","Metric tonnes","214","units","0","v1277885549","1.1.1","94957","","","","0"
"2020-06","Canada","2016A000011124","Beginning stocks","Cereal grains, total","Metric tonnes","214","units","0","v1277885560","1.1.2","91104","","","","0"
"2020-06","Canada","2016A000011124","Beginning stocks","Vegetable oils, total","Metric tonnes","214","units","0","v1277885565","1.1.3","1158","","","","0"
"2020-06","Canada","2016A000011124","Beginning stocks","Other renewable fuel plant feedstocks, total","Metric tonnes","214","units","0","v1277885570","1.1.4","2695","","","","0"
"2020-06","Canada","2016A000011124","Beginning stocks","Renewable fuels, total","Cubic metres","72","units","0","v1277885575","1.1.5","29093","","","","0"
"2020-06","Canada","2016A000011124","Beginning stocks","Fuel ethanol","Cubic metres","72","units","0","v1277885580","1.1.6","18492","","","","0"
"2020-06","Canada","2016A000011124","Beginning stocks","Renewable fuels except fuel ethanol","Cubic metres","72","units","0","v1277885585","1.1.7","10601","","","","0"
"2020-06","Canada","2016A000011124","Beginning stocks","Renewable fuel plant co-products, total","Metric tonnes","214","units","0","v1277885590","1.1.8","14670","","","","0"
"2020-06","Canada","2016A000011124","Beginning stocks","Distillers grains, total","Metric tonnes","214","units","0","v1277885596","1.1.9","11076","","","","0"
"2020-06","Canada","2016A000011124","Beginning stocks","Renewable fuel plant co-products except distillers grains","Metric tonnes","214","units","0","v1277885554","1.1.10","3247","","","","0"
"2020-06","Canada","2016A000011124","Receipts","Renewable fuel plant feedstocks, total","Metric tonnes","214","units","0","v1277885550","1.2.1","376160","","","","0"
"2020-06","Canada","2016A000011124","Receipts","Cereal grains, total","Metric tonnes","214","units","0","v1277885561","1.2.2","337486","","","","0"
"2020-06","Canada","2016A000011124","Receipts","Vegetable oils, total","Metric tonnes","214","units","0","v1277885566","1.2.3","27864","","","","0"
"2020-06","Canada","2016A000011124","Receipts","Other renewable fuel plant feedstocks, total","Metric tonnes","214","units","0","v1277885571","1.2.4","10810","","","","0"
"2020-06","Canada","2016A000011124","Receipts","Renewable fuel plant co-products, total","Metric tonnes","214","units","0","v1277885591","1.2.8","","..","","","0"
"2020-06","Canada","2016A000011124","Receipts","Distillers grains, total","Metric tonnes","214","units","0","v1277885597","1.2.9","","..","","","0"
"2020-06","Canada","2016A000011124","Receipts","Renewable fuel plant co-products except distillers grains","Metric tonnes","214","units","0","v1277885555","1.2.10","","..","","","0"
"2020-06","Canada","2016A000011124","Inputs","Renewable fuel plant feedstocks, total","Metric tonnes","214","units","0","v1277885551","1.3.1","355967","","","","0"
"2020-06","Canada","2016A000011124","Inputs","Cereal grains, total","Metric tonnes","214","units","0","v1277885562","1.3.2","318577","","","","0"
"2020-06","Canada","2016A000011124","Inputs","Vegetable oils, total","Metric tonnes","214","units","0","v1277885567","1.3.3","28136","","","","0"
"2020-06","Canada","2016A000011124","Inputs","Other renewable fuel plant feedstocks, total","Metric tonnes","214","units","0","v1277885572","1.3.4","9254","","","","0"
"2020-06","Canada","2016A000011124","Production","Renewable fuels, total","Cubic metres","72","units","0","v1277885576","1.4.5","167467","","","","0"
"2020-06","Canada","2016A000011124","Production","Fuel ethanol","Cubic metres","72","units","0","v1277885581","1.4.6","129908","","","","0"
"2020-06","Canada","2016A000011124","Production","Renewable fuels except fuel ethanol","Cubic metres","72","units","0","v1277885586","1.4.7","37559","","","","0"
"2020-06","Canada","2016A000011124","Production","Renewable fuel plant co-products, total","Metric tonnes","214","units","0","v1277885592","1.4.8","115571","","","","0"
"2020-06","Canada","2016A000011124","Production","Distillers grains, total","Metric tonnes","214","units","0","v1277885598","1.4.9","103386","","","","0"
"2020-06","Canada","2016A000011124","Production","Renewable fuel plant co-products except distillers grains","Metric tonnes","214","units","0","v1277885556","1.4.10","10716","","","","0"
"2020-06","Canada","2016A000011124","Shipments","Renewable fuels, total","Cubic metres","72","units","0","v1277885577","1.5.5","168495","","","","0"
"2020-06","Canada","2016A000011124","Shipments","Fuel ethanol","Cubic metres","72","units","0","v1277885582","1.5.6","128724","","","","0"
"2020-06","Canada","2016A000011124","Shipments","Renewable fuels except fuel ethanol","Cubic metres","72","units","0","v1277885587","1.5.7","39771","","","","0"
"2020-06","Canada","2016A000011124","Shipments","Renewable fuel plant co-products, total","Metric tonnes","214","units","0","v1277885593","1.5.8","117361","","","","0"
"2020-06","Canada","2016A000011124","Shipments","Distillers grains, total","Metric tonnes","214","units","0","v1277885599","1.5.9","102469","","","","0"
"2020-06","Canada","2016A000011124","Shipments","Renewable fuel plant co-products except distillers grains","Metric tonnes","214","units","0","v1277885557","1.5.10","13209","","","","0"
"2020-06","Canada","2016A000011124","Losses and adjustments","Renewable fuel plant feedstocks, total","Metric tonnes","214","units","0","v1277885552","1.6.1","-692","","","","0"
"2020-06","Canada","2016A000011124","Losses and adjustments","Cereal grains, total","Metric tonnes","214","units","0","v1277885563","1.6.2","-712","","","","0"
"2020-06","Canada","2016A000011124","Losses and adjustments","Vegetable oils, total","Metric tonnes","214","units","0","v1277885568","1.6.3","0","","","","0"
"2020-06","Canada","2016A000011124","Losses and adjustments","Other renewable fuel plant feedstocks, total","Metric tonnes","214","units","0","v1277885573","1.6.4","20","","","","0"
"2020-06","Canada","2016A000011124","Losses and adjustments","Renewable fuels, total","Cubic metres","72","units","0","v1277885578","1.6.5","240","","","","0"
"2020-06","Canada","2016A000011124","Losses and adjustments","Fuel ethanol","Cubic metres","72","units","0","v1277885583","1.6.6","315","","","","0"
"2020-06","Canada","2016A000011124","Losses and adjustments","Renewable fuels except fuel ethanol","Cubic metres","72","units","0","v1277885588","1.6.7","-75","","","","0"
"2020-06","Canada","2016A000011124","Losses and adjustments","Renewable fuel plant co-products, total","Metric tonnes","214","units","0","v1277885594","1.6.8","423","","","","0"
"2020-06","Canada","2016A000011124","Losses and adjustments","Distillers grains, total","Metric tonnes","214","units","0","v1277885600","1.6.9","832","","","","0"
"2020-06","Canada","2016A000011124","Losses and adjustments","Renewable fuel plant co-products except distillers grains","Metric tonnes","214","units","0","v1277885558","1.6.10","-409","","","","0"
"2020-06","Canada","2016A000011124","Ending stocks","Renewable fuel plant feedstocks, total","Metric tonnes","214","units","0","v1277885553","1.7.1","94926","","","","0"
"2020-06","Canada","2016A000011124","Ending stocks","Cereal grains, total","Metric tonnes","214","units","0","v1277885564","1.7.2","89969","","","","0"
"2020-06","Canada","2016A000011124","Ending stocks","Vegetable oils, total","Metric tonnes","214","units","0","v1277885569","1.7.3","886","","","","0"
"2020-06","Canada","2016A000011124","Ending stocks","Other renewable fuel plant feedstocks, total","Metric tonnes","214","units","0","v1277885574","1.7.4","4071","","","","0"
"2020-06","Canada","2016A000011124","Ending stocks","Renewable fuels, total","Cubic metres","72","units","0","v1277885579","1.7.5","30786","","","","0"
"2020-06","Canada","2016A000011124","Ending stocks","Fuel ethanol","Cubic metres","72","units","0","v1277885584","1.7.6","19373","","","","0"
"2020-06","Canada","2016A000011124","Ending stocks","Renewable fuels except fuel ethanol","Cubic metres","72","units","0","v1277885589","1.7.7","11413","","","","0"
"2020-06","Canada","2016A000011124","Ending stocks","Renewable fuel plant co-products, total","Metric tonnes","214","units","0","v1277885595","1.7.8","13666","","","","0"
"2020-06","Canada","2016A000011124","Ending stocks","Distillers grains, total","Metric tonnes","214","units","0","v1277885601","1.7.9","11161","","","","0"
"2020-06","Canada","2016A000011124","Ending stocks","Renewable fuel plant co-products except distillers grains","Metric tonnes","214","units","0","v1277885559","1.7.10","2372","","","","0"
"2020-07","Canada","2016A000011124","Beginning stocks","Renewable fuel plant feedstocks, total","Metric tonnes","214","units","0","v1277885549","1.1.1","94926","","","","0"
"2020-07","Canada","2016A000011124","Beginning stocks","Cereal grains, total","Metric tonnes","214","units","0","v1277885560","1.1.2","89969","","","","0"
"2020-07","Canada","2016A000011124","Beginning stocks","Vegetable oils, total","Metric tonnes","214","units","0","v1277885565","1.1.3","886","","","","0"
"2020-07","Canada","2016A000011124","Beginning stocks","Other renewable fuel plant feedstocks, total","Metric tonnes","214","units","0","v1277885570","1.1.4","4071","","","","0"
"2020-07","Canada","2016A000011124","Beginning stocks","Renewable fuels, total","Cubic metres","72","units","0","v1277885575","1.1.5","30793","","","","0"
"2020-07","Canada","2016A000011124","Beginning stocks","Fuel ethanol","Cubic metres","72","units","0","v1277885580","1.1.6","19380","","","","0"
"2020-07","Canada","2016A000011124","Beginning stocks","Renewable fuels except fuel ethanol","Cubic metres","72","units","0","v1277885585","1.1.7","11413","","","","0"
"2020-07","Canada","2016A000011124","Beginning stocks","Renewable fuel plant co-products, total","Metric tonnes","214","units","0","v1277885590","1.1.8","13675","","","","0"
"2020-07","Canada","2016A000011124","Beginning stocks","Distillers grains, total","Metric tonnes","214","units","0","v1277885596","1.1.9","11169","","","","0"
"2020-07","Canada","2016A000011124","Beginning stocks","Renewable fuel plant co-products except distillers grains","Metric tonnes","214","units","0","v1277885554","1.1.10","2373","","","","0"
"2020-07","Canada","2016A000011124","Receipts","Renewable fuel plant feedstocks, total","Metric tonnes","214","units","0","v1277885550","1.2.1","429318","","","","0"
"2020-07","Canada","2016A000011124","Receipts","Cereal grains, total","Metric tonnes","214","units","0","v1277885561","1.2.2","378781","","","","0"
"2020-07","Canada","2016A000011124","Receipts","Vegetable oils, total","Metric tonnes","214","units","0","v1277885566","1.2.3","35225","","","","0"
"2020-07","Canada","2016A000011124","Receipts","Other renewable fuel plant feedstocks, total","Metric tonnes","214","units","0","v1277885571","1.2.4","15312","","","","0"
"2020-07","Canada","2016A000011124","Receipts","Renewable fuel plant co-products, total","Metric tonnes","214","units","0","v1277885591","1.2.8","","..","","","0"
"2020-07","Canada","2016A000011124","Receipts","Distillers grains, total","Metric tonnes","214","units","0","v1277885597","1.2.9","","..","","","0"
"2020-07","Canada","2016A000011124","Receipts","Renewable fuel plant co-products except distillers grains","Metric tonnes","214","units","0","v1277885555","1.2.10","","..","","","0"
"2020-07","Canada","2016A000011124","Inputs","Renewable fuel plant feedstocks, total","Metric tonnes","214","units","0","v1277885551","1.3.1","420632","","","","0"
"2020-07","Canada","2016A000011124","Inputs","Cereal grains, total","Metric tonnes","214","units","0","v1277885562","1.3.2","371659","","","","0"
"2020-07","Canada","2016A000011124","Inputs","Vegetable oils, total","Metric tonnes","214","units","0","v1277885567","1.3.3","35169","","","","0"
"2020-07","Canada","2016A000011124","Inputs","Other renewable fuel plant feedstocks, total","Metric tonnes","214","units","0","v1277885572","1.3.4","13804","","","","0"
"2020-07","Canada","2016A000011124","Production","Renewable fuels, total","Cubic metres","72","units","0","v1277885576","1.4.5","196548","","","","0"
"2020-07","Canada","2016A000011124","Production","Fuel ethanol","Cubic metres","72","units","0","v1277885581","1.4.6","150008","","","","0"
"2020-07","Canada","2016A000011124","Production","Renewable fuels except fuel ethanol","Cubic metres","72","units","0","v1277885586","1.4.7","46540","","","","0"
"2020-07","Canada","2016A000011124","Production","Renewable fuel plant co-products, total","Metric tonnes","214","units","0","v1277885592","1.4.8","136315","","","","0"
"2020-07","Canada","2016A000011124","Production","Distillers grains, total","Metric tonnes","214","units","0","v1277885598","1.4.9","120928","","","","0"
"2020-07","Canada","2016A000011124","Production","Renewable fuel plant co-products except distillers grains","Metric tonnes","214","units","0","v1277885556","1.4.10","13615","","","","0"
"2020-07","Canada","2016A000011124","Shipments","Renewable fuels, total","Cubic metres","72","units","0","v1277885577","1.5.5","198451","","","","0"
"2020-07","Canada","2016A000011124","Shipments","Fuel ethanol","Cubic metres","72","units","0","v1277885582","1.5.6","149814","","","","0"
"2020-07","Canada","2016A000011124","Shipments","Renewable fuels except fuel ethanol","Cubic metres","72","units","0","v1277885587","1.5.7","48637","","","","0"
"2020-07","Canada","2016A000011124","Shipments","Renewable fuel plant co-products, total","Metric tonnes","214","units","0","v1277885593","1.5.8","139078","","","","0"
"2020-07","Canada","2016A000011124","Shipments","Distillers grains, total","Metric tonnes","214","units","0","v1277885599","1.5.9","123650","","","","0"
"2020-07","Canada","2016A000011124","Shipments","Renewable fuel plant co-products except distillers grains","Metric tonnes","214","units","0","v1277885557","1.5.10","13984","","","","0"
"2020-07","Canada","2016A000011124","Losses and adjustments","Renewable fuel plant feedstocks, total","Metric tonnes","214","units","0","v1277885552","1.6.1","4009","","","","0"
"2020-07","Canada","2016A000011124","Losses and adjustments","Cereal grains, total","Metric tonnes","214","units","0","v1277885563","1.6.2","2439","","","","0"
"2020-07","Canada","2016A000011124","Losses and adjustments","Vegetable oils, total","Metric tonnes","214","units","0","v1277885568","1.6.3","0","","","","0"
"2020-07","Canada","2016A000011124","Losses and adjustments","Other renewable fuel plant feedstocks, total","Metric tonnes","214","units","0","v1277885573","1.6.4","1570","","","","0"
"2020-07","Canada","2016A000011124","Losses and adjustments","Renewable fuels, total","Cubic metres","72","units","0","v1277885578","1.6.5","251","","","","0"
"2020-07","Canada","2016A000011124","Losses and adjustments","Fuel ethanol","Cubic metres","72","units","0","v1277885583","1.6.6","211","","","","0"
"2020-07","Canada","2016A000011124","Losses and adjustments","Renewable fuels except fuel ethanol","Cubic metres","72","units","0","v1277885588","1.6.7","40","","","","0"
"2020-07","Canada","2016A000011124","Losses and adjustments","Renewable fuel plant co-products, total","Metric tonnes","214","units","0","v1277885594","1.6.8","1360","","","","0"
"2020-07","Canada","2016A000011124","Losses and adjustments","Distillers grains, total","Metric tonnes","214","units","0","v1277885600","1.6.9","915","","","","0"
"2020-07","Canada","2016A000011124","Losses and adjustments","Renewable fuel plant co-products except distillers grains","Metric tonnes","214","units","0","v1277885558","1.6.10","445","","","","0"
"2020-07","Canada","2016A000011124","Ending stocks","Renewable fuel plant feedstocks, total","Metric tonnes","214","units","0","v1277885553","1.7.1","99597","","","","0"
"2020-07","Canada","2016A000011124","Ending stocks","Cereal grains, total","Metric tonnes","214","units","0","v1277885564","1.7.2","94652","","","","0"
"2020-07","Canada","2016A000011124","Ending stocks","Vegetable oils, total","Metric tonnes","214","units","0","v1277885569","1.7.3","942","","","","0"
"2020-07","Canada","2016A000011124","Ending stocks","Other renewable fuel plant feedstocks, total","Metric tonnes","214","units","0","v1277885574","1.7.4","4003","","","","0"
"2020-07","Canada","2016A000011124","Ending stocks","Renewable fuels, total","Cubic metres","72","units","0","v1277885579","1.7.5","31188","","","","0"
"2020-07","Canada","2016A000011124","Ending stocks","Fuel ethanol","Cubic metres","72","units","0","v1277885584","1.7.6","19389","","","","0"
"2020-07","Canada","2016A000011124","Ending stocks","Renewable fuels except fuel ethanol","Cubic metres","72","units","0","v1277885589","1.7.7","11799","","","","0"
"2020-07","Canada","2016A000011124","Ending stocks","Renewable fuel plant co-products, total","Metric tonnes","214","units","0","v1277885595","1.7.8","11016","","","","0"
"2020-07","Canada","2016A000011124","Ending stocks","Distillers grains, total","Metric tonnes","214","units","0","v1277885601","1.7.9","7532","","","","0"
"2020-07","Canada","2016A000011124","Ending stocks","Renewable fuel plant co-products except distillers grains","Metric tonnes","214","units","0","v1277885559","1.7.10","3023","","","","0"
"2020-08","Canada","2016A000011124","Beginning stocks","Renewable fuel plant feedstocks, total","Metric tonnes","214","units","0","v1277885549","1.1.1","99597","","","","0"
"2020-08","Canada","2016A000011124","Beginning stocks","Cereal grains, total","Metric tonnes","214","units","0","v1277885560","1.1.2","94652","","","","0"
"2020-08","Canada","2016A000011124","Beginning stocks","Vegetable oils, total","Metric tonnes","214","units","0","v1277885565","1.1.3","942","","","","0"
"2020-08","Canada","2016A000011124","Beginning stocks","Other renewable fuel plant feedstocks, total","Metric tonnes","214","units","0","v1277885570","1.1.4","4003","","","","0"
"2020-08","Canada","2016A000011124","Beginning stocks","Renewable fuels, total","Cubic metres","72","units","0","v1277885575","1.1.5","31251","","","","0"
"2020-08","Canada","2016A000011124","Beginning stocks","Fuel ethanol","Cubic metres","72","units","0","v1277885580","1.1.6","19389","","","","0"
"2020-08","Canada","2016A000011124","Beginning stocks","Renewable fuels except fuel ethanol","Cubic metres","72","units","0","v1277885585","1.1.7","11862","","","","0"
"2020-08","Canada","2016A000011124","Beginning stocks","Renewable fuel plant co-products, total","Metric tonnes","214","units","0","v1277885590","1.1.8","11016","","","","0"
"2020-08","Canada","2016A000011124","Beginning stocks","Distillers grains, total","Metric tonnes","214","units","0","v1277885596","1.1.9","7532","","","","0"
"2020-08","Canada","2016A000011124","Beginning stocks","Renewable fuel plant co-products except distillers grains","Metric tonnes","214","units","0","v1277885554","1.1.10","3484","","","","0"
"2020-08","Canada","2016A000011124","Receipts","Renewable fuel plant feedstocks, total","Metric tonnes","214","units","0","v1277885550","1.2.1","395193","","","","0"
"2020-08","Canada","2016A000011124","Receipts","Cereal grains, total","Metric tonnes","214","units","0","v1277885561","1.2.2","357568","","","","0"
"2020-08","Canada","2016A000011124","Receipts","Vegetable oils, total","Metric tonnes","214","units","0","v1277885566","1.2.3","23611","","","","0"
"2020-08","Canada","2016A000011124","Receipts","Other renewable fuel plant feedstocks, total","Metric tonnes","214","units","0","v1277885571","1.2.4","14014","","","","0"
"2020-08","Canada","2016A000011124","Receipts","Renewable fuel plant co-products, total","Metric tonnes","214","units","0","v1277885591","1.2.8","","..","","","0"
"2020-08","Canada","2016A000011124","Receipts","Distillers grains, total","Metric tonnes","214","units","0","v1277885597","1.2.9","","..","","","0"
"2020-08","Canada","2016A000011124","Receipts","Renewable fuel plant co-products except distillers grains","Metric tonnes","214","units","0","v1277885555","1.2.10","","..","","","0"
"2020-08","Canada","2016A000011124","Inputs","Renewable fuel plant feedstocks, total","Metric tonnes","214","units","0","v1277885551","1.3.1","396492","","","","0"
"2020-08","Canada","2016A000011124","Inputs","Cereal grains, total","Metric tonnes","214","units","0","v1277885562","1.3.2","360641","","","","0"
"2020-08","Canada","2016A000011124","Inputs","Vegetable oils, total","Metric tonnes","214","units","0","v1277885567","1.3.3","23555","","","","0"
"2020-08","Canada","2016A000011124","Inputs","Other renewable fuel plant feedstocks, total","Metric tonnes","214","units","0","v1277885572","1.3.4","12296","","","","0"
"2020-08","Canada","2016A000011124","Production","Renewable fuels, total","Cubic metres","72","units","0","v1277885576","1.4.5","183950","","","","0"
"2020-08","Canada","2016A000011124","Production","Fuel ethanol","Cubic metres","72","units","0","v1277885581","1.4.6","146424","","","","0"
"2020-08","Canada","2016A000011124","Production","Renewable fuels except fuel ethanol","Cubic metres","72","units","0","v1277885586","1.4.7","37526","","","","0"
"2020-08","Canada","2016A000011124","Production","Renewable fuel plant co-products, total","Metric tonnes","214","units","0","v1277885592","1.4.8","126666","","","","0"
"2020-08","Canada","2016A000011124","Production","Distillers grains, total","Metric tonnes","214","units","0","v1277885598","1.4.9","114377","","","","0"
"2020-08","Canada","2016A000011124","Production","Renewable fuel plant co-products except distillers grains","Metric tonnes","214","units","0","v1277885556","1.4.10","12289","","","","0"
"2020-08","Canada","2016A000011124","Shipments","Renewable fuels, total","Cubic metres","72","units","0","v1277885577","1.5.5","186344","","","","0"
"2020-08","Canada","2016A000011124","Shipments","Fuel ethanol","Cubic metres","72","units","0","v1277885582","1.5.6","145546","","","","0"
"2020-08","Canada","2016A000011124","Shipments","Renewable fuels except fuel ethanol","Cubic metres","72","units","0","v1277885587","1.5.7","40798","","","","0"
"2020-08","Canada","2016A000011124","Shipments","Renewable fuel plant co-products, total","Metric tonnes","214","units","0","v1277885593","1.5.8","123815","","","","0"
"2020-08","Canada","2016A000011124","Shipments","Distillers grains, total","Metric tonnes","214","units","0","v1277885599","1.5.9","109960","","","","0"
"2020-08","Canada","2016A000011124","Shipments","Renewable fuel plant co-products except distillers grains","Metric tonnes","214","units","0","v1277885557","1.5.10","13855","","","","0"
"2020-08","Canada","2016A000011124","Losses and adjustments","Renewable fuel plant feedstocks, total","Metric tonnes","214","units","0","v1277885552","1.6.1","694","","","","0"
"2020-08","Canada","2016A000011124","Losses and adjustments","Cereal grains, total","Metric tonnes","214","units","0","v1277885563","1.6.2","-95","","","","0"
"2020-08","Canada","2016A000011124","Losses and adjustments","Vegetable oils, total","Metric tonnes","214","units","0","v1277885568","1.6.3","0","","","","0"
"2020-08","Canada","2016A000011124","Losses and adjustments","Other renewable fuel plant feedstocks, total","Metric tonnes","214","units","0","v1277885573","1.6.4","789","","","","0"
"2020-08","Canada","2016A000011124","Losses and adjustments","Renewable fuels, total","Cubic metres","72","units","0","v1277885578","1.6.5","253","","","","0"
"2020-08","Canada","2016A000011124","Losses and adjustments","Fuel ethanol","Cubic metres","72","units","0","v1277885583","1.6.6","175","","","","0"
"2020-08","Canada","2016A000011124","Losses and adjustments","Renewable fuels except fuel ethanol","Cubic metres","72","units","0","v1277885588","1.6.7","78","","","","0"
"2020-08","Canada","2016A000011124","Losses and adjustments","Renewable fuel plant co-products, total","Metric tonnes","214","units","0","v1277885594","1.6.8","206","","","","0"
"2020-08","Canada","2016A000011124","Losses and adjustments","Distillers grains, total","Metric tonnes","214","units","0","v1277885600","1.6.9","464","","","","0"
"2020-08","Canada","2016A000011124","Losses and adjustments","Renewable fuel plant co-products except distillers grains","Metric tonnes","214","units","0","v1277885558","1.6.10","-258","","","","0"
"2020-08","Canada","2016A000011124","Ending stocks","Renewable fuel plant feedstocks, total","Metric tonnes","214","units","0","v1277885553","1.7.1","97574","","","","0"
"2020-08","Canada","2016A000011124","Ending stocks","Cereal grains, total","Metric tonnes","214","units","0","v1277885564","1.7.2","91674","","","","0"
"2020-08","Canada","2016A000011124","Ending stocks","Vegetable oils, total","Metric tonnes","214","units","0","v1277885569","1.7.3","998","","","","0"
"2020-08","Canada","2016A000011124","Ending stocks","Other renewable fuel plant feedstocks, total","Metric tonnes","214","units","0","v1277885574","1.7.4","4902","","","","0"
"2020-08","Canada","2016A000011124","Ending stocks","Renewable fuels, total","Cubic metres","72","units","0","v1277885579","1.7.5","30791","","","","0"
"2020-08","Canada","2016A000011124","Ending stocks","Fuel ethanol","Cubic metres","72","units","0","v1277885584","1.7.6","20127","","","","0"
"2020-08","Canada","2016A000011124","Ending stocks","Renewable fuels except fuel ethanol","Cubic metres","72","units","0","v1277885589","1.7.7","10664","","","","0"
"2020-08","Canada","2016A000011124","Ending stocks","Renewable fuel plant co-products, total","Metric tonnes","214","units","0","v1277885595","1.7.8","15238","","","","0"
"2020-08","Canada","2016A000011124","Ending stocks","Distillers grains, total","Metric tonnes","214","units","0","v1277885601","1.7.9","11485","","","","0"
"2020-08","Canada","2016A000011124","Ending stocks","Renewable fuel plant co-products except distillers grains","Metric tonnes","214","units","0","v1277885559","1.7.10","3753","","","","0"
"2020-09","Canada","2016A000011124","Beginning stocks","Renewable fuel plant feedstocks, total","Metric tonnes","214","units","0","v1277885549","1.1.1","97573","","","","0"
"2020-09","Canada","2016A000011124","Beginning stocks","Cereal grains, total","Metric tonnes","214","units","0","v1277885560","1.1.2","91674","","","","0"
"2020-09","Canada","2016A000011124","Beginning stocks","Vegetable oils, total","Metric tonnes","214","units","0","v1277885565","1.1.3","998","","","","0"
"2020-09","Canada","2016A000011124","Beginning stocks","Other renewable fuel plant feedstocks, total","Metric tonnes","214","units","0","v1277885570","1.1.4","4901","","","","0"
"2020-09","Canada","2016A000011124","Beginning stocks","Renewable fuels, total","Cubic metres","72","units","0","v1277885575","1.1.5","30810","","","","0"
"2020-09","Canada","2016A000011124","Beginning stocks","Fuel ethanol","Cubic metres","72","units","0","v1277885580","1.1.6","20127","","","","0"
"2020-09","Canada","2016A000011124","Beginning stocks","Renewable fuels except fuel ethanol","Cubic metres","72","units","0","v1277885585","1.1.7","10683","","","","0"
"2020-09","Canada","2016A000011124","Beginning stocks","Renewable fuel plant co-products, total","Metric tonnes","214","units","0","v1277885590","1.1.8","15238","","","","0"
"2020-09","Canada","2016A000011124","Beginning stocks","Distillers grains, total","Metric tonnes","214","units","0","v1277885596","1.1.9","11485","","","","0"
"2020-09","Canada","2016A000011124","Beginning stocks","Renewable fuel plant co-products except distillers grains","Metric tonnes","214","units","0","v1277885554","1.1.10","3753","","","","0"
"2020-09","Canada","2016A000011124","Receipts","Renewable fuel plant feedstocks, total","Metric tonnes","214","units","0","v1277885550","1.2.1","376036","","","","0"
"2020-09","Canada","2016A000011124","Receipts","Cereal grains, total","Metric tonnes","214","units","0","v1277885561","1.2.2","338582","","","","0"
"2020-09","Canada","2016A000011124","Receipts","Vegetable oils, total","Metric tonnes","214","units","0","v1277885566","1.2.3","26390","","","","0"
"2020-09","Canada","2016A000011124","Receipts","Other renewable fuel plant feedstocks, total","Metric tonnes","214","units","0","v1277885571","1.2.4","11064","","","","0"
"2020-09","Canada","2016A000011124","Receipts","Renewable fuel plant co-products, total","Metric tonnes","214","units","0","v1277885591","1.2.8","","..","","","0"
"2020-09","Canada","2016A000011124","Receipts","Distillers grains, total","Metric tonnes","214","units","0","v1277885597","1.2.9","","..","","","0"
"2020-09","Canada","2016A000011124","Receipts","Renewable fuel plant co-products except distillers grains","Metric tonnes","214","units","0","v1277885555","1.2.10","","..","","","0"
"2020-09","Canada","2016A000011124","Inputs","Renewable fuel plant feedstocks, total","Metric tonnes","214","units","0","v1277885551","1.3.1","364487","","","","0"
"2020-09","Canada","2016A000011124","Inputs","Cereal grains, total","Metric tonnes","214","units","0","v1277885562","1.3.2","326873","","","","0"
"2020-09","Canada","2016A000011124","Inputs","Vegetable oils, total","Metric tonnes","214","units","0","v1277885567","1.3.3","26715","","","","0"
"2020-09","Canada","2016A000011124","Inputs","Other renewable fuel plant feedstocks, total","Metric tonnes","214","units","0","v1277885572","1.3.4","10899","","","","0"
"2020-09","Canada","2016A000011124","Production","Renewable fuels, total","Cubic metres","72","units","0","v1277885576","1.4.5","170448","","","","0"
"2020-09","Canada","2016A000011124","Production","Fuel ethanol","Cubic metres","72","units","0","v1277885581","1.4.6","134745","","","","0"
"2020-09","Canada","2016A000011124","Production","Renewable fuels except fuel ethanol","Cubic metres","72","units","0","v1277885586","1.4.7","35703","","","","0"
"2020-09","Canada","2016A000011124","Production","Renewable fuel plant co-products, total","Metric tonnes","214","units","0","v1277885592","1.4.8","113981","","","","0"
"2020-09","Canada","2016A000011124","Production","Distillers grains, total","Metric tonnes","214","units","0","v1277885598","1.4.9","104546","","","","0"
"2020-09","Canada","2016A000011124","Production","Renewable fuel plant co-products except distillers grains","Metric tonnes","214","units","0","v1277885556","1.4.10","9435","","","","0"
"2020-09","Canada","2016A000011124","Shipments","Renewable fuels, total","Cubic metres","72","units","0","v1277885577","1.5.5","173784","","","","0"
"2020-09","Canada","2016A000011124","Shipments","Fuel ethanol","Cubic metres","72","units","0","v1277885582","1.5.6","137427","","","","0"
"2020-09","Canada","2016A000011124","Shipments","Renewable fuels except fuel ethanol","Cubic metres","72","units","0","v1277885587","1.5.7","36357","","","","0"
"2020-09","Canada","2016A000011124","Shipments","Renewable fuel plant co-products, total","Metric tonnes","214","units","0","v1277885593","1.5.8","123151","","","","0"
"2020-09","Canada","2016A000011124","Shipments","Distillers grains, total","Metric tonnes","214","units","0","v1277885599","1.5.9","110420","","","","0"
"2020-09","Canada","2016A000011124","Shipments","Renewable fuel plant co-products except distillers grains","Metric tonnes","214","units","0","v1277885557","1.5.10","12731","","","","0"
"2020-09","Canada","2016A000011124","Losses and adjustments","Renewable fuel plant feedstocks, total","Metric tonnes","214","units","0","v1277885552","1.6.1","1511","","","","0"
"2020-09","Canada","2016A000011124","Losses and adjustments","Cereal grains, total","Metric tonnes","214","units","0","v1277885563","1.6.2","670","","","","0"
"2020-09","Canada","2016A000011124","Losses and adjustments","Vegetable oils, total","Metric tonnes","214","units","0","v1277885568","1.6.3","0","","","","0"
"2020-09","Canada","2016A000011124","Losses and adjustments","Other renewable fuel plant feedstocks, total","Metric tonnes","214","units","0","v1277885573","1.6.4","841","","","","0"
"2020-09","Canada","2016A000011124","Losses and adjustments","Renewable fuels, total","Cubic metres","72","units","0","v1277885578","1.6.5","2117","","","","0"
"2020-09","Canada","2016A000011124","Losses and adjustments","Fuel ethanol","Cubic metres","72","units","0","v1277885583","1.6.6","354","","","","0"
"2020-09","Canada","2016A000011124","Losses and adjustments","Renewable fuels except fuel ethanol","Cubic metres","72","units","0","v1277885588","1.6.7","1763","","","","0"
"2020-09","Canada","2016A000011124","Losses and adjustments","Renewable fuel plant co-products, total","Metric tonnes","214","units","0","v1277885594","1.6.8","-2086","","","","0"
"2020-09","Canada","2016A000011124","Losses and adjustments","Distillers grains, total","Metric tonnes","214","units","0","v1277885600","1.6.9","-1795","","","","0"
"2020-09","Canada","2016A000011124","Losses and adjustments","Renewable fuel plant co-products except distillers grains","Metric tonnes","214","units","0","v1277885558","1.6.10","-291","","","","0"
"2020-09","Canada","2016A000011124","Ending stocks","Renewable fuel plant feedstocks, total","Metric tonnes","214","units","0","v1277885553","1.7.1","107728","","","","0"
"2020-09","Canada","2016A000011124","Ending stocks","Cereal grains, total","Metric tonnes","214","units","0","v1277885564","1.7.2","102713","","","","0"
"2020-09","Canada","2016A000011124","Ending stocks","Vegetable oils, total","Metric tonnes","214","units","0","v1277885569","1.7.3","673","","","","0"
"2020-09","Canada","2016A000011124","Ending stocks","Other renewable fuel plant feedstocks, total","Metric tonnes","214","units","0","v1277885574","1.7.4","4342","","","","0"
"2020-09","Canada","2016A000011124","Ending stocks","Renewable fuels, total","Cubic metres","72","units","0","v1277885579","1.7.5","27441","","","","0"
"2020-09","Canada","2016A000011124","Ending stocks","Fuel ethanol","Cubic metres","72","units","0","v1277885584","1.7.6","17134","","","","0"
"2020-09","Canada","2016A000011124","Ending stocks","Renewable fuels except fuel ethanol","Cubic metres","72","units","0","v1277885589","1.7.7","10307","","","","0"
"2020-09","Canada","2016A000011124","Ending stocks","Renewable fuel plant co-products, total","Metric tonnes","214","units","0","v1277885595","1.7.8","10252","","","","0"
"2020-09","Canada","2016A000011124","Ending stocks","Distillers grains, total","Metric tonnes","214","units","0","v1277885601","1.7.9","7406","","","","0"
"2020-09","Canada","2016A000011124","Ending stocks","Renewable fuel plant co-products except distillers grains","Metric tonnes","214","units","0","v1277885559","1.7.10","2846","","","","0"
"2020-10","Canada","2016A000011124","Beginning stocks","Renewable fuel plant feedstocks, total","Metric tonnes","214","units","0","v1277885549","1.1.1","107728","","","","0"
"2020-10","Canada","2016A000011124","Beginning stocks","Cereal grains, total","Metric tonnes","214","units","0","v1277885560","1.1.2","102713","","","","0"
"2020-10","Canada","2016A000011124","Beginning stocks","Vegetable oils, total","Metric tonnes","214","units","0","v1277885565","1.1.3","673","","","","0"
"2020-10","Canada","2016A000011124","Beginning stocks","Other renewable fuel plant feedstocks, total","Metric tonnes","214","units","0","v1277885570","1.1.4","4342","","","","0"
"2020-10","Canada","2016A000011124","Beginning stocks","Renewable fuels, total","Cubic metres","72","units","0","v1277885575","1.1.5","27441","","","","0"
"2020-10","Canada","2016A000011124","Beginning stocks","Fuel ethanol","Cubic metres","72","units","0","v1277885580","1.1.6","17134","","","","0"
"2020-10","Canada","2016A000011124","Beginning stocks","Renewable fuels except fuel ethanol","Cubic metres","72","units","0","v1277885585","1.1.7","10307","","","","0"
"2020-10","Canada","2016A000011124","Beginning stocks","Renewable fuel plant co-products, total","Metric tonnes","214","units","0","v1277885590","1.1.8","10252","","","","0"
"2020-10","Canada","2016A000011124","Beginning stocks","Distillers grains, total","Metric tonnes","214","units","0","v1277885596","1.1.9","7406","","","","0"
"2020-10","Canada","2016A000011124","Beginning stocks","Renewable fuel plant co-products except distillers grains","Metric tonnes","214","units","0","v1277885554","1.1.10","2846","","","","0"
"2020-10","Canada","2016A000011124","Receipts","Renewable fuel plant feedstocks, total","Metric tonnes","214","units","0","v1277885550","1.2.1","334287","","","","0"
"2020-10","Canada","2016A000011124","Receipts","Cereal grains, total","Metric tonnes","214","units","0","v1277885561","1.2.2","296525","","","","0"
"2020-10","Canada","2016A000011124","Receipts","Vegetable oils, total","Metric tonnes","214","units","0","v1277885566","1.2.3","26908","","","","0"
"2020-10","Canada","2016A000011124","Receipts","Other renewable fuel plant feedstocks, total","Metric tonnes","214","units","0","v1277885571","1.2.4","10854","","","","0"
"2020-10","Canada","2016A000011124","Receipts","Renewable fuel plant co-products, total","Metric tonnes","214","units","0","v1277885591","1.2.8","","..","","","0"
"2020-10","Canada","2016A000011124","Receipts","Distillers grains, total","Metric tonnes","214","units","0","v1277885597","1.2.9","","..","","","0"
"2020-10","Canada","2016A000011124","Receipts","Renewable fuel plant co-products except distillers grains","Metric tonnes","214","units","0","v1277885555","1.2.10","","..","","","0"
"2020-10","Canada","2016A000011124","Inputs","Renewable fuel plant feedstocks, total","Metric tonnes","214","units","0","v1277885551","1.3.1","362759","","","","0"
"2020-10","Canada","2016A000011124","Inputs","Cereal grains, total","Metric tonnes","214","units","0","v1277885562","1.3.2","325261","","","","0"
"2020-10","Canada","2016A000011124","Inputs","Vegetable oils, total","Metric tonnes","214","units","0","v1277885567","1.3.3","26569","","","","0"
"2020-10","Canada","2016A000011124","Inputs","Other renewable fuel plant feedstocks, total","Metric tonnes","214","units","0","v1277885572","1.3.4","10929","","","","0"
"2020-10","Canada","2016A000011124","Production","Renewable fuels, total","Cubic metres","72","units","0","v1277885576","1.4.5","176267","","","","0"
"2020-10","Canada","2016A000011124","Production","Fuel ethanol","Cubic metres","72","units","0","v1277885581","1.4.6","139203","","","","0"
"2020-10","Canada","2016A000011124","Production","Renewable fuels except fuel ethanol","Cubic metres","72","units","0","v1277885586","1.4.7","37064","","","","0"
"2020-10","Canada","2016A000011124","Production","Renewable fuel plant co-products, total","Metric tonnes","214","units","0","v1277885592","1.4.8","120390","","","","0"
"2020-10","Canada","2016A000011124","Production","Distillers grains, total","Metric tonnes","214","units","0","v1277885598","1.4.9","109318","","","","0"
"2020-10","Canada","2016A000011124","Production","Renewable fuel plant co-products except distillers grains","Metric tonnes","214","units","0","v1277885556","1.4.10","11072","","","","0"
"2020-10","Canada","2016A000011124","Shipments","Renewable fuels, total","Cubic metres","72","units","0","v1277885577","1.5.5","177884","","","","0"
"2020-10","Canada","2016A000011124","Shipments","Fuel ethanol","Cubic metres","72","units","0","v1277885582","1.5.6","138374","","","","0"
"2020-10","Canada","2016A000011124","Shipments","Renewable fuels except fuel ethanol","Cubic metres","72","units","0","v1277885587","1.5.7","39510","","","","0"
"2020-10","Canada","2016A000011124","Shipments","Renewable fuel plant co-products, total","Metric tonnes","214","units","0","v1277885593","1.5.8","120149","","","","0"
"2020-10","Canada","2016A000011124","Shipments","Distillers grains, total","Metric tonnes","214","units","0","v1277885599","1.5.9","107577","","","","0"
"2020-10","Canada","2016A000011124","Shipments","Renewable fuel plant co-products except distillers grains","Metric tonnes","214","units","0","v1277885557","1.5.10","12572","","","","0"
"2020-10","Canada","2016A000011124","Losses and adjustments","Renewable fuel plant feedstocks, total","Metric tonnes","214","units","0","v1277885552","1.6.1","-42","","","","0"
"2020-10","Canada","2016A000011124","Losses and adjustments","Cereal grains, total","Metric tonnes","214","units","0","v1277885563","1.6.2","-926","","","","0"
"2020-10","Canada","2016A000011124","Losses and adjustments","Vegetable oils, total","Metric tonnes","214","units","0","v1277885568","1.6.3","0","","","","0"
"2020-10","Canada","2016A000011124","Losses and adjustments","Other renewable fuel plant feedstocks, total","Metric tonnes","214","units","0","v1277885573","1.6.4","884","","","","0"
"2020-10","Canada","2016A000011124","Losses and adjustments","Renewable fuels, total","Cubic metres","72","units","0","v1277885578","1.6.5","356","","","","0"
"2020-10","Canada","2016A000011124","Losses and adjustments","Fuel ethanol","Cubic metres","72","units","0","v1277885583","1.6.6","283","","","","0"
"2020-10","Canada","2016A000011124","Losses and adjustments","Renewable fuels except fuel ethanol","Cubic metres","72","units","0","v1277885588","1.6.7","73","","","","0"
"2020-10","Canada","2016A000011124","Losses and adjustments","Renewable fuel plant co-products, total","Metric tonnes","214","units","0","v1277885594","1.6.8","2026","","","","0"
"2020-10","Canada","2016A000011124","Losses and adjustments","Distillers grains, total","Metric tonnes","214","units","0","v1277885600","1.6.9","2298","","","","0"
"2020-10","Canada","2016A000011124","Losses and adjustments","Renewable fuel plant co-products except distillers grains","Metric tonnes","214","units","0","v1277885558","1.6.10","-272","","","","0"
"2020-10","Canada","2016A000011124","Ending stocks","Renewable fuel plant feedstocks, total","Metric tonnes","214","units","0","v1277885553","1.7.1","79492","","","","0"
"2020-10","Canada","2016A000011124","Ending stocks","Cereal grains, total","Metric tonnes","214","units","0","v1277885564","1.7.2","74903","","","","0"
"2020-10","Canada","2016A000011124","Ending stocks","Vegetable oils, total","Metric tonnes","214","units","0","v1277885569","1.7.3","1012","","","","0"
"2020-10","Canada","2016A000011124","Ending stocks","Other renewable fuel plant feedstocks, total","Metric tonnes","214","units","0","v1277885574","1.7.4","3577","","","","0"
"2020-10","Canada","2016A000011124","Ending stocks","Renewable fuels, total","Cubic metres","72","units","0","v1277885579","1.7.5","26043","","","","0"
"2020-10","Canada","2016A000011124","Ending stocks","Fuel ethanol","Cubic metres","72","units","0","v1277885584","1.7.6","17714","","","","0"
"2020-10","Canada","2016A000011124","Ending stocks","Renewable fuels except fuel ethanol","Cubic metres","72","units","0","v1277885589","1.7.7","8329","","","","0"
"2020-10","Canada","2016A000011124","Ending stocks","Renewable fuel plant co-products, total","Metric tonnes","214","units","0","v1277885595","1.7.8","10328","","","","0"
"2020-10","Canada","2016A000011124","Ending stocks","Distillers grains, total","Metric tonnes","214","units","0","v1277885601","1.7.9","6849","","","","0"
"2020-10","Canada","2016A000011124","Ending stocks","Renewable fuel plant co-products except distillers grains","Metric tonnes","214","units","0","v1277885559","1.7.10","3479","","","","0"
"2020-11","Canada","2016A000011124","Beginning stocks","Renewable fuel plant feedstocks, total","Metric tonnes","214","units","0","v1277885549","1.1.1","80286","","","","0"
"2020-11","Canada","2016A000011124","Beginning stocks","Cereal grains, total","Metric tonnes","214","units","0","v1277885560","1.1.2","74961","","","","0"
"2020-11","Canada","2016A000011124","Beginning stocks","Vegetable oils, total","Metric tonnes","214","units","0","v1277885565","1.1.3","1012","","","","0"
"2020-11","Canada","2016A000011124","Beginning stocks","Other renewable fuel plant feedstocks, total","Metric tonnes","214","units","0","v1277885570","1.1.4","4313","","","","0"
"2020-11","Canada","2016A000011124","Beginning stocks","Renewable fuels, total","Cubic metres","72","units","0","v1277885575","1.1.5","25990","","","","0"
"2020-11","Canada","2016A000011124","Beginning stocks","Fuel ethanol","Cubic metres","72","units","0","v1277885580","1.1.6","17714","","","","0"
"2020-11","Canada","2016A000011124","Beginning stocks","Renewable fuels except fuel ethanol","Cubic metres","72","units","0","v1277885585","1.1.7","8276","","","","0"
"2020-11","Canada","2016A000011124","Beginning stocks","Renewable fuel plant co-products, total","Metric tonnes","214","units","0","v1277885590","1.1.8","10328","","","","0"
"2020-11","Canada","2016A000011124","Beginning stocks","Distillers grains, total","Metric tonnes","214","units","0","v1277885596","1.1.9","6849","","","","0"
"2020-11","Canada","2016A000011124","Beginning stocks","Renewable fuel plant co-products except distillers grains","Metric tonnes","214","units","0","v1277885554","1.1.10","3479","","","","0"
"2020-11","Canada","2016A000011124","Receipts","Renewable fuel plant feedstocks, total","Metric tonnes","214","units","0","v1277885550","1.2.1","423029","","","","0"
"2020-11","Canada","2016A000011124","Receipts","Cereal grains, total","Metric tonnes","214","units","0","v1277885561","1.2.2","380251","","","","0"
"2020-11","Canada","2016A000011124","Receipts","Vegetable oils, total","Metric tonnes","214","units","0","v1277885566","1.2.3","29732","","","","0"
"2020-11","Canada","2016A000011124","Receipts","Other renewable fuel plant feedstocks, total","Metric tonnes","214","units","0","v1277885571","1.2.4","13046","","","","0"
"2020-11","Canada","2016A000011124","Receipts","Renewable fuel plant co-products, total","Metric tonnes","214","units","0","v1277885591","1.2.8","","..","","","0"
"2020-11","Canada","2016A000011124","Receipts","Distillers grains, total","Metric tonnes","214","units","0","v1277885597","1.2.9","","..","","","0"
"2020-11","Canada","2016A000011124","Receipts","Renewable fuel plant co-products except distillers grains","Metric tonnes","214","units","0","v1277885555","1.2.10","","..","","","0"
"2020-11","Canada","2016A000011124","Inputs","Renewable fuel plant feedstocks, total","Metric tonnes","214","units","0","v1277885551","1.3.1","414337","","","","0"
"2020-11","Canada","2016A000011124","Inputs","Cereal grains, total","Metric tonnes","214","units","0","v1277885562","1.3.2","371642","","","","0"
"2020-11","Canada","2016A000011124","Inputs","Vegetable oils, total","Metric tonnes","214","units","0","v1277885567","1.3.3","30094","","","","0"
"2020-11","Canada","2016A000011124","Inputs","Other renewable fuel plant feedstocks, total","Metric tonnes","214","units","0","v1277885572","1.3.4","12601","","","","0"
"2020-11","Canada","2016A000011124","Production","Renewable fuels, total","Cubic metres","72","units","0","v1277885576","1.4.5","199116","","","","0"
"2020-11","Canada","2016A000011124","Production","Fuel ethanol","Cubic metres","72","units","0","v1277885581","1.4.6","155234","","","","0"
"2020-11","Canada","2016A000011124","Production","Renewable fuels except fuel ethanol","Cubic metres","72","units","0","v1277885586","1.4.7","43882","","","","0"
"2020-11","Canada","2016A000011124","Production","Renewable fuel plant co-products, total","Metric tonnes","214","units","0","v1277885592","1.4.8","130996","","","","0"
"2020-11","Canada","2016A000011124","Production","Distillers grains, total","Metric tonnes","214","units","0","v1277885598","1.4.9","119815","","","","0"
"2020-11","Canada","2016A000011124","Production","Renewable fuel plant co-products except distillers grains","Metric tonnes","214","units","0","v1277885556","1.4.10","11181","","","","0"
"2020-11","Canada","2016A000011124","Shipments","Renewable fuels, total","Cubic metres","72","units","0","v1277885577","1.5.5","190125","","","","0"
"2020-11","Canada","2016A000011124","Shipments","Fuel ethanol","Cubic metres","72","units","0","v1277885582","1.5.6","149425","","","","0"
"2020-11","Canada","2016A000011124","Shipments","Renewable fuels except fuel ethanol","Cubic metres","72","units","0","v1277885587","1.5.7","40700","","","","0"
"2020-11","Canada","2016A000011124","Shipments","Renewable fuel plant co-products, total","Metric tonnes","214","units","0","v1277885593","1.5.8","130007","","","","0"
"2020-11","Canada","2016A000011124","Shipments","Distillers grains, total","Metric tonnes","214","units","0","v1277885599","1.5.9","116981","","","","0"
"2020-11","Canada","2016A000011124","Shipments","Renewable fuel plant co-products except distillers grains","Metric tonnes","214","units","0","v1277885557","1.5.10","13026","","","","0"
"2020-11","Canada","2016A000011124","Losses and adjustments","Renewable fuel plant feedstocks, total","Metric tonnes","214","units","0","v1277885552","1.6.1","943","","","","0"
"2020-11","Canada","2016A000011124","Losses and adjustments","Cereal grains, total","Metric tonnes","214","units","0","v1277885563","1.6.2","342","","","","0"
"2020-11","Canada","2016A000011124","Losses and adjustments","Vegetable oils, total","Metric tonnes","214","units","0","v1277885568","1.6.3","0","","","","0"
"2020-11","Canada","2016A000011124","Losses and adjustments","Other renewable fuel plant feedstocks, total","Metric tonnes","214","units","0","v1277885573","1.6.4","601","","","","0"
"2020-11","Canada","2016A000011124","Losses and adjustments","Renewable fuels, total","Cubic metres","72","units","0","v1277885578","1.6.5","413","","","","0"
"2020-11","Canada","2016A000011124","Losses and adjustments","Fuel ethanol","Cubic metres","72","units","0","v1277885583","1.6.6","322","","","","0"
"2020-11","Canada","2016A000011124","Losses and adjustments","Renewable fuels except fuel ethanol","Cubic metres","72","units","0","v1277885588","1.6.7","91","","","","0"
"2020-11","Canada","2016A000011124","Losses and adjustments","Renewable fuel plant co-products, total","Metric tonnes","214","units","0","v1277885594","1.6.8","162","","","","0"
"2020-11","Canada","2016A000011124","Losses and adjustments","Distillers grains, total","Metric tonnes","214","units","0","v1277885600","1.6.9","461","","","","0"
"2020-11","Canada","2016A000011124","Losses and adjustments","Renewable fuel plant co-products except distillers grains","Metric tonnes","214","units","0","v1277885558","1.6.10","-299","","","","0"
"2020-11","Canada","2016A000011124","Ending stocks","Renewable fuel plant feedstocks, total","Metric tonnes","214","units","0","v1277885553","1.7.1","88219","","","","0"
"2020-11","Canada","2016A000011124","Ending stocks","Cereal grains, total","Metric tonnes","214","units","0","v1277885564","1.7.2","83228","","","","0"
"2020-11","Canada","2016A000011124","Ending stocks","Vegetable oils, total","Metric tonnes","214","units","0","v1277885569","1.7.3","650","","","","0"
"2020-11","Canada","2016A000011124","Ending stocks","Other renewable fuel plant feedstocks, total","Metric tonnes","214","units","0","v1277885574","1.7.4","4341","","","","0"
"2020-11","Canada","2016A000011124","Ending stocks","Renewable fuels, total","Cubic metres","72","units","0","v1277885579","1.7.5","34921","","","","0"
"2020-11","Canada","2016A000011124","Ending stocks","Fuel ethanol","Cubic metres","72","units","0","v1277885584","1.7.6","23238","","","","0"
"2020-11","Canada","2016A000011124","Ending stocks","Renewable fuels except fuel ethanol","Cubic metres","72","units","0","v1277885589","1.7.7","11683","","","","0"
"2020-11","Canada","2016A000011124","Ending stocks","Renewable fuel plant co-products, total","Metric tonnes","214","units","0","v1277885595","1.7.8","12925","","","","0"
"2020-11","Canada","2016A000011124","Ending stocks","Distillers grains, total","Metric tonnes","214","units","0","v1277885601","1.7.9","9222","","","","0"
"2020-11","Canada","2016A000011124","Ending stocks","Renewable fuel plant co-products except distillers grains","Metric tonnes","214","units","0","v1277885559","1.7.10","3703","","","","0"
"2020-12","Canada","2016A000011124","Beginning stocks","Renewable fuel plant feedstocks, total","Metric tonnes","214","units","0","v1277885549","1.1.1","88219","","","","0"
"2020-12","Canada","2016A000011124","Beginning stocks","Cereal grains, total","Metric tonnes","214","units","0","v1277885560","1.1.2","83228","","","","0"
"2020-12","Canada","2016A000011124","Beginning stocks","Vegetable oils, total","Metric tonnes","214","units","0","v1277885565","1.1.3","650","","","","0"
"2020-12","Canada","2016A000011124","Beginning stocks","Other renewable fuel plant feedstocks, total","Metric tonnes","214","units","0","v1277885570","1.1.4","4341","","","","0"
"2020-12","Canada","2016A000011124","Beginning stocks","Renewable fuels, total","Cubic metres","72","units","0","v1277885575","1.1.5","34921","","","","0"
"2020-12","Canada","2016A000011124","Beginning stocks","Fuel ethanol","Cubic metres","72","units","0","v1277885580","1.1.6","23238","","","","0"
"2020-12","Canada","2016A000011124","Beginning stocks","Renewable fuels except fuel ethanol","Cubic metres","72","units","0","v1277885585","1.1.7","11683","","","","0"
"2020-12","Canada","2016A000011124","Beginning stocks","Renewable fuel plant co-products, total","Metric tonnes","214","units","0","v1277885590","1.1.8","12925","","","","0"
"2020-12","Canada","2016A000011124","Beginning stocks","Distillers grains, total","Metric tonnes","214","units","0","v1277885596","1.1.9","9222","","","","0"
"2020-12","Canada","2016A000011124","Beginning stocks","Renewable fuel plant co-products except distillers grains","Metric tonnes","214","units","0","v1277885554","1.1.10","3703","","","","0"
"2020-12","Canada","2016A000011124","Receipts","Renewable fuel plant feedstocks, total","Metric tonnes","214","units","0","v1277885550","1.2.1","401418","","","","0"
"2020-12","Canada","2016A000011124","Receipts","Cereal grains, total","Metric tonnes","214","units","0","v1277885561","1.2.2","364763","","","","0"
"2020-12","Canada","2016A000011124","Receipts","Vegetable oils, total","Metric tonnes","214","units","0","v1277885566","1.2.3","27381","","","","0"
"2020-12","Canada","2016A000011124","Receipts","Other renewable fuel plant feedstocks, total","Metric tonnes","214","units","0","v1277885571","1.2.4","9274","","","","0"
"2020-12","Canada","2016A000011124","Receipts","Renewable fuel plant co-products, total","Metric tonnes","214","units","0","v1277885591","1.2.8","","..","","","0"
"2020-12","Canada","2016A000011124","Receipts","Distillers grains, total","Metric tonnes","214","units","0","v1277885597","1.2.9","","..","","","0"
"2020-12","Canada","2016A000011124","Receipts","Renewable fuel plant co-products except distillers grains","Metric tonnes","214","units","0","v1277885555","1.2.10","","..","","","0"
"2020-12","Canada","2016A000011124","Inputs","Renewable fuel plant feedstocks, total","Metric tonnes","214","units","0","v1277885551","1.3.1","370533","","","","0"
"2020-12","Canada","2016A000011124","Inputs","Cereal grains, total","Metric tonnes","214","units","0","v1277885562","1.3.2","333253","","","","0"
"2020-12","Canada","2016A000011124","Inputs","Vegetable oils, total","Metric tonnes","214","units","0","v1277885567","1.3.3","26962","","","","0"
"2020-12","Canada","2016A000011124","Inputs","Other renewable fuel plant feedstocks, total","Metric tonnes","214","units","0","v1277885572","1.3.4","10318","","","","0"
"2020-12","Canada","2016A000011124","Production","Renewable fuels, total","Cubic metres","72","units","0","v1277885576","1.4.5","175813","","","","0"
"2020-12","Canada","2016A000011124","Production","Fuel ethanol","Cubic metres","72","units","0","v1277885581","1.4.6","139070","","","","0"
"2020-12","Canada","2016A000011124","Production","Renewable fuels except fuel ethanol","Cubic metres","72","units","0","v1277885586","1.4.7","36743","","","","0"
"2020-12","Canada","2016A000011124","Production","Renewable fuel plant co-products, total","Metric tonnes","214","units","0","v1277885592","1.4.8","107417","","","","0"
"2020-12","Canada","2016A000011124","Production","Distillers grains, total","Metric tonnes","214","units","0","v1277885598","1.4.9","97268","","","","0"
"2020-12","Canada","2016A000011124","Production","Renewable fuel plant co-products except distillers grains","Metric tonnes","214","units","0","v1277885556","1.4.10","10149","","","","0"
"2020-12","Canada","2016A000011124","Shipments","Renewable fuels, total","Cubic metres","72","units","0","v1277885577","1.5.5","182787","","","","0"
"2020-12","Canada","2016A000011124","Shipments","Fuel ethanol","Cubic metres","72","units","0","v1277885582","1.5.6","142964","","","","0"
"2020-12","Canada","2016A000011124","Shipments","Renewable fuels except fuel ethanol","Cubic metres","72","units","0","v1277885587","1.5.7","39823","","","","0"
"2020-12","Canada","2016A000011124","Shipments","Renewable fuel plant co-products, total","Metric tonnes","214","units","0","v1277885593","1.5.8","109328","","","","0"
"2020-12","Canada","2016A000011124","Shipments","Distillers grains, total","Metric tonnes","214","units","0","v1277885599","1.5.9","98675","","","","0"
"2020-12","Canada","2016A000011124","Shipments","Renewable fuel plant co-products except distillers grains","Metric tonnes","214","units","0","v1277885557","1.5.10","10653","","","","0"
"2020-12","Canada","2016A000011124","Losses and adjustments","Renewable fuel plant feedstocks, total","Metric tonnes","214","units","0","v1277885552","1.6.1","-1210","","","","0"
"2020-12","Canada","2016A000011124","Losses and adjustments","Cereal grains, total","Metric tonnes","214","units","0","v1277885563","1.6.2","-583","","","","0"
"2020-12","Canada","2016A000011124","Losses and adjustments","Vegetable oils, total","Metric tonnes","214","units","0","v1277885568","1.6.3","-26","","","","0"
"2020-12","Canada","2016A000011124","Losses and adjustments","Other renewable fuel plant feedstocks, total","Metric tonnes","214","units","0","v1277885573","1.6.4","-601","","","","0"
"2020-12","Canada","2016A000011124","Losses and adjustments","Renewable fuels, total","Cubic metres","72","units","0","v1277885578","1.6.5","158","","","","0"
"2020-12","Canada","2016A000011124","Losses and adjustments","Fuel ethanol","Cubic metres","72","units","0","v1277885583","1.6.6","228","","","","0"
"2020-12","Canada","2016A000011124","Losses and adjustments","Renewable fuels except fuel ethanol","Cubic metres","72","units","0","v1277885588","1.6.7","-70","","","","0"
"2020-12","Canada","2016A000011124","Losses and adjustments","Renewable fuel plant co-products, total","Metric tonnes","214","units","0","v1277885594","1.6.8","1549","","","","0"
"2020-12","Canada","2016A000011124","Losses and adjustments","Distillers grains, total","Metric tonnes","214","units","0","v1277885600","1.6.9","1777","","","","0"
"2020-12","Canada","2016A000011124","Losses and adjustments","Renewable fuel plant co-products except distillers grains","Metric tonnes","214","units","0","v1277885558","1.6.10","-228","","","","0"
"2020-12","Canada","2016A000011124","Ending stocks","Renewable fuel plant feedstocks, total","Metric tonnes","214","units","0","v1277885553","1.7.1","120399","","","","0"
"2020-12","Canada","2016A000011124","Ending stocks","Cereal grains, total","Metric tonnes","214","units","0","v1277885564","1.7.2","115321","","","","0"
"2020-12","Canada","2016A000011124","Ending stocks","Vegetable oils, total","Metric tonnes","214","units","0","v1277885569","1.7.3","1070","","","","0"
"2020-12","Canada","2016A000011124","Ending stocks","Other renewable fuel plant feedstocks, total","Metric tonnes","214","units","0","v1277885574","1.7.4","4008","","","","0"
"2020-12","Canada","2016A000011124","Ending stocks","Renewable fuels, total","Cubic metres","72","units","0","v1277885579","1.7.5","28017","","","","0"
"2020-12","Canada","2016A000011124","Ending stocks","Fuel ethanol","Cubic metres","72","units","0","v1277885584","1.7.6","19153","","","","0"
"2020-12","Canada","2016A000011124","Ending stocks","Renewable fuels except fuel ethanol","Cubic metres","72","units","0","v1277885589","1.7.7","8864","","","","0"
"2020-12","Canada","2016A000011124","Ending stocks","Renewable fuel plant co-products, total","Metric tonnes","214","units","0","v1277885595","1.7.8","9778","","","","0"
"2020-12","Canada","2016A000011124","Ending stocks","Distillers grains, total","Metric tonnes","214","units","0","v1277885601","1.7.9","6038","","","","0"
"2020-12","Canada","2016A000011124","Ending stocks","Renewable fuel plant co-products except distillers grains","Metric tonnes","214","units","0","v1277885559","1.7.10","3740","","","","0"
"2021-01","Canada","2016A000011124","Beginning stocks","Renewable fuel plant feedstocks, total","Metric tonnes","214","units","0","v1277885549","1.1.1","120384","","","","0"
"2021-01","Canada","2016A000011124","Beginning stocks","Cereal grains, total","Metric tonnes","214","units","0","v1277885560","1.1.2","115321","","","","0"
"2021-01","Canada","2016A000011124","Beginning stocks","Vegetable oils, total","Metric tonnes","214","units","0","v1277885565","1.1.3","1070","","","","0"
"2021-01","Canada","2016A000011124","Beginning stocks","Other renewable fuel plant feedstocks, total","Metric tonnes","214","units","0","v1277885570","1.1.4","3993","","","","0"
"2021-01","Canada","2016A000011124","Beginning stocks","Renewable fuels, total","Cubic metres","72","units","0","v1277885575","1.1.5","28017","","","","0"
"2021-01","Canada","2016A000011124","Beginning stocks","Fuel ethanol","Cubic metres","72","units","0","v1277885580","1.1.6","19153","","","","0"
"2021-01","Canada","2016A000011124","Beginning stocks","Renewable fuels except fuel ethanol","Cubic metres","72","units","0","v1277885585","1.1.7","8864","","","","0"
"2021-01","Canada","2016A000011124","Beginning stocks","Renewable fuel plant co-products, total","Metric tonnes","214","units","0","v1277885590","1.1.8","9778","","","","0"
"2021-01","Canada","2016A000011124","Beginning stocks","Distillers grains, total","Metric tonnes","214","units","0","v1277885596","1.1.9","6038","","","","0"
"2021-01","Canada","2016A000011124","Beginning stocks","Renewable fuel plant co-products except distillers grains","Metric tonnes","214","units","0","v1277885554","1.1.10","3740","","","","0"
"2021-01","Canada","2016A000011124","Receipts","Renewable fuel plant feedstocks, total","Metric tonnes","214","units","0","v1277885550","1.2.1","293760","","","","0"
"2021-01","Canada","2016A000011124","Receipts","Cereal grains, total","Metric tonnes","214","units","0","v1277885561","1.2.2","265260","","","","0"
"2021-01","Canada","2016A000011124","Receipts","Vegetable oils, total","Metric tonnes","214","units","0","v1277885566","1.2.3","22450","","","","0"
"2021-01","Canada","2016A000011124","Receipts","Other renewable fuel plant feedstocks, total","Metric tonnes","214","units","0","v1277885571","1.2.4","6050","","","","0"
"2021-01","Canada","2016A000011124","Receipts","Renewable fuel plant co-products, total","Metric tonnes","214","units","0","v1277885591","1.2.8","","..","","","0"
"2021-01","Canada","2016A000011124","Receipts","Distillers grains, total","Metric tonnes","214","units","0","v1277885597","1.2.9","","..","","","0"
"2021-01","Canada","2016A000011124","Receipts","Renewable fuel plant co-products except distillers grains","Metric tonnes","214","units","0","v1277885555","1.2.10","","..","","","0"
"2021-01","Canada","2016A000011124","Inputs","Renewable fuel plant feedstocks, total","Metric tonnes","214","units","0","v1277885551","1.3.1","306528","","","","0"
"2021-01","Canada","2016A000011124","Inputs","Cereal grains, total","Metric tonnes","214","units","0","v1277885562","1.3.2","276701","","","","0"
"2021-01","Canada","2016A000011124","Inputs","Vegetable oils, total","Metric tonnes","214","units","0","v1277885567","1.3.3","22686","","","","0"
"2021-01","Canada","2016A000011124","Inputs","Other renewable fuel plant feedstocks, total","Metric tonnes","214","units","0","v1277885572","1.3.4","7141","","","","0"
"2021-01","Canada","2016A000011124","Production","Renewable fuels, total","Cubic metres","72","units","0","v1277885576","1.4.5","145465","","","","0"
"2021-01","Canada","2016A000011124","Production","Fuel ethanol","Cubic metres","72","units","0","v1277885581","1.4.6","116631","","","","0"
"2021-01","Canada","2016A000011124","Production","Renewable fuels except fuel ethanol","Cubic metres","72","units","0","v1277885586","1.4.7","28834","","","","0"
"2021-01","Canada","2016A000011124","Production","Renewable fuel plant co-products, total","Metric tonnes","214","units","0","v1277885592","1.4.8","98090","","","","0"
"2021-01","Canada","2016A000011124","Production","Distillers grains, total","Metric tonnes","214","units","0","v1277885598","1.4.9","89492","","","","0"
"2021-01","Canada","2016A000011124","Production","Renewable fuel plant co-products except distillers grains","Metric tonnes","214","units","0","v1277885556","1.4.10","8598","","","","0"
"2021-01","Canada","2016A000011124","Shipments","Renewable fuels, total","Cubic metres","72","units","0","v1277885577","1.5.5","145870","","","","0"
"2021-01","Canada","2016A000011124","Shipments","Fuel ethanol","Cubic metres","72","units","0","v1277885582","1.5.6","115867","","","","0"
"2021-01","Canada","2016A000011124","Shipments","Renewable fuels except fuel ethanol","Cubic metres","72","units","0","v1277885587","1.5.7","30003","","","","0"
"2021-01","Canada","2016A000011124","Shipments","Renewable fuel plant co-products, total","Metric tonnes","214","units","0","v1277885593","1.5.8","96539","","","","0"
"2021-01","Canada","2016A000011124","Shipments","Distillers grains, total","Metric tonnes","214","units","0","v1277885599","1.5.9","86302","","","","0"
"2021-01","Canada","2016A000011124","Shipments","Renewable fuel plant co-products except distillers grains","Metric tonnes","214","units","0","v1277885557","1.5.10","10237","","","","0"
"2021-01","Canada","2016A000011124","Losses and adjustments","Renewable fuel plant feedstocks, total","Metric tonnes","214","units","0","v1277885552","1.6.1","582","","","","0"
"2021-01","Canada","2016A000011124","Losses and adjustments","Cereal grains, total","Metric tonnes","214","units","0","v1277885563","1.6.2","150","","","","0"
"2021-01","Canada","2016A000011124","Losses and adjustments","Vegetable oils, total","Metric tonnes","214","units","0","v1277885568","1.6.3","2","","","","0"
"2021-01","Canada","2016A000011124","Losses and adjustments","Other renewable fuel plant feedstocks, total","Metric tonnes","214","units","0","v1277885573","1.6.4","430","","","","0"
"2021-01","Canada","2016A000011124","Losses and adjustments","Renewable fuels, total","Cubic metres","72","units","0","v1277885578","1.6.5","53","","","","0"
"2021-01","Canada","2016A000011124","Losses and adjustments","Fuel ethanol","Cubic metres","72","units","0","v1277885583","1.6.6","-44","","","","0"
"2021-01","Canada","2016A000011124","Losses and adjustments","Renewable fuels except fuel ethanol","Cubic metres","72","units","0","v1277885588","1.6.7","97","","","","0"
"2021-01","Canada","2016A000011124","Losses and adjustments","Renewable fuel plant co-products, total","Metric tonnes","214","units","0","v1277885594","1.6.8","1115","","","","0"
"2021-01","Canada","2016A000011124","Losses and adjustments","Distillers grains, total","Metric tonnes","214","units","0","v1277885600","1.6.9","1129","","","","0"
"2021-01","Canada","2016A000011124","Losses and adjustments","Renewable fuel plant co-products except distillers grains","Metric tonnes","214","units","0","v1277885558","1.6.10","-14","","","","0"
"2021-01","Canada","2016A000011124","Ending stocks","Renewable fuel plant feedstocks, total","Metric tonnes","214","units","0","v1277885553","1.7.1","106604","","","","0"
"2021-01","Canada","2016A000011124","Ending stocks","Cereal grains, total","Metric tonnes","214","units","0","v1277885564","1.7.2","103730","","","","0"
"2021-01","Canada","2016A000011124","Ending stocks","Vegetable oils, total","Metric tonnes","214","units","0","v1277885569","1.7.3","832","","","","0"
"2021-01","Canada","2016A000011124","Ending stocks","Other renewable fuel plant feedstocks, total","Metric tonnes","214","units","0","v1277885574","1.7.4","2042","","","","0"
"2021-01","Canada","2016A000011124","Ending stocks","Renewable fuels, total","Cubic metres","72","units","0","v1277885579","1.7.5","27724","","","","0"
"2021-01","Canada","2016A000011124","Ending stocks","Fuel ethanol","Cubic metres","72","units","0","v1277885584","1.7.6","20126","","","","0"
"2021-01","Canada","2016A000011124","Ending stocks","Renewable fuels except fuel ethanol","Cubic metres","72","units","0","v1277885589","1.7.7","7598","","","","0"
"2021-01","Canada","2016A000011124","Ending stocks","Renewable fuel plant co-products, total","Metric tonnes","214","units","0","v1277885595","1.7.8","10962","","","","0"
"2021-01","Canada","2016A000011124","Ending stocks","Distillers grains, total","Metric tonnes","214","units","0","v1277885601","1.7.9","8099","","","","0"
"2021-01","Canada","2016A000011124","Ending stocks","Renewable fuel plant co-products except distillers grains","Metric tonnes","214","units","0","v1277885559","1.7.10","2863","","","","0"
"2021-02","Canada","2016A000011124","Beginning stocks","Renewable fuel plant feedstocks, total","Metric tonnes","214","units","0","v1277885549","1.1.1","106818","","","","0"
"2021-02","Canada","2016A000011124","Beginning stocks","Cereal grains, total","Metric tonnes","214","units","0","v1277885560","1.1.2","103924","","","","0"
"2021-02","Canada","2016A000011124","Beginning stocks","Vegetable oils, total","Metric tonnes","214","units","0","v1277885565","1.1.3","832","","","","0"
"2021-02","Canada","2016A000011124","Beginning stocks","Other renewable fuel plant feedstocks, total","Metric tonnes","214","units","0","v1277885570","1.1.4","2062","","","","0"
"2021-02","Canada","2016A000011124","Beginning stocks","Renewable fuels, total","Cubic metres","72","units","0","v1277885575","1.1.5","27724","","","","0"
"2021-02","Canada","2016A000011124","Beginning stocks","Fuel ethanol","Cubic metres","72","units","0","v1277885580","1.1.6","20126","","","","0"
"2021-02","Canada","2016A000011124","Beginning stocks","Renewable fuels except fuel ethanol","Cubic metres","72","units","0","v1277885585","1.1.7","7598","","","","0"
"2021-02","Canada","2016A000011124","Beginning stocks","Renewable fuel plant co-products, total","Metric tonnes","214","units","0","v1277885590","1.1.8","10962","","","","0"
"2021-02","Canada","2016A000011124","Beginning stocks","Distillers grains, total","Metric tonnes","214","units","0","v1277885596","1.1.9","8099","","","","0"
"2021-02","Canada","2016A000011124","Beginning stocks","Renewable fuel plant co-products except distillers grains","Metric tonnes","214","units","0","v1277885554","1.1.10","2863","","","","0"
"2021-02","Canada","2016A000011124","Receipts","Renewable fuel plant feedstocks, total","Metric tonnes","214","units","0","v1277885550","1.2.1","286461","","","","0"
"2021-02","Canada","2016A000011124","Receipts","Cereal grains, total","Metric tonnes","214","units","0","v1277885561","1.2.2","254307","","","","0"
"2021-02","Canada","2016A000011124","Receipts","Vegetable oils, total","Metric tonnes","214","units","0","v1277885566","1.2.3","25305","","","","0"
"2021-02","Canada","2016A000011124","Receipts","Other renewable fuel plant feedstocks, total","Metric tonnes","214","units","0","v1277885571","1.2.4","6849","","","","0"
"2021-02","Canada","2016A000011124","Receipts","Renewable fuel plant co-products, total","Metric tonnes","214","units","0","v1277885591","1.2.8","","..","","","0"
"2021-02","Canada","2016A000011124","Receipts","Distillers grains, total","Metric tonnes","214","units","0","v1277885597","1.2.9","","..","","","0"
"2021-02","Canada","2016A000011124","Receipts","Renewable fuel plant co-products except distillers grains","Metric tonnes","214","units","0","v1277885555","1.2.10","","..","","","0"
"2021-02","Canada","2016A000011124","Inputs","Renewable fuel plant feedstocks, total","Metric tonnes","214","units","0","v1277885551","1.3.1","288826","","","","0"
"2021-02","Canada","2016A000011124","Inputs","Cereal grains, total","Metric tonnes","214","units","0","v1277885562","1.3.2","258007","","","","0"
"2021-02","Canada","2016A000011124","Inputs","Vegetable oils, total","Metric tonnes","214","units","0","v1277885567","1.3.3","24930","","","","0"
"2021-02","Canada","2016A000011124","Inputs","Other renewable fuel plant feedstocks, total","Metric tonnes","214","units","0","v1277885572","1.3.4","5889","","","","0"
"2021-02","Canada","2016A000011124","Production","Renewable fuels, total","Cubic metres","72","units","0","v1277885576","1.4.5","139836","","","","0"
"2021-02","Canada","2016A000011124","Production","Fuel ethanol","Cubic metres","72","units","0","v1277885581","1.4.6","108904","","","","0"
"2021-02","Canada","2016A000011124","Production","Renewable fuels except fuel ethanol","Cubic metres","72","units","0","v1277885586","1.4.7","30932","","","","0"
"2021-02","Canada","2016A000011124","Production","Renewable fuel plant co-products, total","Metric tonnes","214","units","0","v1277885592","1.4.8","91489","","","","0"
"2021-02","Canada","2016A000011124","Production","Distillers grains, total","Metric tonnes","214","units","0","v1277885598","1.4.9","82510","","","","0"
"2021-02","Canada","2016A000011124","Production","Renewable fuel plant co-products except distillers grains","Metric tonnes","214","units","0","v1277885556","1.4.10","8979","","","","0"
"2021-02","Canada","2016A000011124","Shipments","Renewable fuels, total","Cubic metres","72","units","0","v1277885577","1.5.5","144739","","","","0"
"2021-02","Canada","2016A000011124","Shipments","Fuel ethanol","Cubic metres","72","units","0","v1277885582","1.5.6","112534","","","","0"
"2021-02","Canada","2016A000011124","Shipments","Renewable fuels except fuel ethanol","Cubic metres","72","units","0","v1277885587","1.5.7","32205","","","","0"
"2021-02","Canada","2016A000011124","Shipments","Renewable fuel plant co-products, total","Metric tonnes","214","units","0","v1277885593","1.5.8","88879","","","","0"
"2021-02","Canada","2016A000011124","Shipments","Distillers grains, total","Metric tonnes","214","units","0","v1277885599","1.5.9","78932","","","","0"
"2021-02","Canada","2016A000011124","Shipments","Renewable fuel plant co-products except distillers grains","Metric tonnes","214","units","0","v1277885557","1.5.10","9947","","","","0"
"2021-02","Canada","2016A000011124","Losses and adjustments","Renewable fuel plant feedstocks, total","Metric tonnes","214","units","0","v1277885552","1.6.1","172","","","","0"
"2021-02","Canada","2016A000011124","Losses and adjustments","Cereal grains, total","Metric tonnes","214","units","0","v1277885563","1.6.2","39","","","","0"
"2021-02","Canada","2016A000011124","Losses and adjustments","Vegetable oils, total","Metric tonnes","214","units","0","v1277885568","1.6.3","7","","","","0"
"2021-02","Canada","2016A000011124","Losses and adjustments","Other renewable fuel plant feedstocks, total","Metric tonnes","214","units","0","v1277885573","1.6.4","126","","","","0"
"2021-02","Canada","2016A000011124","Losses and adjustments","Renewable fuels, total","Cubic metres","72","units","0","v1277885578","1.6.5","25","","","","0"
"2021-02","Canada","2016A000011124","Losses and adjustments","Fuel ethanol","Cubic metres","72","units","0","v1277885583","1.6.6","-25","","","","0"
"2021-02","Canada","2016A000011124","Losses and adjustments","Renewable fuels except fuel ethanol","Cubic metres","72","units","0","v1277885588","1.6.7","50","","","","0"
"2021-02","Canada","2016A000011124","Losses and adjustments","Renewable fuel plant co-products, total","Metric tonnes","214","units","0","v1277885594","1.6.8","172","","","","0"
"2021-02","Canada","2016A000011124","Losses and adjustments","Distillers grains, total","Metric tonnes","214","units","0","v1277885600","1.6.9","531","","","","0"
"2021-02","Canada","2016A000011124","Losses and adjustments","Renewable fuel plant co-products except distillers grains","Metric tonnes","214","units","0","v1277885558","1.6.10","-359","","","","0"
"2021-02","Canada","2016A000011124","Ending stocks","Renewable fuel plant feedstocks, total","Metric tonnes","214","units","0","v1277885553","1.7.1","104462","","","","0"
"2021-02","Canada","2016A000011124","Ending stocks","Cereal grains, total","Metric tonnes","214","units","0","v1277885564","1.7.2","100185","","","","0"
"2021-02","Canada","2016A000011124","Ending stocks","Vegetable oils, total","Metric tonnes","214","units","0","v1277885569","1.7.3","1200","","","","0"
"2021-02","Canada","2016A000011124","Ending stocks","Other renewable fuel plant feedstocks, total","Metric tonnes","214","units","0","v1277885574","1.7.4","3077","","","","0"
"2021-02","Canada","2016A000011124","Ending stocks","Renewable fuels, total","Cubic metres","72","units","0","v1277885579","1.7.5","22951","","","","0"
"2021-02","Canada","2016A000011124","Ending stocks","Fuel ethanol","Cubic metres","72","units","0","v1277885584","1.7.6","16571","","","","0"
"2021-02","Canada","2016A000011124","Ending stocks","Renewable fuels except fuel ethanol","Cubic metres","72","units","0","v1277885589","1.7.7","6380","","","","0"
"2021-02","Canada","2016A000011124","Ending stocks","Renewable fuel plant co-products, total","Metric tonnes","214","units","0","v1277885595","1.7.8","14745","","","","0"
"2021-02","Canada","2016A000011124","Ending stocks","Distillers grains, total","Metric tonnes","214","units","0","v1277885601","1.7.9","11146","","","","0"
"2021-02","Canada","2016A000011124","Ending stocks","Renewable fuel plant co-products except distillers grains","Metric tonnes","214","units","0","v1277885559","1.7.10","3599","","","","0"
"2021-03","Canada","2016A000011124","Beginning stocks","Renewable fuel plant feedstocks, total","Metric tonnes","214","units","0","v1277885549","1.1.1","104452","","","","0"
"2021-03","Canada","2016A000011124","Beginning stocks","Cereal grains, total","Metric tonnes","214","units","0","v1277885560","1.1.2","100185","","","","0"
"2021-03","Canada","2016A000011124","Beginning stocks","Vegetable oils, total","Metric tonnes","214","units","0","v1277885565","1.1.3","1190","","","","0"
"2021-03","Canada","2016A000011124","Beginning stocks","Other renewable fuel plant feedstocks, total","Metric tonnes","214","units","0","v1277885570","1.1.4","3077","","","","0"
"2021-03","Canada","2016A000011124","Beginning stocks","Renewable fuels, total","Cubic metres","72","units","0","v1277885575","1.1.5","22951","","","","0"
"2021-03","Canada","2016A000011124","Beginning stocks","Fuel ethanol","Cubic metres","72","units","0","v1277885580","1.1.6","16571","","","","0"
"2021-03","Canada","2016A000011124","Beginning stocks","Renewable fuels except fuel ethanol","Cubic metres","72","units","0","v1277885585","1.1.7","6380","","","","0"
"2021-03","Canada","2016A000011124","Beginning stocks","Renewable fuel plant co-products, total","Metric tonnes","214","units","0","v1277885590","1.1.8","14745","","","","0"
"2021-03","Canada","2016A000011124","Beginning stocks","Distillers grains, total","Metric tonnes","214","units","0","v1277885596","1.1.9","11146","","","","0"
"2021-03","Canada","2016A000011124","Beginning stocks","Renewable fuel plant co-products except distillers grains","Metric tonnes","214","units","0","v1277885554","1.1.10","3599","","","","0"
"2021-03","Canada","2016A000011124","Receipts","Renewable fuel plant feedstocks, total","Metric tonnes","214","units","0","v1277885550","1.2.1","381829","","","","0"
"2021-03","Canada","2016A000011124","Receipts","Cereal grains, total","Metric tonnes","214","units","0","v1277885561","1.2.2","347699","","","","0"
"2021-03","Canada","2016A000011124","Receipts","Vegetable oils, total","Metric tonnes","214","units","0","v1277885566","1.2.3","28078","","","","0"
"2021-03","Canada","2016A000011124","Receipts","Other renewable fuel plant feedstocks, total","Metric tonnes","214","units","0","v1277885571","1.2.4","6052","","","","0"
"2021-03","Canada","2016A000011124","Receipts","Renewable fuel plant co-products, total","Metric tonnes","214","units","0","v1277885591","1.2.8","","..","","","0"
"2021-03","Canada","2016A000011124","Receipts","Distillers grains, total","Metric tonnes","214","units","0","v1277885597","1.2.9","","..","","","0"
"2021-03","Canada","2016A000011124","Receipts","Renewable fuel plant co-products except distillers grains","Metric tonnes","214","units","0","v1277885555","1.2.10","","..","","","0"
"2021-03","Canada","2016A000011124","Inputs","Renewable fuel plant feedstocks, total","Metric tonnes","214","units","0","v1277885551","1.3.1","364771","","","","0"
"2021-03","Canada","2016A000011124","Inputs","Cereal grains, total","Metric tonnes","214","units","0","v1277885562","1.3.2","330050","","","","0"
"2021-03","Canada","2016A000011124","Inputs","Vegetable oils, total","Metric tonnes","214","units","0","v1277885567","1.3.3","28507","","","","0"
"2021-03","Canada","2016A000011124","Inputs","Other renewable fuel plant feedstocks, total","Metric tonnes","214","units","0","v1277885572","1.3.4","6214","","","","0"
"2021-03","Canada","2016A000011124","Production","Renewable fuels, total","Cubic metres","72","units","0","v1277885576","1.4.5","172532","","","","0"
"2021-03","Canada","2016A000011124","Production","Fuel ethanol","Cubic metres","72","units","0","v1277885581","1.4.6","137014","","","","0"
"2021-03","Canada","2016A000011124","Production","Renewable fuels except fuel ethanol","Cubic metres","72","units","0","v1277885586","1.4.7","35518","","","","0"
"2021-03","Canada","2016A000011124","Production","Renewable fuel plant co-products, total","Metric tonnes","214","units","0","v1277885592","1.4.8","115455","","","","0"
"2021-03","Canada","2016A000011124","Production","Distillers grains, total","Metric tonnes","214","units","0","v1277885598","1.4.9","105454","","","","0"
"2021-03","Canada","2016A000011124","Production","Renewable fuel plant co-products except distillers grains","Metric tonnes","214","units","0","v1277885556","1.4.10","10001","","","","0"
"2021-03","Canada","2016A000011124","Shipments","Renewable fuels, total","Cubic metres","72","units","0","v1277885577","1.5.5","173666","","","","0"
"2021-03","Canada","2016A000011124","Shipments","Fuel ethanol","Cubic metres","72","units","0","v1277885582","1.5.6","135436","","","","0"
"2021-03","Canada","2016A000011124","Shipments","Renewable fuels except fuel ethanol","Cubic metres","72","units","0","v1277885587","1.5.7","38230","","","","0"
"2021-03","Canada","2016A000011124","Shipments","Renewable fuel plant co-products, total","Metric tonnes","214","units","0","v1277885593","1.5.8","117414","","","","0"
"2021-03","Canada","2016A000011124","Shipments","Distillers grains, total","Metric tonnes","214","units","0","v1277885599","1.5.9","105657","","","","0"
"2021-03","Canada","2016A000011124","Shipments","Renewable fuel plant co-products except distillers grains","Metric tonnes","214","units","0","v1277885557","1.5.10","11757","","","","0"
"2021-03","Canada","2016A000011124","Losses and adjustments","Renewable fuel plant feedstocks, total","Metric tonnes","214","units","0","v1277885552","1.6.1","174","","","","0"
"2021-03","Canada","2016A000011124","Losses and adjustments","Cereal grains, total","Metric tonnes","214","units","0","v1277885563","1.6.2","192","","","","0"
"2021-03","Canada","2016A000011124","Losses and adjustments","Vegetable oils, total","Metric tonnes","214","units","0","v1277885568","1.6.3","-3","","","","0"
"2021-03","Canada","2016A000011124","Losses and adjustments","Other renewable fuel plant feedstocks, total","Metric tonnes","214","units","0","v1277885573","1.6.4","-15","","","","0"
"2021-03","Canada","2016A000011124","Losses and adjustments","Renewable fuels, total","Cubic metres","72","units","0","v1277885578","1.6.5","79","","","","0"
"2021-03","Canada","2016A000011124","Losses and adjustments","Fuel ethanol","Cubic metres","72","units","0","v1277885583","1.6.6","60","","","","0"
"2021-03","Canada","2016A000011124","Losses and adjustments","Renewable fuels except fuel ethanol","Cubic metres","72","units","0","v1277885588","1.6.7","19","","","","0"
"2021-03","Canada","2016A000011124","Losses and adjustments","Renewable fuel plant co-products, total","Metric tonnes","214","units","0","v1277885594","1.6.8","-584","","","","0"
"2021-03","Canada","2016A000011124","Losses and adjustments","Distillers grains, total","Metric tonnes","214","units","0","v1277885600","1.6.9","-192","","","","0"
"2021-03","Canada","2016A000011124","Losses and adjustments","Renewable fuel plant co-products except distillers grains","Metric tonnes","214","units","0","v1277885558","1.6.10","-392","","","","0"
"2021-03","Canada","2016A000011124","Ending stocks","Renewable fuel plant feedstocks, total","Metric tonnes","214","units","0","v1277885553","1.7.1","121477","","","","0"
"2021-03","Canada","2016A000011124","Ending stocks","Cereal grains, total","Metric tonnes","214","units","0","v1277885564","1.7.2","117642","","","","0"
"2021-03","Canada","2016A000011124","Ending stocks","Vegetable oils, total","Metric tonnes","214","units","0","v1277885569","1.7.3","764","","","","0"
"2021-03","Canada","2016A000011124","Ending stocks","Other renewable fuel plant feedstocks, total","Metric tonnes","214","units","0","v1277885574","1.7.4","3071","","","","0"
"2021-03","Canada","2016A000011124","Ending stocks","Renewable fuels, total","Cubic metres","72","units","0","v1277885579","1.7.5","23338","","","","0"
"2021-03","Canada","2016A000011124","Ending stocks","Fuel ethanol","Cubic metres","72","units","0","v1277885584","1.7.6","18151","","","","0"
"2021-03","Canada","2016A000011124","Ending stocks","Renewable fuels except fuel ethanol","Cubic metres","72","units","0","v1277885589","1.7.7","5187","","","","0"
"2021-03","Canada","2016A000011124","Ending stocks","Renewable fuel plant co-products, total","Metric tonnes","214","units","0","v1277885595","1.7.8","14242","","","","0"
"2021-03","Canada","2016A000011124","Ending stocks","Distillers grains, total","Metric tonnes","214","units","0","v1277885601","1.7.9","11135","","","","0"
"2021-03","Canada","2016A000011124","Ending stocks","Renewable fuel plant co-products except distillers grains","Metric tonnes","214","units","0","v1277885559","1.7.10","3107","","","","0"
"2021-04","Canada","2016A000011124","Beginning stocks","Renewable fuel plant feedstocks, total","Metric tonnes","214","units","0","v1277885549","1.1.1","121477","","","","0"
"2021-04","Canada","2016A000011124","Beginning stocks","Cereal grains, total","Metric tonnes","214","units","0","v1277885560","1.1.2","117642","","","","0"
"2021-04","Canada","2016A000011124","Beginning stocks","Vegetable oils, total","Metric tonnes","214","units","0","v1277885565","1.1.3","764","","","","0"
"2021-04","Canada","2016A000011124","Beginning stocks","Other renewable fuel plant feedstocks, total","Metric tonnes","214","units","0","v1277885570","1.1.4","3071","","","","0"
"2021-04","Canada","2016A000011124","Beginning stocks","Renewable fuels, total","Cubic metres","72","units","0","v1277885575","1.1.5","23338","","","","0"
"2021-04","Canada","2016A000011124","Beginning stocks","Fuel ethanol","Cubic metres","72","units","0","v1277885580","1.1.6","18151","","","","0"
"2021-04","Canada","2016A000011124","Beginning stocks","Renewable fuels except fuel ethanol","Cubic metres","72","units","0","v1277885585","1.1.7","5187","","","","0"
"2021-04","Canada","2016A000011124","Beginning stocks","Renewable fuel plant co-products, total","Metric tonnes","214","units","0","v1277885590","1.1.8","14134","","","","0"
"2021-04","Canada","2016A000011124","Beginning stocks","Distillers grains, total","Metric tonnes","214","units","0","v1277885596","1.1.9","11033","","","","0"
"2021-04","Canada","2016A000011124","Beginning stocks","Renewable fuel plant co-products except distillers grains","Metric tonnes","214","units","0","v1277885554","1.1.10","3101","","","","0"
"2021-04","Canada","2016A000011124","Receipts","Renewable fuel plant feedstocks, total","Metric tonnes","214","units","0","v1277885550","1.2.1","372331","","","","0"
"2021-04","Canada","2016A000011124","Receipts","Cereal grains, total","Metric tonnes","214","units","0","v1277885561","1.2.2","338297","","","","0"
"2021-04","Canada","2016A000011124","Receipts","Vegetable oils, total","Metric tonnes","214","units","0","v1277885566","1.2.3","26142","","","","0"
"2021-04","Canada","2016A000011124","Receipts","Other renewable fuel plant feedstocks, total","Metric tonnes","214","units","0","v1277885571","1.2.4","7892","","","","0"
"2021-04","Canada","2016A000011124","Receipts","Renewable fuel plant co-products, total","Metric tonnes","214","units","0","v1277885591","1.2.8","","..","","","0"
"2021-04","Canada","2016A000011124","Receipts","Distillers grains, total","Metric tonnes","214","units","0","v1277885597","1.2.9","","..","","","0"
"2021-04","Canada","2016A000011124","Receipts","Renewable fuel plant co-products except distillers grains","Metric tonnes","214","units","0","v1277885555","1.2.10","","..","","","0"
"2021-04","Canada","2016A000011124","Inputs","Renewable fuel plant feedstocks, total","Metric tonnes","214","units","0","v1277885551","1.3.1","343756","","","","0"
"2021-04","Canada","2016A000011124","Inputs","Cereal grains, total","Metric tonnes","214","units","0","v1277885562","1.3.2","309729","","","","0"
"2021-04","Canada","2016A000011124","Inputs","Vegetable oils, total","Metric tonnes","214","units","0","v1277885567","1.3.3","26132","","","","0"
"2021-04","Canada","2016A000011124","Inputs","Other renewable fuel plant feedstocks, total","Metric tonnes","214","units","0","v1277885572","1.3.4","7895","","","","0"
"2021-04","Canada","2016A000011124","Production","Renewable fuels, total","Cubic metres","72","units","0","v1277885576","1.4.5","165461","","","","0"
"2021-04","Canada","2016A000011124","Production","Fuel ethanol","Cubic metres","72","units","0","v1277885581","1.4.6","130068","","","","0"
"2021-04","Canada","2016A000011124","Production","Renewable fuels except fuel ethanol","Cubic metres","72","units","0","v1277885586","1.4.7","35393","","","","0"
"2021-04","Canada","2016A000011124","Production","Renewable fuel plant co-products, total","Metric tonnes","214","units","0","v1277885592","1.4.8","109583","","","","0"
"2021-04","Canada","2016A000011124","Production","Distillers grains, total","Metric tonnes","214","units","0","v1277885598","1.4.9","99970","","","","0"
"2021-04","Canada","2016A000011124","Production","Renewable fuel plant co-products except distillers grains","Metric tonnes","214","units","0","v1277885556","1.4.10","9613","","","","0"
"2021-04","Canada","2016A000011124","Shipments","Renewable fuels, total","Cubic metres","72","units","0","v1277885577","1.5.5","168279","","","","0"
"2021-04","Canada","2016A000011124","Shipments","Fuel ethanol","Cubic metres","72","units","0","v1277885582","1.5.6","131295","","","","0"
"2021-04","Canada","2016A000011124","Shipments","Renewable fuels except fuel ethanol","Cubic metres","72","units","0","v1277885587","1.5.7","36984","","","","0"
"2021-04","Canada","2016A000011124","Shipments","Renewable fuel plant co-products, total","Metric tonnes","214","units","0","v1277885593","1.5.8","117166","","","","0"
"2021-04","Canada","2016A000011124","Shipments","Distillers grains, total","Metric tonnes","214","units","0","v1277885599","1.5.9","105576","","","","0"
"2021-04","Canada","2016A000011124","Shipments","Renewable fuel plant co-products except distillers grains","Metric tonnes","214","units","0","v1277885557","1.5.10","11590","","","","0"
"2021-04","Canada","2016A000011124","Losses and adjustments","Renewable fuel plant feedstocks, total","Metric tonnes","214","units","0","v1277885552","1.6.1","-393","","","","0"
"2021-04","Canada","2016A000011124","Losses and adjustments","Cereal grains, total","Metric tonnes","214","units","0","v1277885563","1.6.2","-256","","","","0"
"2021-04","Canada","2016A000011124","Losses and adjustments","Vegetable oils, total","Metric tonnes","214","units","0","v1277885568","1.6.3","0","","","","0"
"2021-04","Canada","2016A000011124","Losses and adjustments","Other renewable fuel plant feedstocks, total","Metric tonnes","214","units","0","v1277885573","1.6.4","-137","","","","0"
"2021-04","Canada","2016A000011124","Losses and adjustments","Renewable fuels, total","Cubic metres","72","units","0","v1277885578","1.6.5","216","","","","0"
"2021-04","Canada","2016A000011124","Losses and adjustments","Fuel ethanol","Cubic metres","72","units","0","v1277885583","1.6.6","168","","","","0"
"2021-04","Canada","2016A000011124","Losses and adjustments","Renewable fuels except fuel ethanol","Cubic metres","72","units","0","v1277885588","1.6.7","48","","","","0"
"2021-04","Canada","2016A000011124","Losses and adjustments","Renewable fuel plant co-products, total","Metric tonnes","214","units","0","v1277885594","1.6.8","1879","","","","0"
"2021-04","Canada","2016A000011124","Losses and adjustments","Distillers grains, total","Metric tonnes","214","units","0","v1277885600","1.6.9","1848","","","","0"
"2021-04","Canada","2016A000011124","Losses and adjustments","Renewable fuel plant co-products except distillers grains","Metric tonnes","214","units","0","v1277885558","1.6.10","31","","","","0"
"2021-04","Canada","2016A000011124","Ending stocks","Renewable fuel plant feedstocks, total","Metric tonnes","214","units","0","v1277885553","1.7.1","150648","","","","0"
"2021-04","Canada","2016A000011124","Ending stocks","Cereal grains, total","Metric tonnes","214","units","0","v1277885564","1.7.2","146466","","","","0"
"2021-04","Canada","2016A000011124","Ending stocks","Vegetable oils, total","Metric tonnes","214","units","0","v1277885569","1.7.3","774","","","","0"
"2021-04","Canada","2016A000011124","Ending stocks","Other renewable fuel plant feedstocks, total","Metric tonnes","214","units","0","v1277885574","1.7.4","3408","","","","0"
"2021-04","Canada","2016A000011124","Ending stocks","Renewable fuels, total","Cubic metres","72","units","0","v1277885579","1.7.5","23049","","","","0"
"2021-04","Canada","2016A000011124","Ending stocks","Fuel ethanol","Cubic metres","72","units","0","v1277885584","1.7.6","16874","","","","0"
"2021-04","Canada","2016A000011124","Ending stocks","Renewable fuels except fuel ethanol","Cubic metres","72","units","0","v1277885589","1.7.7","6175","","","","0"
"2021-04","Canada","2016A000011124","Ending stocks","Renewable fuel plant co-products, total","Metric tonnes","214","units","0","v1277885595","1.7.8","5997","","","","0"
"2021-04","Canada","2016A000011124","Ending stocks","Distillers grains, total","Metric tonnes","214","units","0","v1277885601","1.7.9","3579","","","","0"
"2021-04","Canada","2016A000011124","Ending stocks","Renewable fuel plant co-products except distillers grains","Metric tonnes","214","units","0","v1277885559","1.7.10","2418","","","","0"
"2021-05","Canada","2016A000011124","Beginning stocks","Renewable fuel plant feedstocks, total","Metric tonnes","214","units","0","v1277885549","1.1.1","150619","","","","0"
"2021-05","Canada","2016A000011124","Beginning stocks","Cereal grains, total","Metric tonnes","214","units","0","v1277885560","1.1.2","146466","","","","0"
"2021-05","Canada","2016A000011124","Beginning stocks","Vegetable oils, total","Metric tonnes","214","units","0","v1277885565","1.1.3","774","","","","0"
"2021-05","Canada","2016A000011124","Beginning stocks","Other renewable fuel plant feedstocks, total","Metric tonnes","214","units","0","v1277885570","1.1.4","3379","","","","0"
"2021-05","Canada","2016A000011124","Beginning stocks","Renewable fuels, total","Cubic metres","72","units","0","v1277885575","1.1.5","23049","","","","0"
"2021-05","Canada","2016A000011124","Beginning stocks","Fuel ethanol","Cubic metres","72","units","0","v1277885580","1.1.6","16874","","","","0"
"2021-05","Canada","2016A000011124","Beginning stocks","Renewable fuels except fuel ethanol","Cubic metres","72","units","0","v1277885585","1.1.7","6175","","","","0"
"2021-05","Canada","2016A000011124","Beginning stocks","Renewable fuel plant co-products, total","Metric tonnes","214","units","0","v1277885590","1.1.8","5985","","","","0"
"2021-05","Canada","2016A000011124","Beginning stocks","Distillers grains, total","Metric tonnes","214","units","0","v1277885596","1.1.9","3604","","","","0"
"2021-05","Canada","2016A000011124","Beginning stocks","Renewable fuel plant co-products except distillers grains","Metric tonnes","214","units","0","v1277885554","1.1.10","2381","","","","0"
"2021-05","Canada","2016A000011124","Receipts","Renewable fuel plant feedstocks, total","Metric tonnes","214","units","0","v1277885550","1.2.1","347552","","","","0"
"2021-05","Canada","2016A000011124","Receipts","Cereal grains, total","Metric tonnes","214","units","0","v1277885561","1.2.2","320085","","","","0"
"2021-05","Canada","2016A000011124","Receipts","Vegetable oils, total","Metric tonnes","214","units","0","v1277885566","1.2.3","20756","","","","0"
"2021-05","Canada","2016A000011124","Receipts","Other renewable fuel plant feedstocks, total","Metric tonnes","214","units","0","v1277885571","1.2.4","6711","","","","0"
"2021-05","Canada","2016A000011124","Receipts","Renewable fuel plant co-products, total","Metric tonnes","214","units","0","v1277885591","1.2.8","","..","","","0"
"2021-05","Canada","2016A000011124","Receipts","Distillers grains, total","Metric tonnes","214","units","0","v1277885597","1.2.9","","..","","","0"
"2021-05","Canada","2016A000011124","Receipts","Renewable fuel plant co-products except distillers grains","Metric tonnes","214","units","0","v1277885555","1.2.10","","..","","","0"
"2021-05","Canada","2016A000011124","Inputs","Renewable fuel plant feedstocks, total","Metric tonnes","214","units","0","v1277885551","1.3.1","370790","","","","0"
"2021-05","Canada","2016A000011124","Inputs","Cereal grains, total","Metric tonnes","214","units","0","v1277885562","1.3.2","342690","","","","0"
"2021-05","Canada","2016A000011124","Inputs","Vegetable oils, total","Metric tonnes","214","units","0","v1277885567","1.3.3","20622","","","","0"
"2021-05","Canada","2016A000011124","Inputs","Other renewable fuel plant feedstocks, total","Metric tonnes","214","units","0","v1277885572","1.3.4","7478","","","","0"
"2021-05","Canada","2016A000011124","Production","Renewable fuels, total","Cubic metres","72","units","0","v1277885576","1.4.5","172229","","","","0"
"2021-05","Canada","2016A000011124","Production","Fuel ethanol","Cubic metres","72","units","0","v1277885581","1.4.6","143350","","","","0"
"2021-05","Canada","2016A000011124","Production","Renewable fuels except fuel ethanol","Cubic metres","72","units","0","v1277885586","1.4.7","28879","","","","0"
"2021-05","Canada","2016A000011124","Production","Renewable fuel plant co-products, total","Metric tonnes","214","units","0","v1277885592","1.4.8","119021","","","","0"
"2021-05","Canada","2016A000011124","Production","Distillers grains, total","Metric tonnes","214","units","0","v1277885598","1.4.9","109562","","","","0"
"2021-05","Canada","2016A000011124","Production","Renewable fuel plant co-products except distillers grains","Metric tonnes","214","units","0","v1277885556","1.4.10","9459","","","","0"
"2021-05","Canada","2016A000011124","Shipments","Renewable fuels, total","Cubic metres","72","units","0","v1277885577","1.5.5","170759","","","","0"
"2021-05","Canada","2016A000011124","Shipments","Fuel ethanol","Cubic metres","72","units","0","v1277885582","1.5.6","137174","","","","0"
"2021-05","Canada","2016A000011124","Shipments","Renewable fuels except fuel ethanol","Cubic metres","72","units","0","v1277885587","1.5.7","33585","","","","0"
"2021-05","Canada","2016A000011124","Shipments","Renewable fuel plant co-products, total","Metric tonnes","214","units","0","v1277885593","1.5.8","113359","","","","0"
"2021-05","Canada","2016A000011124","Shipments","Distillers grains, total","Metric tonnes","214","units","0","v1277885599","1.5.9","102372","","","","0"
"2021-05","Canada","2016A000011124","Shipments","Renewable fuel plant co-products except distillers grains","Metric tonnes","214","units","0","v1277885557","1.5.10","10987","","","","0"
"2021-05","Canada","2016A000011124","Losses and adjustments","Renewable fuel plant feedstocks, total","Metric tonnes","214","units","0","v1277885552","1.6.1","-68","","","","0"
"2021-05","Canada","2016A000011124","Losses and adjustments","Cereal grains, total","Metric tonnes","214","units","0","v1277885563","1.6.2","-2","","","","0"
"2021-05","Canada","2016A000011124","Losses and adjustments","Vegetable oils, total","Metric tonnes","214","units","0","v1277885568","1.6.3","0","","","","0"
"2021-05","Canada","2016A000011124","Losses and adjustments","Other renewable fuel plant feedstocks, total","Metric tonnes","214","units","0","v1277885573","1.6.4","-66","","","","0"
"2021-05","Canada","2016A000011124","Losses and adjustments","Renewable fuels, total","Cubic metres","72","units","0","v1277885578","1.6.5","71","","","","0"
"2021-05","Canada","2016A000011124","Losses and adjustments","Fuel ethanol","Cubic metres","72","units","0","v1277885583","1.6.6","3","","","","0"
"2021-05","Canada","2016A000011124","Losses and adjustments","Renewable fuels except fuel ethanol","Cubic metres","72","units","0","v1277885588","1.6.7","68","","","","0"
"2021-05","Canada","2016A000011124","Losses and adjustments","Renewable fuel plant co-products, total","Metric tonnes","214","units","0","v1277885594","1.6.8","721","","","","0"
"2021-05","Canada","2016A000011124","Losses and adjustments","Distillers grains, total","Metric tonnes","214","units","0","v1277885600","1.6.9","941","","","","0"
"2021-05","Canada","2016A000011124","Losses and adjustments","Renewable fuel plant co-products except distillers grains","Metric tonnes","214","units","0","v1277885558","1.6.10","-220","","","","0"
"2021-05","Canada","2016A000011124","Ending stocks","Renewable fuel plant feedstocks, total","Metric tonnes","214","units","0","v1277885553","1.7.1","118879","","","","0"
"2021-05","Canada","2016A000011124","Ending stocks","Cereal grains, total","Metric tonnes","214","units","0","v1277885564","1.7.2","115163","","","","0"
"2021-05","Canada","2016A000011124","Ending stocks","Vegetable oils, total","Metric tonnes","214","units","0","v1277885569","1.7.3","908","","","","0"
"2021-05","Canada","2016A000011124","Ending stocks","Other renewable fuel plant feedstocks, total","Metric tonnes","214","units","0","v1277885574","1.7.4","2808","","","","0"
"2021-05","Canada","2016A000011124","Ending stocks","Renewable fuels, total","Cubic metres","72","units","0","v1277885579","1.7.5","27479","","","","0"
"2021-05","Canada","2016A000011124","Ending stocks","Fuel ethanol","Cubic metres","72","units","0","v1277885584","1.7.6","23047","","","","0"
"2021-05","Canada","2016A000011124","Ending stocks","Renewable fuels except fuel ethanol","Cubic metres","72","units","0","v1277885589","1.7.7","4432","","","","0"
"2021-05","Canada","2016A000011124","Ending stocks","Renewable fuel plant co-products, total","Metric tonnes","214","units","0","v1277885595","1.7.8","12665","","","","0"
"2021-05","Canada","2016A000011124","Ending stocks","Distillers grains, total","Metric tonnes","214","units","0","v1277885601","1.7.9","9853","","","","0"
"2021-05","Canada","2016A000011124","Ending stocks","Renewable fuel plant co-products except distillers grains","Metric tonnes","214","units","0","v1277885559","1.7.10","2812","","","","0"
"2021-06","Canada","2016A000011124","Beginning stocks","Renewable fuel plant feedstocks, total","Metric tonnes","214","units","0","v1277885549","1.1.1","118879","","","","0"
"2021-06","Canada","2016A000011124","Beginning stocks","Cereal grains, total","Metric tonnes","214","units","0","v1277885560","1.1.2","115163","","","","0"
"2021-06","Canada","2016A000011124","Beginning stocks","Vegetable oils, total","Metric tonnes","214","units","0","v1277885565","1.1.3","908","","","","0"
"2021-06","Canada","2016A000011124","Beginning stocks","Other renewable fuel plant feedstocks, total","Metric tonnes","214","units","0","v1277885570","1.1.4","2808","","","","0"
"2021-06","Canada","2016A000011124","Beginning stocks","Renewable fuels, total","Cubic metres","72","units","0","v1277885575","1.1.5","27479","","","","0"
"2021-06","Canada","2016A000011124","Beginning stocks","Fuel ethanol","Cubic metres","72","units","0","v1277885580","1.1.6","23047","","","","0"
"2021-06","Canada","2016A000011124","Beginning stocks","Renewable fuels except fuel ethanol","Cubic metres","72","units","0","v1277885585","1.1.7","4432","","","","0"
"2021-06","Canada","2016A000011124","Beginning stocks","Renewable fuel plant co-products, total","Metric tonnes","214","units","0","v1277885590","1.1.8","12665","","","","0"
"2021-06","Canada","2016A000011124","Beginning stocks","Distillers grains, total","Metric tonnes","214","units","0","v1277885596","1.1.9","9853","","","","0"
"2021-06","Canada","2016A000011124","Beginning stocks","Renewable fuel plant co-products except distillers grains","Metric tonnes","214","units","0","v1277885554","1.1.10","2812","","","","0"
"2021-06","Canada","2016A000011124","Receipts","Renewable fuel plant feedstocks, total","Metric tonnes","214","units","0","v1277885550","1.2.1","369460","","","","0"
"2021-06","Canada","2016A000011124","Receipts","Cereal grains, total","Metric tonnes","214","units","0","v1277885561","1.2.2","329901","","","","0"
"2021-06","Canada","2016A000011124","Receipts","Vegetable oils, total","Metric tonnes","214","units","0","v1277885566","1.2.3","31071","","","","0"
"2021-06","Canada","2016A000011124","Receipts","Other renewable fuel plant feedstocks, total","Metric tonnes","214","units","0","v1277885571","1.2.4","8488","","","","0"
"2021-06","Canada","2016A000011124","Receipts","Renewable fuel plant co-products, total","Metric tonnes","214","units","0","v1277885591","1.2.8","","..","","","0"
"2021-06","Canada","2016A000011124","Receipts","Distillers grains, total","Metric tonnes","214","units","0","v1277885597","1.2.9","","..","","","0"
"2021-06","Canada","2016A000011124","Receipts","Renewable fuel plant co-products except distillers grains","Metric tonnes","214","units","0","v1277885555","1.2.10","","..","","","0"
"2021-06","Canada","2016A000011124","Inputs","Renewable fuel plant feedstocks, total","Metric tonnes","214","units","0","v1277885551","1.3.1","362091","","","","0"
"2021-06","Canada","2016A000011124","Inputs","Cereal grains, total","Metric tonnes","214","units","0","v1277885562","1.3.2","322587","","","","0"
"2021-06","Canada","2016A000011124","Inputs","Vegetable oils, total","Metric tonnes","214","units","0","v1277885567","1.3.3","31139","","","","0"
"2021-06","Canada","2016A000011124","Inputs","Other renewable fuel plant feedstocks, total","Metric tonnes","214","units","0","v1277885572","1.3.4","8365","","","","0"
"2021-06","Canada","2016A000011124","Production","Renewable fuels, total","Cubic metres","72","units","0","v1277885576","1.4.5","175038","","","","0"
"2021-06","Canada","2016A000011124","Production","Fuel ethanol","Cubic metres","72","units","0","v1277885581","1.4.6","134140","","","","0"
"2021-06","Canada","2016A000011124","Production","Renewable fuels except fuel ethanol","Cubic metres","72","units","0","v1277885586","1.4.7","40898","","","","0"
"2021-06","Canada","2016A000011124","Production","Renewable fuel plant co-products, total","Metric tonnes","214","units","0","v1277885592","1.4.8","117632","","","","0"
"2021-06","Canada","2016A000011124","Production","Distillers grains, total","Metric tonnes","214","units","0","v1277885598","1.4.9","106738","","","","0"
"2021-06","Canada","2016A000011124","Production","Renewable fuel plant co-products except distillers grains","Metric tonnes","214","units","0","v1277885556","1.4.10","10894","","","","0"
"2021-06","Canada","2016A000011124","Shipments","Renewable fuels, total","Cubic metres","72","units","0","v1277885577","1.5.5","183265","","","","0"
"2021-06","Canada","2016A000011124","Shipments","Fuel ethanol","Cubic metres","72","units","0","v1277885582","1.5.6","140338","","","","0"
"2021-06","Canada","2016A000011124","Shipments","Renewable fuels except fuel ethanol","Cubic metres","72","units","0","v1277885587","1.5.7","42927","","","","0"
"2021-06","Canada","2016A000011124","Shipments","Renewable fuel plant co-products, total","Metric tonnes","214","units","0","v1277885593","1.5.8","119936","","","","0"
"2021-06","Canada","2016A000011124","Shipments","Distillers grains, total","Metric tonnes","214","units","0","v1277885599","1.5.9","106894","","","","0"
"2021-06","Canada","2016A000011124","Shipments","Renewable fuel plant co-products except distillers grains","Metric tonnes","214","units","0","v1277885557","1.5.10","13042","","","","0"
"2021-06","Canada","2016A000011124","Losses and adjustments","Renewable fuel plant feedstocks, total","Metric tonnes","214","units","0","v1277885552","1.6.1","-345","","","","0"
"2021-06","Canada","2016A000011124","Losses and adjustments","Cereal grains, total","Metric tonnes","214","units","0","v1277885563","1.6.2","-279","","","","0"
"2021-06","Canada","2016A000011124","Losses and adjustments","Vegetable oils, total","Metric tonnes","214","units","0","v1277885568","1.6.3","0","","","","0"
"2021-06","Canada","2016A000011124","Losses and adjustments","Other renewable fuel plant feedstocks, total","Metric tonnes","214","units","0","v1277885573","1.6.4","-66","","","","0"
"2021-06","Canada","2016A000011124","Losses and adjustments","Renewable fuels, total","Cubic metres","72","units","0","v1277885578","1.6.5","-72","","","","0"
"2021-06","Canada","2016A000011124","Losses and adjustments","Fuel ethanol","Cubic metres","72","units","0","v1277885583","1.6.6","-52","","","","0"
"2021-06","Canada","2016A000011124","Losses and adjustments","Renewable fuels except fuel ethanol","Cubic metres","72","units","0","v1277885588","1.6.7","-20","","","","0"
"2021-06","Canada","2016A000011124","Losses and adjustments","Renewable fuel plant co-products, total","Metric tonnes","214","units","0","v1277885594","1.6.8","902","","","","0"
"2021-06","Canada","2016A000011124","Losses and adjustments","Distillers grains, total","Metric tonnes","214","units","0","v1277885600","1.6.9","1298","","","","0"
"2021-06","Canada","2016A000011124","Losses and adjustments","Renewable fuel plant co-products except distillers grains","Metric tonnes","214","units","0","v1277885558","1.6.10","-396","","","","0"
"2021-06","Canada","2016A000011124","Ending stocks","Renewable fuel plant feedstocks, total","Metric tonnes","214","units","0","v1277885553","1.7.1","126832","","","","0"
"2021-06","Canada","2016A000011124","Ending stocks","Cereal grains, total","Metric tonnes","214","units","0","v1277885564","1.7.2","122756","","","","0"
"2021-06","Canada","2016A000011124","Ending stocks","Vegetable oils, total","Metric tonnes","214","units","0","v1277885569","1.7.3","840","","","","0"
"2021-06","Canada","2016A000011124","Ending stocks","Other renewable fuel plant feedstocks, total","Metric tonnes","214","units","0","v1277885574","1.7.4","3236","","","","0"
"2021-06","Canada","2016A000011124","Ending stocks","Renewable fuels, total","Cubic metres","72","units","0","v1277885579","1.7.5","22677","","","","0"
"2021-06","Canada","2016A000011124","Ending stocks","Fuel ethanol","Cubic metres","72","units","0","v1277885584","1.7.6","16938","","","","0"
"2021-06","Canada","2016A000011124","Ending stocks","Renewable fuels except fuel ethanol","Cubic metres","72","units","0","v1277885589","1.7.7","5739","","","","0"
"2021-06","Canada","2016A000011124","Ending stocks","Renewable fuel plant co-products, total","Metric tonnes","214","units","0","v1277885595","1.7.8","11268","","","","0"
"2021-06","Canada","2016A000011124","Ending stocks","Distillers grains, total","Metric tonnes","214","units","0","v1277885601","1.7.9","8399","","","","0"
"2021-06","Canada","2016A000011124","Ending stocks","Renewable fuel plant co-products except distillers grains","Metric tonnes","214","units","0","v1277885559","1.7.10","2869","","","","0"
"2021-07","Canada","2016A000011124","Beginning stocks","Renewable fuel plant feedstocks, total","Metric tonnes","214","units","0","v1277885549","1.1.1","126832","","","","0"
"2021-07","Canada","2016A000011124","Beginning stocks","Cereal grains, total","Metric tonnes","214","units","0","v1277885560","1.1.2","122756","","","","0"
"2021-07","Canada","2016A000011124","Beginning stocks","Vegetable oils, total","Metric tonnes","214","units","0","v1277885565","1.1.3","840","","","","0"
"2021-07","Canada","2016A000011124","Beginning stocks","Other renewable fuel plant feedstocks, total","Metric tonnes","214","units","0","v1277885570","1.1.4","3236","","","","0"
"2021-07","Canada","2016A000011124","Beginning stocks","Renewable fuels, total","Cubic metres","72","units","0","v1277885575","1.1.5","22677","","","","0"
"2021-07","Canada","2016A000011124","Beginning stocks","Fuel ethanol","Cubic metres","72","units","0","v1277885580","1.1.6","16938","","","","0"
"2021-07","Canada","2016A000011124","Beginning stocks","Renewable fuels except fuel ethanol","Cubic metres","72","units","0","v1277885585","1.1.7","5739","","","","0"
"2021-07","Canada","2016A000011124","Beginning stocks","Renewable fuel plant co-products, total","Metric tonnes","214","units","0","v1277885590","1.1.8","11268","","","","0"
"2021-07","Canada","2016A000011124","Beginning stocks","Distillers grains, total","Metric tonnes","214","units","0","v1277885596","1.1.9","8399","","","","0"
"2021-07","Canada","2016A000011124","Beginning stocks","Renewable fuel plant co-products except distillers grains","Metric tonnes","214","units","0","v1277885554","1.1.10","2869","","","","0"
"2021-07","Canada","2016A000011124","Receipts","Renewable fuel plant feedstocks, total","Metric tonnes","214","units","0","v1277885550","1.2.1","383019","","","","0"
"2021-07","Canada","2016A000011124","Receipts","Cereal grains, total","Metric tonnes","214","units","0","v1277885561","1.2.2","346308","","","","0"
"2021-07","Canada","2016A000011124","Receipts","Vegetable oils, total","Metric tonnes","214","units","0","v1277885566","1.2.3","29020","","","","0"
"2021-07","Canada","2016A000011124","Receipts","Other renewable fuel plant feedstocks, total","Metric tonnes","214","units","0","v1277885571","1.2.4","7691","","","","0"
"2021-07","Canada","2016A000011124","Receipts","Renewable fuel plant co-products, total","Metric tonnes","214","units","0","v1277885591","1.2.8","","..","","","0"
"2021-07","Canada","2016A000011124","Receipts","Distillers grains, total","Metric tonnes","214","units","0","v1277885597","1.2.9","","..","","","0"
"2021-07","Canada","2016A000011124","Receipts","Renewable fuel plant co-products except distillers grains","Metric tonnes","214","units","0","v1277885555","1.2.10","","..","","","0"
"2021-07","Canada","2016A000011124","Inputs","Renewable fuel plant feedstocks, total","Metric tonnes","214","units","0","v1277885551","1.3.1","412456","","","","0"
"2021-07","Canada","2016A000011124","Inputs","Cereal grains, total","Metric tonnes","214","units","0","v1277885562","1.3.2","375282","","","","0"
"2021-07","Canada","2016A000011124","Inputs","Vegetable oils, total","Metric tonnes","214","units","0","v1277885567","1.3.3","29199","","","","0"
"2021-07","Canada","2016A000011124","Inputs","Other renewable fuel plant feedstocks, total","Metric tonnes","214","units","0","v1277885572","1.3.4","7975","","","","0"
"2021-07","Canada","2016A000011124","Production","Renewable fuels, total","Cubic metres","72","units","0","v1277885576","1.4.5","193086","","","","0"
"2021-07","Canada","2016A000011124","Production","Fuel ethanol","Cubic metres","72","units","0","v1277885581","1.4.6","155200","","","","0"
"2021-07","Canada","2016A000011124","Production","Renewable fuels except fuel ethanol","Cubic metres","72","units","0","v1277885586","1.4.7","37886","","","","0"
"2021-07","Canada","2016A000011124","Production","Renewable fuel plant co-products, total","Metric tonnes","214","units","0","v1277885592","1.4.8","130004","","","","0"
"2021-07","Canada","2016A000011124","Production","Distillers grains, total","Metric tonnes","214","units","0","v1277885598","1.4.9","118842","","","","0"
"2021-07","Canada","2016A000011124","Production","Renewable fuel plant co-products except distillers grains","Metric tonnes","214","units","0","v1277885556","1.4.10","11162","","","","0"
"2021-07","Canada","2016A000011124","Shipments","Renewable fuels, total","Cubic metres","72","units","0","v1277885577","1.5.5","193613","","","","0"
"2021-07","Canada","2016A000011124","Shipments","Fuel ethanol","Cubic metres","72","units","0","v1277885582","1.5.6","152836","","","","0"
"2021-07","Canada","2016A000011124","Shipments","Renewable fuels except fuel ethanol","Cubic metres","72","units","0","v1277885587","1.5.7","40777","","","","0"
"2021-07","Canada","2016A000011124","Shipments","Renewable fuel plant co-products, total","Metric tonnes","214","units","0","v1277885593","1.5.8","128990","","","","0"
"2021-07","Canada","2016A000011124","Shipments","Distillers grains, total","Metric tonnes","214","units","0","v1277885599","1.5.9","116801","","","","0"
"2021-07","Canada","2016A000011124","Shipments","Renewable fuel plant co-products except distillers grains","Metric tonnes","214","units","0","v1277885557","1.5.10","12189","","","","0"
"2021-07","Canada","2016A000011124","Losses and adjustments","Renewable fuel plant feedstocks, total","Metric tonnes","214","units","0","v1277885552","1.6.1","222","","","","0"
"2021-07","Canada","2016A000011124","Losses and adjustments","Cereal grains, total","Metric tonnes","214","units","0","v1277885563","1.6.2","265","","","","0"
"2021-07","Canada","2016A000011124","Losses and adjustments","Vegetable oils, total","Metric tonnes","214","units","0","v1277885568","1.6.3","-1","","","","0"
"2021-07","Canada","2016A000011124","Losses and adjustments","Other renewable fuel plant feedstocks, total","Metric tonnes","214","units","0","v1277885573","1.6.4","-42","","","","0"
"2021-07","Canada","2016A000011124","Losses and adjustments","Renewable fuels, total","Cubic metres","72","units","0","v1277885578","1.6.5","426","","","","0"
"2021-07","Canada","2016A000011124","Losses and adjustments","Fuel ethanol","Cubic metres","72","units","0","v1277885583","1.6.6","373","","","","0"
"2021-07","Canada","2016A000011124","Losses and adjustments","Renewable fuels except fuel ethanol","Cubic metres","72","units","0","v1277885588","1.6.7","53","","","","0"
"2021-07","Canada","2016A000011124","Losses and adjustments","Renewable fuel plant co-products, total","Metric tonnes","214","units","0","v1277885594","1.6.8","-259","","","","0"
"2021-07","Canada","2016A000011124","Losses and adjustments","Distillers grains, total","Metric tonnes","214","units","0","v1277885600","1.6.9","124","","","","0"
"2021-07","Canada","2016A000011124","Losses and adjustments","Renewable fuel plant co-products except distillers grains","Metric tonnes","214","units","0","v1277885558","1.6.10","-383","","","","0"
"2021-07","Canada","2016A000011124","Ending stocks","Renewable fuel plant feedstocks, total","Metric tonnes","214","units","0","v1277885553","1.7.1","93141","","","","0"
"2021-07","Canada","2016A000011124","Ending stocks","Cereal grains, total","Metric tonnes","214","units","0","v1277885564","1.7.2","89257","","","","0"
"2021-07","Canada","2016A000011124","Ending stocks","Vegetable oils, total","Metric tonnes","214","units","0","v1277885569","1.7.3","662","","","","0"
"2021-07","Canada","2016A000011124","Ending stocks","Other renewable fuel plant feedstocks, total","Metric tonnes","214","units","0","v1277885574","1.7.4","3222","","","","0"
"2021-07","Canada","2016A000011124","Ending stocks","Renewable fuels, total","Cubic metres","72","units","0","v1277885579","1.7.5","24181","","","","0"
"2021-07","Canada","2016A000011124","Ending stocks","Fuel ethanol","Cubic metres","72","units","0","v1277885584","1.7.6","19000","","","","0"
"2021-07","Canada","2016A000011124","Ending stocks","Renewable fuels except fuel ethanol","Cubic metres","72","units","0","v1277885589","1.7.7","5181","","","","0"
"2021-07","Canada","2016A000011124","Ending stocks","Renewable fuel plant co-products, total","Metric tonnes","214","units","0","v1277885595","1.7.8","13211","","","","0"
"2021-07","Canada","2016A000011124","Ending stocks","Distillers grains, total","Metric tonnes","214","units","0","v1277885601","1.7.9","10316","","","","0"
"2021-07","Canada","2016A000011124","Ending stocks","Renewable fuel plant co-products except distillers grains","Metric tonnes","214","units","0","v1277885559","1.7.10","2895","","","","0"
"2021-08","Canada","2016A000011124","Beginning stocks","Renewable fuel plant feedstocks, total","Metric tonnes","214","units","0","v1277885549","1.1.1","93141","","","","0"
"2021-08","Canada","2016A000011124","Beginning stocks","Cereal grains, total","Metric tonnes","214","units","0","v1277885560","1.1.2","89257","","","","0"
"2021-08","Canada","2016A000011124","Beginning stocks","Vegetable oils, total","Metric tonnes","214","units","0","v1277885565","1.1.3","662","","","","0"
"2021-08","Canada","2016A000011124","Beginning stocks","Other renewable fuel plant feedstocks, total","Metric tonnes","214","units","0","v1277885570","1.1.4","3222","","","","0"
"2021-08","Canada","2016A000011124","Beginning stocks","Renewable fuels, total","Cubic metres","72","units","0","v1277885575","1.1.5","24181","","","","0"
"2021-08","Canada","2016A000011124","Beginning stocks","Fuel ethanol","Cubic metres","72","units","0","v1277885580","1.1.6","19000","","","","0"
"2021-08","Canada","2016A000011124","Beginning stocks","Renewable fuels except fuel ethanol","Cubic metres","72","units","0","v1277885585","1.1.7","5181","","","","0"
"2021-08","Canada","2016A000011124","Beginning stocks","Renewable fuel plant co-products, total","Metric tonnes","214","units","0","v1277885590","1.1.8","13211","","","","0"
"2021-08","Canada","2016A000011124","Beginning stocks","Distillers grains, total","Metric tonnes","214","units","0","v1277885596","1.1.9","10316","","","","0"
"2021-08","Canada","2016A000011124","Beginning stocks","Renewable fuel plant co-products except distillers grains","Metric tonnes","214","units","0","v1277885554","1.1.10","2895","","","","0"
"2021-08","Canada","2016A000011124","Receipts","Renewable fuel plant feedstocks, total","Metric tonnes","214","units","0","v1277885550","1.2.1","379347","","","","0"
"2021-08","Canada","2016A000011124","Receipts","Cereal grains, total","Metric tonnes","214","units","0","v1277885561","1.2.2","343619","","","","0"
"2021-08","Canada","2016A000011124","Receipts","Vegetable oils, total","Metric tonnes","214","units","0","v1277885566","1.2.3","29208","","","","0"
"2021-08","Canada","2016A000011124","Receipts","Other renewable fuel plant feedstocks, total","Metric tonnes","214","units","0","v1277885571","1.2.4","6520","","","","0"
"2021-08","Canada","2016A000011124","Receipts","Renewable fuel plant co-products, total","Metric tonnes","214","units","0","v1277885591","1.2.8","","..","","","0"
"2021-08","Canada","2016A000011124","Receipts","Distillers grains, total","Metric tonnes","214","units","0","v1277885597","1.2.9","","..","","","0"
"2021-08","Canada","2016A000011124","Receipts","Renewable fuel plant co-products except distillers grains","Metric tonnes","214","units","0","v1277885555","1.2.10","","..","","","0"
"2021-08","Canada","2016A000011124","Inputs","Renewable fuel plant feedstocks, total","Metric tonnes","214","units","0","v1277885551","1.3.1","385903","","","","0"
"2021-08","Canada","2016A000011124","Inputs","Cereal grains, total","Metric tonnes","214","units","0","v1277885562","1.3.2","350079","","","","0"
"2021-08","Canada","2016A000011124","Inputs","Vegetable oils, total","Metric tonnes","214","units","0","v1277885567","1.3.3","29104","","","","0"
"2021-08","Canada","2016A000011124","Inputs","Other renewable fuel plant feedstocks, total","Metric tonnes","214","units","0","v1277885572","1.3.4","6720","","","","0"
"2021-08","Canada","2016A000011124","Production","Renewable fuels, total","Cubic metres","72","units","0","v1277885576","1.4.5","185513","","","","0"
"2021-08","Canada","2016A000011124","Production","Fuel ethanol","Cubic metres","72","units","0","v1277885581","1.4.6","148267","","","","0"
"2021-08","Canada","2016A000011124","Production","Renewable fuels except fuel ethanol","Cubic metres","72","units","0","v1277885586","1.4.7","37246","","","","0"
"2021-08","Canada","2016A000011124","Production","Renewable fuel plant co-products, total","Metric tonnes","214","units","0","v1277885592","1.4.8","123471","","","","0"
"2021-08","Canada","2016A000011124","Production","Distillers grains, total","Metric tonnes","214","units","0","v1277885598","1.4.9","112527","","","","0"
"2021-08","Canada","2016A000011124","Production","Renewable fuel plant co-products except distillers grains","Metric tonnes","214","units","0","v1277885556","1.4.10","10944","","","","0"
"2021-08","Canada","2016A000011124","Shipments","Renewable fuels, total","Cubic metres","72","units","0","v1277885577","1.5.5","191096","","","","0"
"2021-08","Canada","2016A000011124","Shipments","Fuel ethanol","Cubic metres","72","units","0","v1277885582","1.5.6","151841","","","","0"
"2021-08","Canada","2016A000011124","Shipments","Renewable fuels except fuel ethanol","Cubic metres","72","units","0","v1277885587","1.5.7","39255","","","","0"
"2021-08","Canada","2016A000011124","Shipments","Renewable fuel plant co-products, total","Metric tonnes","214","units","0","v1277885593","1.5.8","121253","","","","0"
"2021-08","Canada","2016A000011124","Shipments","Distillers grains, total","Metric tonnes","214","units","0","v1277885599","1.5.9","109462","","","","0"
"2021-08","Canada","2016A000011124","Shipments","Renewable fuel plant co-products except distillers grains","Metric tonnes","214","units","0","v1277885557","1.5.10","11791","","","","0"
"2021-08","Canada","2016A000011124","Losses and adjustments","Renewable fuel plant feedstocks, total","Metric tonnes","214","units","0","v1277885552","1.6.1","65","","","","0"
"2021-08","Canada","2016A000011124","Losses and adjustments","Cereal grains, total","Metric tonnes","214","units","0","v1277885563","1.6.2","73","","","","0"
"2021-08","Canada","2016A000011124","Losses and adjustments","Vegetable oils, total","Metric tonnes","214","units","0","v1277885568","1.6.3","1","","","","0"
"2021-08","Canada","2016A000011124","Losses and adjustments","Other renewable fuel plant feedstocks, total","Metric tonnes","214","units","0","v1277885573","1.6.4","-9","","","","0"
"2021-08","Canada","2016A000011124","Losses and adjustments","Renewable fuels, total","Cubic metres","72","units","0","v1277885578","1.6.5","361","","","","0"
"2021-08","Canada","2016A000011124","Losses and adjustments","Fuel ethanol","Cubic metres","72","units","0","v1277885583","1.6.6","283","","","","0"
"2021-08","Canada","2016A000011124","Losses and adjustments","Renewable fuels except fuel ethanol","Cubic metres","72","units","0","v1277885588","1.6.7","78","","","","0"
"2021-08","Canada","2016A000011124","Losses and adjustments","Renewable fuel plant co-products, total","Metric tonnes","214","units","0","v1277885594","1.6.8","6","","","","0"
"2021-08","Canada","2016A000011124","Losses and adjustments","Distillers grains, total","Metric tonnes","214","units","0","v1277885600","1.6.9","369","","","","0"
"2021-08","Canada","2016A000011124","Losses and adjustments","Renewable fuel plant co-products except distillers grains","Metric tonnes","214","units","0","v1277885558","1.6.10","-363","","","","0"
"2021-08","Canada","2016A000011124","Ending stocks","Renewable fuel plant feedstocks, total","Metric tonnes","214","units","0","v1277885553","1.7.1","86657","","","","0"
"2021-08","Canada","2016A000011124","Ending stocks","Cereal grains, total","Metric tonnes","214","units","0","v1277885564","1.7.2","82724","","","","0"
"2021-08","Canada","2016A000011124","Ending stocks","Vegetable oils, total","Metric tonnes","214","units","0","v1277885569","1.7.3","765","","","","0"
"2021-08","Canada","2016A000011124","Ending stocks","Other renewable fuel plant feedstocks, total","Metric tonnes","214","units","0","v1277885574","1.7.4","3168","","","","0"
"2021-08","Canada","2016A000011124","Ending stocks","Renewable fuels, total","Cubic metres","72","units","0","v1277885579","1.7.5","20052","","","","0"
"2021-08","Canada","2016A000011124","Ending stocks","Fuel ethanol","Cubic metres","72","units","0","v1277885584","1.7.6","15154","","","","0"
"2021-08","Canada","2016A000011124","Ending stocks","Renewable fuels except fuel ethanol","Cubic metres","72","units","0","v1277885589","1.7.7","4898","","","","0"
"2021-08","Canada","2016A000011124","Ending stocks","Renewable fuel plant co-products, total","Metric tonnes","214","units","0","v1277885595","1.7.8","16056","","","","0"
"2021-08","Canada","2016A000011124","Ending stocks","Distillers grains, total","Metric tonnes","214","units","0","v1277885601","1.7.9","13012","","","","0"
"2021-08","Canada","2016A000011124","Ending stocks","Renewable fuel plant co-products except distillers grains","Metric tonnes","214","units","0","v1277885559","1.7.10","3044","","","","0"
"2021-09","Canada","2016A000011124","Beginning stocks","Renewable fuel plant feedstocks, total","Metric tonnes","214","units","0","v1277885549","1.1.1","86657","","","","0"
"2021-09","Canada","2016A000011124","Beginning stocks","Cereal grains, total","Metric tonnes","214","units","0","v1277885560","1.1.2","82724","","","","0"
"2021-09","Canada","2016A000011124","Beginning stocks","Vegetable oils, total","Metric tonnes","214","units","0","v1277885565","1.1.3","765","","","","0"
"2021-09","Canada","2016A000011124","Beginning stocks","Other renewable fuel plant feedstocks, total","Metric tonnes","214","units","0","v1277885570","1.1.4","3168","","","","0"
"2021-09","Canada","2016A000011124","Beginning stocks","Renewable fuels, total","Cubic metres","72","units","0","v1277885575","1.1.5","20052","","","","0"
"2021-09","Canada","2016A000011124","Beginning stocks","Fuel ethanol","Cubic metres","72","units","0","v1277885580","1.1.6","15154","","","","0"
"2021-09","Canada","2016A000011124","Beginning stocks","Renewable fuels except fuel ethanol","Cubic metres","72","units","0","v1277885585","1.1.7","4898","","","","0"
"2021-09","Canada","2016A000011124","Beginning stocks","Renewable fuel plant co-products, total","Metric tonnes","214","units","0","v1277885590","1.1.8","16056","","","","0"
"2021-09","Canada","2016A000011124","Beginning stocks","Distillers grains, total","Metric tonnes","214","units","0","v1277885596","1.1.9","13012","","","","0"
"2021-09","Canada","2016A000011124","Beginning stocks","Renewable fuel plant co-products except distillers grains","Metric tonnes","214","units","0","v1277885554","1.1.10","3044","","","","0"
"2021-09","Canada","2016A000011124","Receipts","Renewable fuel plant feedstocks, total","Metric tonnes","214","units","0","v1277885550","1.2.1","397627","","","","0"
"2021-09","Canada","2016A000011124","Receipts","Cereal grains, total","Metric tonnes","214","units","0","v1277885561","1.2.2","361927","","","","0"
"2021-09","Canada","2016A000011124","Receipts","Vegetable oils, total","Metric tonnes","214","units","0","v1277885566","1.2.3","30327","","","","0"
"2021-09","Canada","2016A000011124","Receipts","Other renewable fuel plant feedstocks, total","Metric tonnes","214","units","0","v1277885571","1.2.4","5373","","","","0"
"2021-09","Canada","2016A000011124","Receipts","Renewable fuel plant co-products, total","Metric tonnes","214","units","0","v1277885591","1.2.8","","..","","","0"
"2021-09","Canada","2016A000011124","Receipts","Distillers grains, total","Metric tonnes","214","units","0","v1277885597","1.2.9","","..","","","0"
"2021-09","Canada","2016A000011124","Receipts","Renewable fuel plant co-products except distillers grains","Metric tonnes","214","units","0","v1277885555","1.2.10","","..","","","0"
"2021-09","Canada","2016A000011124","Inputs","Renewable fuel plant feedstocks, total","Metric tonnes","214","units","0","v1277885551","1.3.1","383066","","","","0"
"2021-09","Canada","2016A000011124","Inputs","Cereal grains, total","Metric tonnes","214","units","0","v1277885562","1.3.2","346711","","","","0"
"2021-09","Canada","2016A000011124","Inputs","Vegetable oils, total","Metric tonnes","214","units","0","v1277885567","1.3.3","30370","","","","0"
"2021-09","Canada","2016A000011124","Inputs","Other renewable fuel plant feedstocks, total","Metric tonnes","214","units","0","v1277885572","1.3.4","5985","","","","0"
"2021-09","Canada","2016A000011124","Production","Renewable fuels, total","Cubic metres","72","units","0","v1277885576","1.4.5","179772","","","","0"
"2021-09","Canada","2016A000011124","Production","Fuel ethanol","Cubic metres","72","units","0","v1277885581","1.4.6","142231","","","","0"
"2021-09","Canada","2016A000011124","Production","Renewable fuels except fuel ethanol","Cubic metres","72","units","0","v1277885586","1.4.7","37541","","","","0"
"2021-09","Canada","2016A000011124","Production","Renewable fuel plant co-products, total","Metric tonnes","214","units","0","v1277885592","1.4.8","119720","","","","0"
"2021-09","Canada","2016A000011124","Production","Distillers grains, total","Metric tonnes","214","units","0","v1277885598","1.4.9","109738","","","","0"
"2021-09","Canada","2016A000011124","Production","Renewable fuel plant co-products except distillers grains","Metric tonnes","214","units","0","v1277885556","1.4.10","9982","","","","0"
"2021-09","Canada","2016A000011124","Shipments","Renewable fuels, total","Cubic metres","72","units","0","v1277885577","1.5.5","185199","","","","0"
"2021-09","Canada","2016A000011124","Shipments","Fuel ethanol","Cubic metres","72","units","0","v1277885582","1.5.6","144676","","","","0"
"2021-09","Canada","2016A000011124","Shipments","Renewable fuels except fuel ethanol","Cubic metres","72","units","0","v1277885587","1.5.7","40523","","","","0"
"2021-09","Canada","2016A000011124","Shipments","Renewable fuel plant co-products, total","Metric tonnes","214","units","0","v1277885593","1.5.8","121750","","","","0"
"2021-09","Canada","2016A000011124","Shipments","Distillers grains, total","Metric tonnes","214","units","0","v1277885599","1.5.9","111037","","","","0"
"2021-09","Canada","2016A000011124","Shipments","Renewable fuel plant co-products except distillers grains","Metric tonnes","214","units","0","v1277885557","1.5.10","10713","","","","0"
"2021-09","Canada","2016A000011124","Losses and adjustments","Renewable fuel plant feedstocks, total","Metric tonnes","214","units","0","v1277885552","1.6.1","194","","","","0"
"2021-09","Canada","2016A000011124","Losses and adjustments","Cereal grains, total","Metric tonnes","214","units","0","v1277885563","1.6.2","26","","","","0"
"2021-09","Canada","2016A000011124","Losses and adjustments","Vegetable oils, total","Metric tonnes","214","units","0","v1277885568","1.6.3","-2","","","","0"
"2021-09","Canada","2016A000011124","Losses and adjustments","Other renewable fuel plant feedstocks, total","Metric tonnes","214","units","0","v1277885573","1.6.4","170","","","","0"
"2021-09","Canada","2016A000011124","Losses and adjustments","Renewable fuels, total","Cubic metres","72","units","0","v1277885578","1.6.5","-171","","","","0"
"2021-09","Canada","2016A000011124","Losses and adjustments","Fuel ethanol","Cubic metres","72","units","0","v1277885583","1.6.6","-194","","","","0"
"2021-09","Canada","2016A000011124","Losses and adjustments","Renewable fuels except fuel ethanol","Cubic metres","72","units","0","v1277885588","1.6.7","23","","","","0"
"2021-09","Canada","2016A000011124","Losses and adjustments","Renewable fuel plant co-products, total","Metric tonnes","214","units","0","v1277885594","1.6.8","1432","","","","0"
"2021-09","Canada","2016A000011124","Losses and adjustments","Distillers grains, total","Metric tonnes","214","units","0","v1277885600","1.6.9","1694","","","","0"
"2021-09","Canada","2016A000011124","Losses and adjustments","Renewable fuel plant co-products except distillers grains","Metric tonnes","214","units","0","v1277885558","1.6.10","-262","","","","0"
"2021-09","Canada","2016A000011124","Ending stocks","Renewable fuel plant feedstocks, total","Metric tonnes","214","units","0","v1277885553","1.7.1","101061","","","","0"
"2021-09","Canada","2016A000011124","Ending stocks","Cereal grains, total","Metric tonnes","214","units","0","v1277885564","1.7.2","97914","","","","0"
"2021-09","Canada","2016A000011124","Ending stocks","Vegetable oils, total","Metric tonnes","214","units","0","v1277885569","1.7.3","724","","","","0"
"2021-09","Canada","2016A000011124","Ending stocks","Other renewable fuel plant feedstocks, total","Metric tonnes","214","units","0","v1277885574","1.7.4","2423","","","","0"
"2021-09","Canada","2016A000011124","Ending stocks","Renewable fuels, total","Cubic metres","72","units","0","v1277885579","1.7.5","16848","","","","0"
"2021-09","Canada","2016A000011124","Ending stocks","Fuel ethanol","Cubic metres","72","units","0","v1277885584","1.7.6","12941","","","","0"
"2021-09","Canada","2016A000011124","Ending stocks","Renewable fuels except fuel ethanol","Cubic metres","72","units","0","v1277885589","1.7.7","3907","","","","0"
"2021-09","Canada","2016A000011124","Ending stocks","Renewable fuel plant co-products, total","Metric tonnes","214","units","0","v1277885595","1.7.8","13324","","","","0"
"2021-09","Canada","2016A000011124","Ending stocks","Distillers grains, total","Metric tonnes","214","units","0","v1277885601","1.7.9","10019","","","","0"
"2021-09","Canada","2016A000011124","Ending stocks","Renewable fuel plant co-products except distillers grains","Metric tonnes","214","units","0","v1277885559","1.7.10","3305","","","","0"
"2021-10","Canada","2016A000011124","Beginning stocks","Renewable fuel plant feedstocks, total","Metric tonnes","214","units","0","v1277885549","1.1.1","101061","","","","0"
"2021-10","Canada","2016A000011124","Beginning stocks","Cereal grains, total","Metric tonnes","214","units","0","v1277885560","1.1.2","97914","","","","0"
"2021-10","Canada","2016A000011124","Beginning stocks","Vegetable oils, total","Metric tonnes","214","units","0","v1277885565","1.1.3","724","","","","0"
"2021-10","Canada","2016A000011124","Beginning stocks","Other renewable fuel plant feedstocks, total","Metric tonnes","214","units","0","v1277885570","1.1.4","2423","","","","0"
"2021-10","Canada","2016A000011124","Beginning stocks","Renewable fuels, total","Cubic metres","72","units","0","v1277885575","1.1.5","16848","","","","0"
"2021-10","Canada","2016A000011124","Beginning stocks","Fuel ethanol","Cubic metres","72","units","0","v1277885580","1.1.6","12941","","","","0"
"2021-10","Canada","2016A000011124","Beginning stocks","Renewable fuels except fuel ethanol","Cubic metres","72","units","0","v1277885585","1.1.7","3907","","","","0"
"2021-10","Canada","2016A000011124","Beginning stocks","Renewable fuel plant co-products, total","Metric tonnes","214","units","0","v1277885590","1.1.8","13088","","","","0"
"2021-10","Canada","2016A000011124","Beginning stocks","Distillers grains, total","Metric tonnes","214","units","0","v1277885596","1.1.9","10019","","","","0"
"2021-10","Canada","2016A000011124","Beginning stocks","Renewable fuel plant co-products except distillers grains","Metric tonnes","214","units","0","v1277885554","1.1.10","3069","","","","0"
"2021-10","Canada","2016A000011124","Receipts","Renewable fuel plant feedstocks, total","Metric tonnes","214","units","0","v1277885550","1.2.1","288117","","","","0"
"2021-10","Canada","2016A000011124","Receipts","Cereal grains, total","Metric tonnes","214","units","0","v1277885561","1.2.2","253617","","","","0"
"2021-10","Canada","2016A000011124","Receipts","Vegetable oils, total","Metric tonnes","214","units","0","v1277885566","1.2.3","29496","","","","0"
"2021-10","Canada","2016A000011124","Receipts","Other renewable fuel plant feedstocks, total","Metric tonnes","214","units","0","v1277885571","1.2.4","5004","","","","0"
"2021-10","Canada","2016A000011124","Receipts","Renewable fuel plant co-products, total","Metric tonnes","214","units","0","v1277885591","1.2.8","","..","","","0"
"2021-10","Canada","2016A000011124","Receipts","Distillers grains, total","Metric tonnes","214","units","0","v1277885597","1.2.9","","..","","","0"
"2021-10","Canada","2016A000011124","Receipts","Renewable fuel plant co-products except distillers grains","Metric tonnes","214","units","0","v1277885555","1.2.10","","..","","","0"
"2021-10","Canada","2016A000011124","Inputs","Renewable fuel plant feedstocks, total","Metric tonnes","214","units","0","v1277885551","1.3.1","328727","","","","0"
"2021-10","Canada","2016A000011124","Inputs","Cereal grains, total","Metric tonnes","214","units","0","v1277885562","1.3.2","294105","","","","0"
"2021-10","Canada","2016A000011124","Inputs","Vegetable oils, total","Metric tonnes","214","units","0","v1277885567","1.3.3","28965","","","","0"
"2021-10","Canada","2016A000011124","Inputs","Other renewable fuel plant feedstocks, total","Metric tonnes","214","units","0","v1277885572","1.3.4","5657","","","","0"
"2021-10","Canada","2016A000011124","Production","Renewable fuels, total","Cubic metres","72","units","0","v1277885576","1.4.5","156941","","","","0"
"2021-10","Canada","2016A000011124","Production","Fuel ethanol","Cubic metres","72","units","0","v1277885581","1.4.6","121464","","","","0"
"2021-10","Canada","2016A000011124","Production","Renewable fuels except fuel ethanol","Cubic metres","72","units","0","v1277885586","1.4.7","35477","","","","0"
"2021-10","Canada","2016A000011124","Production","Renewable fuel plant co-products, total","Metric tonnes","214","units","0","v1277885592","1.4.8","111202","","","","0"
"2021-10","Canada","2016A000011124","Production","Distillers grains, total","Metric tonnes","214","units","0","v1277885598","1.4.9","100938","","","","0"
"2021-10","Canada","2016A000011124","Production","Renewable fuel plant co-products except distillers grains","Metric tonnes","214","units","0","v1277885556","1.4.10","10264","","","","0"
"2021-10","Canada","2016A000011124","Shipments","Renewable fuels, total","Cubic metres","72","units","0","v1277885577","1.5.5","153511","","","","0"
"2021-10","Canada","2016A000011124","Shipments","Fuel ethanol","Cubic metres","72","units","0","v1277885582","1.5.6","117719","","","","0"
"2021-10","Canada","2016A000011124","Shipments","Renewable fuels except fuel ethanol","Cubic metres","72","units","0","v1277885587","1.5.7","35792","","","","0"
"2021-10","Canada","2016A000011124","Shipments","Renewable fuel plant co-products, total","Metric tonnes","214","units","0","v1277885593","1.5.8","105861","","","","0"
"2021-10","Canada","2016A000011124","Shipments","Distillers grains, total","Metric tonnes","214","units","0","v1277885599","1.5.9","95594","","","","0"
"2021-10","Canada","2016A000011124","Shipments","Renewable fuel plant co-products except distillers grains","Metric tonnes","214","units","0","v1277885557","1.5.10","10267","","","","0"
"2021-10","Canada","2016A000011124","Losses and adjustments","Renewable fuel plant feedstocks, total","Metric tonnes","214","units","0","v1277885552","1.6.1","-44","","","","0"
"2021-10","Canada","2016A000011124","Losses and adjustments","Cereal grains, total","Metric tonnes","214","units","0","v1277885563","1.6.2","-80","","","","0"
"2021-10","Canada","2016A000011124","Losses and adjustments","Vegetable oils, total","Metric tonnes","214","units","0","v1277885568","1.6.3","1","","","","0"
"2021-10","Canada","2016A000011124","Losses and adjustments","Other renewable fuel plant feedstocks, total","Metric tonnes","214","units","0","v1277885573","1.6.4","35","","","","0"
"2021-10","Canada","2016A000011124","Losses and adjustments","Renewable fuels, total","Cubic metres","72","units","0","v1277885578","1.6.5","195","","","","0"
"2021-10","Canada","2016A000011124","Losses and adjustments","Fuel ethanol","Cubic metres","72","units","0","v1277885583","1.6.6","116","","","","0"
"2021-10","Canada","2016A000011124","Losses and adjustments","Renewable fuels except fuel ethanol","Cubic metres","72","units","0","v1277885588","1.6.7","79","","","","0"
"2021-10","Canada","2016A000011124","Losses and adjustments","Renewable fuel plant co-products, total","Metric tonnes","214","units","0","v1277885594","1.6.8","997","","","","0"
"2021-10","Canada","2016A000011124","Losses and adjustments","Distillers grains, total","Metric tonnes","214","units","0","v1277885600","1.6.9","1321","","","","0"
"2021-10","Canada","2016A000011124","Losses and adjustments","Renewable fuel plant co-products except distillers grains","Metric tonnes","214","units","0","v1277885558","1.6.10","-324","","","","0"
"2021-10","Canada","2016A000011124","Ending stocks","Renewable fuel plant feedstocks, total","Metric tonnes","214","units","0","v1277885553","1.7.1","60485","","","","0"
"2021-10","Canada","2016A000011124","Ending stocks","Cereal grains, total","Metric tonnes","214","units","0","v1277885564","1.7.2","57506","","","","0"
"2021-10","Canada","2016A000011124","Ending stocks","Vegetable oils, total","Metric tonnes","214","units","0","v1277885569","1.7.3","1254","","","","0"
"2021-10","Canada","2016A000011124","Ending stocks","Other renewable fuel plant feedstocks, total","Metric tonnes","214","units","0","v1277885574","1.7.4","1725","","","","0"
"2021-10","Canada","2016A000011124","Ending stocks","Renewable fuels, total","Cubic metres","72","units","0","v1277885579","1.7.5","20869","","","","0"
"2021-10","Canada","2016A000011124","Ending stocks","Fuel ethanol","Cubic metres","72","units","0","v1277885584","1.7.6","16606","","","","0"
"2021-10","Canada","2016A000011124","Ending stocks","Renewable fuels except fuel ethanol","Cubic metres","72","units","0","v1277885589","1.7.7","4263","","","","0"
"2021-10","Canada","2016A000011124","Ending stocks","Renewable fuel plant co-products, total","Metric tonnes","214","units","0","v1277885595","1.7.8","17678","","","","0"
"2021-10","Canada","2016A000011124","Ending stocks","Distillers grains, total","Metric tonnes","214","units","0","v1277885601","1.7.9","14042","","","","0"
"2021-10","Canada","2016A000011124","Ending stocks","Renewable fuel plant co-products except distillers grains","Metric tonnes","214","units","0","v1277885559","1.7.10","3636","","","","0"
"2021-11","Canada","2016A000011124","Beginning stocks","Renewable fuel plant feedstocks, total","Metric tonnes","214","units","0","v1277885549","1.1.1","60485","","","","0"
"2021-11","Canada","2016A000011124","Beginning stocks","Cereal grains, total","Metric tonnes","214","units","0","v1277885560","1.1.2","57506","","","","0"
"2021-11","Canada","2016A000011124","Beginning stocks","Vegetable oils, total","Metric tonnes","214","units","0","v1277885565","1.1.3","1254","","","","0"
"2021-11","Canada","2016A000011124","Beginning stocks","Other renewable fuel plant feedstocks, total","Metric tonnes","214","units","0","v1277885570","1.1.4","1725","","","","0"
"2021-11","Canada","2016A000011124","Beginning stocks","Renewable fuels, total","Cubic metres","72","units","0","v1277885575","1.1.5","20869","","","","0"
"2021-11","Canada","2016A000011124","Beginning stocks","Fuel ethanol","Cubic metres","72","units","0","v1277885580","1.1.6","16606","","","","0"
"2021-11","Canada","2016A000011124","Beginning stocks","Renewable fuels except fuel ethanol","Cubic metres","72","units","0","v1277885585","1.1.7","4263","","","","0"
"2021-11","Canada","2016A000011124","Beginning stocks","Renewable fuel plant co-products, total","Metric tonnes","214","units","0","v1277885590","1.1.8","17678","","","","0"
"2021-11","Canada","2016A000011124","Beginning stocks","Distillers grains, total","Metric tonnes","214","units","0","v1277885596","1.1.9","14042","","","","0"
"2021-11","Canada","2016A000011124","Beginning stocks","Renewable fuel plant co-products except distillers grains","Metric tonnes","214","units","0","v1277885554","1.1.10","3636","","","","0"
"2021-11","Canada","2016A000011124","Receipts","Renewable fuel plant feedstocks, total","Metric tonnes","214","units","0","v1277885550","1.2.1","457958","","","","0"
"2021-11","Canada","2016A000011124","Receipts","Cereal grains, total","Metric tonnes","214","units","0","v1277885561","1.2.2","420548","","","","0"
"2021-11","Canada","2016A000011124","Receipts","Vegetable oils, total","Metric tonnes","214","units","0","v1277885566","1.2.3","31355","","","","0"
"2021-11","Canada","2016A000011124","Receipts","Other renewable fuel plant feedstocks, total","Metric tonnes","214","units","0","v1277885571","1.2.4","6055","","","","0"
"2021-11","Canada","2016A000011124","Receipts","Renewable fuel plant co-products, total","Metric tonnes","214","units","0","v1277885591","1.2.8","","..","","","0"
"2021-11","Canada","2016A000011124","Receipts","Distillers grains, total","Metric tonnes","214","units","0","v1277885597","1.2.9","","..","","","0"
"2021-11","Canada","2016A000011124","Receipts","Renewable fuel plant co-products except distillers grains","Metric tonnes","214","units","0","v1277885555","1.2.10","","..","","","0"
"2021-11","Canada","2016A000011124","Inputs","Renewable fuel plant feedstocks, total","Metric tonnes","214","units","0","v1277885551","1.3.1","407349","","","","0"
"2021-11","Canada","2016A000011124","Inputs","Cereal grains, total","Metric tonnes","214","units","0","v1277885562","1.3.2","369616","","","","0"
"2021-11","Canada","2016A000011124","Inputs","Vegetable oils, total","Metric tonnes","214","units","0","v1277885567","1.3.3","31711","","","","0"
"2021-11","Canada","2016A000011124","Inputs","Other renewable fuel plant feedstocks, total","Metric tonnes","214","units","0","v1277885572","1.3.4","6022","","","","0"
"2021-11","Canada","2016A000011124","Production","Renewable fuels, total","Cubic metres","72","units","0","v1277885576","1.4.5","194209","","","","0"
"2021-11","Canada","2016A000011124","Production","Fuel ethanol","Cubic metres","72","units","0","v1277885581","1.4.6","154607","","","","0"
"2021-11","Canada","2016A000011124","Production","Renewable fuels except fuel ethanol","Cubic metres","72","units","0","v1277885586","1.4.7","39602","","","","0"
"2021-11","Canada","2016A000011124","Production","Renewable fuel plant co-products, total","Metric tonnes","214","units","0","v1277885592","1.4.8","127466","","","","0"
"2021-11","Canada","2016A000011124","Production","Distillers grains, total","Metric tonnes","214","units","0","v1277885598","1.4.9","116592","","","","0"
"2021-11","Canada","2016A000011124","Production","Renewable fuel plant co-products except distillers grains","Metric tonnes","214","units","0","v1277885556","1.4.10","10874","","","","0"
"2021-11","Canada","2016A000011124","Shipments","Renewable fuels, total","Cubic metres","72","units","0","v1277885577","1.5.5","189327","","","","0"
"2021-11","Canada","2016A000011124","Shipments","Fuel ethanol","Cubic metres","72","units","0","v1277885582","1.5.6","149926","","","","0"
"2021-11","Canada","2016A000011124","Shipments","Renewable fuels except fuel ethanol","Cubic metres","72","units","0","v1277885587","1.5.7","39401","","","","0"
"2021-11","Canada","2016A000011124","Shipments","Renewable fuel plant co-products, total","Metric tonnes","214","units","0","v1277885593","1.5.8","129528","","","","0"
"2021-11","Canada","2016A000011124","Shipments","Distillers grains, total","Metric tonnes","214","units","0","v1277885599","1.5.9","117671","","","","0"
"2021-11","Canada","2016A000011124","Shipments","Renewable fuel plant co-products except distillers grains","Metric tonnes","214","units","0","v1277885557","1.5.10","11857","","","","0"
"2021-11","Canada","2016A000011124","Losses and adjustments","Renewable fuel plant feedstocks, total","Metric tonnes","214","units","0","v1277885552","1.6.1","348","","","","0"
"2021-11","Canada","2016A000011124","Losses and adjustments","Cereal grains, total","Metric tonnes","214","units","0","v1277885563","1.6.2","356","","","","0"
"2021-11","Canada","2016A000011124","Losses and adjustments","Vegetable oils, total","Metric tonnes","214","units","0","v1277885568","1.6.3","0","","","","0"
"2021-11","Canada","2016A000011124","Losses and adjustments","Other renewable fuel plant feedstocks, total","Metric tonnes","214","units","0","v1277885573","1.6.4","-8","","","","0"
"2021-11","Canada","2016A000011124","Losses and adjustments","Renewable fuels, total","Cubic metres","72","units","0","v1277885578","1.6.5","9","","","","0"
"2021-11","Canada","2016A000011124","Losses and adjustments","Fuel ethanol","Cubic metres","72","units","0","v1277885583","1.6.6","-41","","","","0"
"2021-11","Canada","2016A000011124","Losses and adjustments","Renewable fuels except fuel ethanol","Cubic metres","72","units","0","v1277885588","1.6.7","50","","","","0"
"2021-11","Canada","2016A000011124","Losses and adjustments","Renewable fuel plant co-products, total","Metric tonnes","214","units","0","v1277885594","1.6.8","319","","","","0"
"2021-11","Canada","2016A000011124","Losses and adjustments","Distillers grains, total","Metric tonnes","214","units","0","v1277885600","1.6.9","768","","","","0"
"2021-11","Canada","2016A000011124","Losses and adjustments","Renewable fuel plant co-products except distillers grains","Metric tonnes","214","units","0","v1277885558","1.6.10","-449","","","","0"
"2021-11","Canada","2016A000011124","Ending stocks","Renewable fuel plant feedstocks, total","Metric tonnes","214","units","0","v1277885553","1.7.1","110755","","","","0"
"2021-11","Canada","2016A000011124","Ending stocks","Cereal grains, total","Metric tonnes","214","units","0","v1277885564","1.7.2","108082","","","","0"
"2021-11","Canada","2016A000011124","Ending stocks","Vegetable oils, total","Metric tonnes","214","units","0","v1277885569","1.7.3","898","","","","0"
"2021-11","Canada","2016A000011124","Ending stocks","Other renewable fuel plant feedstocks, total","Metric tonnes","214","units","0","v1277885574","1.7.4","1775","","","","0"
"2021-11","Canada","2016A000011124","Ending stocks","Renewable fuels, total","Cubic metres","72","units","0","v1277885579","1.7.5","25881","","","","0"
"2021-11","Canada","2016A000011124","Ending stocks","Fuel ethanol","Cubic metres","72","units","0","v1277885584","1.7.6","21365","","","","0"
"2021-11","Canada","2016A000011124","Ending stocks","Renewable fuels except fuel ethanol","Cubic metres","72","units","0","v1277885589","1.7.7","4516","","","","0"
"2021-11","Canada","2016A000011124","Ending stocks","Renewable fuel plant co-products, total","Metric tonnes","214","units","0","v1277885595","1.7.8","15297","","","","0"
"2021-11","Canada","2016A000011124","Ending stocks","Distillers grains, total","Metric tonnes","214","units","0","v1277885601","1.7.9","12195","","","","0"
"2021-11","Canada","2016A000011124","Ending stocks","Renewable fuel plant co-products except distillers grains","Metric tonnes","214","units","0","v1277885559","1.7.10","3102","","","","0"
"2021-12","Canada","2016A000011124","Beginning stocks","Renewable fuel plant feedstocks, total","Metric tonnes","214","units","0","v1277885549","1.1.1","110755","","","","0"
"2021-12","Canada","2016A000011124","Beginning stocks","Cereal grains, total","Metric tonnes","214","units","0","v1277885560","1.1.2","108082","","","","0"
"2021-12","Canada","2016A000011124","Beginning stocks","Vegetable oils, total","Metric tonnes","214","units","0","v1277885565","1.1.3","898","","","","0"
"2021-12","Canada","2016A000011124","Beginning stocks","Other renewable fuel plant feedstocks, total","Metric tonnes","214","units","0","v1277885570","1.1.4","1775","","","","0"
"2021-12","Canada","2016A000011124","Beginning stocks","Renewable fuels, total","Cubic metres","72","units","0","v1277885575","1.1.5","25881","","","","0"
"2021-12","Canada","2016A000011124","Beginning stocks","Fuel ethanol","Cubic metres","72","units","0","v1277885580","1.1.6","21365","","","","0"
"2021-12","Canada","2016A000011124","Beginning stocks","Renewable fuels except fuel ethanol","Cubic metres","72","units","0","v1277885585","1.1.7","4516","","","","0"
"2021-12","Canada","2016A000011124","Beginning stocks","Renewable fuel plant co-products, total","Metric tonnes","214","units","0","v1277885590","1.1.8","15297","","","","0"
"2021-12","Canada","2016A000011124","Beginning stocks","Distillers grains, total","Metric tonnes","214","units","0","v1277885596","1.1.9","12195","","","","0"
"2021-12","Canada","2016A000011124","Beginning stocks","Renewable fuel plant co-products except distillers grains","Metric tonnes","214","units","0","v1277885554","1.1.10","3102","","","","0"
"2021-12","Canada","2016A000011124","Receipts","Renewable fuel plant feedstocks, total","Metric tonnes","214","units","0","v1277885550","1.2.1","432658","","","","0"
"2021-12","Canada","2016A000011124","Receipts","Cereal grains, total","Metric tonnes","214","units","0","v1277885561","1.2.2","391651","","","","0"
"2021-12","Canada","2016A000011124","Receipts","Vegetable oils, total","Metric tonnes","214","units","0","v1277885566","1.2.3","34941","","","","0"
"2021-12","Canada","2016A000011124","Receipts","Other renewable fuel plant feedstocks, total","Metric tonnes","214","units","0","v1277885571","1.2.4","6066","","","","0"
"2021-12","Canada","2016A000011124","Receipts","Renewable fuel plant co-products, total","Metric tonnes","214","units","0","v1277885591","1.2.8","","..","","","0"
"2021-12","Canada","2016A000011124","Receipts","Distillers grains, total","Metric tonnes","214","units","0","v1277885597","1.2.9","","..","","","0"
"2021-12","Canada","2016A000011124","Receipts","Renewable fuel plant co-products except distillers grains","Metric tonnes","214","units","0","v1277885555","1.2.10","","..","","","0"
"2021-12","Canada","2016A000011124","Inputs","Renewable fuel plant feedstocks, total","Metric tonnes","214","units","0","v1277885551","1.3.1","406719","","","","0"
"2021-12","Canada","2016A000011124","Inputs","Cereal grains, total","Metric tonnes","214","units","0","v1277885562","1.3.2","365542","","","","0"
"2021-12","Canada","2016A000011124","Inputs","Vegetable oils, total","Metric tonnes","214","units","0","v1277885567","1.3.3","34853","","","","0"
"2021-12","Canada","2016A000011124","Inputs","Other renewable fuel plant feedstocks, total","Metric tonnes","214","units","0","v1277885572","1.3.4","6324","","","","0"
"2021-12","Canada","2016A000011124","Production","Renewable fuels, total","Cubic metres","72","units","0","v1277885576","1.4.5","193131","","","","0"
"2021-12","Canada","2016A000011124","Production","Fuel ethanol","Cubic metres","72","units","0","v1277885581","1.4.6","150595","","","","0"
"2021-12","Canada","2016A000011124","Production","Renewable fuels except fuel ethanol","Cubic metres","72","units","0","v1277885586","1.4.7","42536","","","","0"
"2021-12","Canada","2016A000011124","Production","Renewable fuel plant co-products, total","Metric tonnes","214","units","0","v1277885592","1.4.8","123263","","","","0"
"2021-12","Canada","2016A000011124","Production","Distillers grains, total","Metric tonnes","214","units","0","v1277885598","1.4.9","112185","","","","0"
"2021-12","Canada","2016A000011124","Production","Renewable fuel plant co-products except distillers grains","Metric tonnes","214","units","0","v1277885556","1.4.10","11078","","","","0"
"2021-12","Canada","2016A000011124","Shipments","Renewable fuels, total","Cubic metres","72","units","0","v1277885577","1.5.5","192765","","","","0"
"2021-12","Canada","2016A000011124","Shipments","Fuel ethanol","Cubic metres","72","units","0","v1277885582","1.5.6","152457","","","","0"
"2021-12","Canada","2016A000011124","Shipments","Renewable fuels except fuel ethanol","Cubic metres","72","units","0","v1277885587","1.5.7","40308","","","","0"
"2021-12","Canada","2016A000011124","Shipments","Renewable fuel plant co-products, total","Metric tonnes","214","units","0","v1277885593","1.5.8","129110","","","","0"
"2021-12","Canada","2016A000011124","Shipments","Distillers grains, total","Metric tonnes","214","units","0","v1277885599","1.5.9","117050","","","","0"
"2021-12","Canada","2016A000011124","Shipments","Renewable fuel plant co-products except distillers grains","Metric tonnes","214","units","0","v1277885557","1.5.10","12060","","","","0"
"2021-12","Canada","2016A000011124","Losses and adjustments","Renewable fuel plant feedstocks, total","Metric tonnes","214","units","0","v1277885552","1.6.1","-32","","","","0"
"2021-12","Canada","2016A000011124","Losses and adjustments","Cereal grains, total","Metric tonnes","214","units","0","v1277885563","1.6.2","-140","","","","0"
"2021-12","Canada","2016A000011124","Losses and adjustments","Vegetable oils, total","Metric tonnes","214","units","0","v1277885568","1.6.3","0","","","","0"
"2021-12","Canada","2016A000011124","Losses and adjustments","Other renewable fuel plant feedstocks, total","Metric tonnes","214","units","0","v1277885573","1.6.4","108","","","","0"
"2021-12","Canada","2016A000011124","Losses and adjustments","Renewable fuels, total","Cubic metres","72","units","0","v1277885578","1.6.5","64","","","","0"
"2021-12","Canada","2016A000011124","Losses and adjustments","Fuel ethanol","Cubic metres","72","units","0","v1277885583","1.6.6","21","","","","0"
"2021-12","Canada","2016A000011124","Losses and adjustments","Renewable fuels except fuel ethanol","Cubic metres","72","units","0","v1277885588","1.6.7","43","","","","0"
"2021-12","Canada","2016A000011124","Losses and adjustments","Renewable fuel plant co-products, total","Metric tonnes","214","units","0","v1277885594","1.6.8","605","","","","0"
"2021-12","Canada","2016A000011124","Losses and adjustments","Distillers grains, total","Metric tonnes","214","units","0","v1277885600","1.6.9","1028","","","","0"
"2021-12","Canada","2016A000011124","Losses and adjustments","Renewable fuel plant co-products except distillers grains","Metric tonnes","214","units","0","v1277885558","1.6.10","-423","","","","0"
"2021-12","Canada","2016A000011124","Ending stocks","Renewable fuel plant feedstocks, total","Metric tonnes","214","units","0","v1277885553","1.7.1","120937","","","","0"
"2021-12","Canada","2016A000011124","Ending stocks","Cereal grains, total","Metric tonnes","214","units","0","v1277885564","1.7.2","118331","","","","0"
"2021-12","Canada","2016A000011124","Ending stocks","Vegetable oils, total","Metric tonnes","214","units","0","v1277885569","1.7.3","986","","","","0"
"2021-12","Canada","2016A000011124","Ending stocks","Other renewable fuel plant feedstocks, total","Metric tonnes","214","units","0","v1277885574","1.7.4","1620","","","","0"
"2021-12","Canada","2016A000011124","Ending stocks","Renewable fuels, total","Cubic metres","72","units","0","v1277885579","1.7.5","26588","","","","0"
"2021-12","Canada","2016A000011124","Ending stocks","Fuel ethanol","Cubic metres","72","units","0","v1277885584","1.7.6","19662","","","","0"
"2021-12","Canada","2016A000011124","Ending stocks","Renewable fuels except fuel ethanol","Cubic metres","72","units","0","v1277885589","1.7.7","6926","","","","0"
"2021-12","Canada","2016A000011124","Ending stocks","Renewable fuel plant co-products, total","Metric tonnes","214","units","0","v1277885595","1.7.8","9012","","","","0"
"2021-12","Canada","2016A000011124","Ending stocks","Distillers grains, total","Metric tonnes","214","units","0","v1277885601","1.7.9","6302","","","","0"
"2021-12","Canada","2016A000011124","Ending stocks","Renewable fuel plant co-products except distillers grains","Metric tonnes","214","units","0","v1277885559","1.7.10","2710","","","","0"
"2022-01","Canada","2016A000011124","Beginning stocks","Renewable fuel plant feedstocks, total","Metric tonnes","214","units","0","v1277885549","1.1.1","120920","","","","0"
"2022-01","Canada","2016A000011124","Beginning stocks","Cereal grains, total","Metric tonnes","214","units","0","v1277885560","1.1.2","118331","","","","0"
"2022-01","Canada","2016A000011124","Beginning stocks","Vegetable oils, total","Metric tonnes","214","units","0","v1277885565","1.1.3","986","","","","0"
"2022-01","Canada","2016A000011124","Beginning stocks","Other renewable fuel plant feedstocks, total","Metric tonnes","214","units","0","v1277885570","1.1.4","1603","","","","0"
"2022-01","Canada","2016A000011124","Beginning stocks","Renewable fuels, total","Cubic metres","72","units","0","v1277885575","1.1.5","26459","","","","0"
"2022-01","Canada","2016A000011124","Beginning stocks","Fuel ethanol","Cubic metres","72","units","0","v1277885580","1.1.6","19543","","","","0"
"2022-01","Canada","2016A000011124","Beginning stocks","Renewable fuels except fuel ethanol","Cubic metres","72","units","0","v1277885585","1.1.7","6916","","","","0"
"2022-01","Canada","2016A000011124","Beginning stocks","Renewable fuel plant co-products, total","Metric tonnes","214","units","0","v1277885590","1.1.8","9012","","","","0"
"2022-01","Canada","2016A000011124","Beginning stocks","Distillers grains, total","Metric tonnes","214","units","0","v1277885596","1.1.9","6302","","","","0"
"2022-01","Canada","2016A000011124","Beginning stocks","Renewable fuel plant co-products except distillers grains","Metric tonnes","214","units","0","v1277885554","1.1.10","2710","","","","0"
"2022-01","Canada","2016A000011124","Receipts","Renewable fuel plant feedstocks, total","Metric tonnes","214","units","0","v1277885550","1.2.1","349150","","","","0"
"2022-01","Canada","2016A000011124","Receipts","Cereal grains, total","Metric tonnes","214","units","0","v1277885561","1.2.2","329017","","","","0"
"2022-01","Canada","2016A000011124","Receipts","Vegetable oils, total","Metric tonnes","214","units","0","v1277885566","1.2.3","15817","","","","0"
"2022-01","Canada","2016A000011124","Receipts","Other renewable fuel plant feedstocks, total","Metric tonnes","214","units","0","v1277885571","1.2.4","4316","","","","0"
"2022-01","Canada","2016A000011124","Receipts","Renewable fuel plant co-products, total","Metric tonnes","214","units","0","v1277885591","1.2.8","","..","","","0"
"2022-01","Canada","2016A000011124","Receipts","Distillers grains, total","Metric tonnes","214","units","0","v1277885597","1.2.9","","..","","","0"
"2022-01","Canada","2016A000011124","Receipts","Renewable fuel plant co-products except distillers grains","Metric tonnes","214","units","0","v1277885555","1.2.10","","..","","","0"
"2022-01","Canada","2016A000011124","Inputs","Renewable fuel plant feedstocks, total","Metric tonnes","214","units","0","v1277885551","1.3.1","355564","","","","0"
"2022-01","Canada","2016A000011124","Inputs","Cereal grains, total","Metric tonnes","214","units","0","v1277885562","1.3.2","334774","","","","0"
"2022-01","Canada","2016A000011124","Inputs","Vegetable oils, total","Metric tonnes","214","units","0","v1277885567","1.3.3","16557","","","","0"
"2022-01","Canada","2016A000011124","Inputs","Other renewable fuel plant feedstocks, total","Metric tonnes","214","units","0","v1277885572","1.3.4","4233","","","","0"
"2022-01","Canada","2016A000011124","Production","Renewable fuels, total","Cubic metres","72","units","0","v1277885576","1.4.5","161880","","","","0"
"2022-01","Canada","2016A000011124","Production","Fuel ethanol","Cubic metres","72","units","0","v1277885581","1.4.6","139729","","","","0"
"2022-01","Canada","2016A000011124","Production","Renewable fuels except fuel ethanol","Cubic metres","72","units","0","v1277885586","1.4.7","22151","","","","0"
"2022-01","Canada","2016A000011124","Production","Renewable fuel plant co-products, total","Metric tonnes","214","units","0","v1277885592","1.4.8","115629","","","","0"
"2022-01","Canada","2016A000011124","Production","Distillers grains, total","Metric tonnes","214","units","0","v1277885598","1.4.9","106057","","","","0"
"2022-01","Canada","2016A000011124","Production","Renewable fuel plant co-products except distillers grains","Metric tonnes","214","units","0","v1277885556","1.4.10","9572","","","","0"
"2022-01","Canada","2016A000011124","Shipments","Renewable fuels, total","Cubic metres","72","units","0","v1277885577","1.5.5","163583","","","","0"
"2022-01","Canada","2016A000011124","Shipments","Fuel ethanol","Cubic metres","72","units","0","v1277885582","1.5.6","137786","","","","0"
"2022-01","Canada","2016A000011124","Shipments","Renewable fuels except fuel ethanol","Cubic metres","72","units","0","v1277885587","1.5.7","25797","","","","0"
"2022-01","Canada","2016A000011124","Shipments","Renewable fuel plant co-products, total","Metric tonnes","214","units","0","v1277885593","1.5.8","110080","","","","0"
"2022-01","Canada","2016A000011124","Shipments","Distillers grains, total","Metric tonnes","214","units","0","v1277885599","1.5.9","100723","","","","0"
"2022-01","Canada","2016A000011124","Shipments","Renewable fuel plant co-products except distillers grains","Metric tonnes","214","units","0","v1277885557","1.5.10","9357","","","","0"
"2022-01","Canada","2016A000011124","Losses and adjustments","Renewable fuel plant feedstocks, total","Metric tonnes","214","units","0","v1277885552","1.6.1","-430","","","","0"
"2022-01","Canada","2016A000011124","Losses and adjustments","Cereal grains, total","Metric tonnes","214","units","0","v1277885563","1.6.2","-441","","","","0"
"2022-01","Canada","2016A000011124","Losses and adjustments","Vegetable oils, total","Metric tonnes","214","units","0","v1277885568","1.6.3","2","","","","0"
"2022-01","Canada","2016A000011124","Losses and adjustments","Other renewable fuel plant feedstocks, total","Metric tonnes","214","units","0","v1277885573","1.6.4","9","","","","0"
"2022-01","Canada","2016A000011124","Losses and adjustments","Renewable fuels, total","Cubic metres","72","units","0","v1277885578","1.6.5","95","","","","0"
"2022-01","Canada","2016A000011124","Losses and adjustments","Fuel ethanol","Cubic metres","72","units","0","v1277885583","1.6.6","95","","","","0"
"2022-01","Canada","2016A000011124","Losses and adjustments","Renewable fuels except fuel ethanol","Cubic metres","72","units","0","v1277885588","1.6.7","0","","","","0"
"2022-01","Canada","2016A000011124","Losses and adjustments","Renewable fuel plant co-products, total","Metric tonnes","214","units","0","v1277885594","1.6.8","673","","","","0"
"2022-01","Canada","2016A000011124","Losses and adjustments","Distillers grains, total","Metric tonnes","214","units","0","v1277885600","1.6.9","859","","","","0"
"2022-01","Canada","2016A000011124","Losses and adjustments","Renewable fuel plant co-products except distillers grains","Metric tonnes","214","units","0","v1277885558","1.6.10","-186","","","","0"
"2022-01","Canada","2016A000011124","Ending stocks","Renewable fuel plant feedstocks, total","Metric tonnes","214","units","0","v1277885553","1.7.1","114879","","","","0"
"2022-01","Canada","2016A000011124","Ending stocks","Cereal grains, total","Metric tonnes","214","units","0","v1277885564","1.7.2","113015","","","","0"
"2022-01","Canada","2016A000011124","Ending stocks","Vegetable oils, total","Metric tonnes","214","units","0","v1277885569","1.7.3","244","","","","0"
"2022-01","Canada","2016A000011124","Ending stocks","Other renewable fuel plant feedstocks, total","Metric tonnes","214","units","0","v1277885574","1.7.4","1620","","","","0"
"2022-01","Canada","2016A000011124","Ending stocks","Renewable fuels, total","Cubic metres","72","units","0","v1277885579","1.7.5","24772","","","","0"
"2022-01","Canada","2016A000011124","Ending stocks","Fuel ethanol","Cubic metres","72","units","0","v1277885584","1.7.6","21428","","","","0"
"2022-01","Canada","2016A000011124","Ending stocks","Renewable fuels except fuel ethanol","Cubic metres","72","units","0","v1277885589","1.7.7","3344","","","","0"
"2022-01","Canada","2016A000011124","Ending stocks","Renewable fuel plant co-products, total","Metric tonnes","214","units","0","v1277885595","1.7.8","14242","","","","0"
"2022-01","Canada","2016A000011124","Ending stocks","Distillers grains, total","Metric tonnes","214","units","0","v1277885601","1.7.9","10777","","","","0"
"2022-01","Canada","2016A000011124","Ending stocks","Renewable fuel plant co-products except distillers grains","Metric tonnes","214","units","0","v1277885559","1.7.10","3465","","","","0"
"2022-02","Canada","2016A000011124","Beginning stocks","Renewable fuel plant feedstocks, total","Metric tonnes","214","units","0","v1277885549","1.1.1","114879","","","","0"
"2022-02","Canada","2016A000011124","Beginning stocks","Cereal grains, total","Metric tonnes","214","units","0","v1277885560","1.1.2","113015","","","","0"
"2022-02","Canada","2016A000011124","Beginning stocks","Vegetable oils, total","Metric tonnes","214","units","0","v1277885565","1.1.3","244","","","","0"
"2022-02","Canada","2016A000011124","Beginning stocks","Other renewable fuel plant feedstocks, total","Metric tonnes","214","units","0","v1277885570","1.1.4","1620","","","","0"
"2022-02","Canada","2016A000011124","Beginning stocks","Renewable fuels, total","Cubic metres","72","units","0","v1277885575","1.1.5","24772","","","","0"
"2022-02","Canada","2016A000011124","Beginning stocks","Fuel ethanol","Cubic metres","72","units","0","v1277885580","1.1.6","21428","","","","0"
"2022-02","Canada","2016A000011124","Beginning stocks","Renewable fuels except fuel ethanol","Cubic metres","72","units","0","v1277885585","1.1.7","3344","","","","0"
"2022-02","Canada","2016A000011124","Beginning stocks","Renewable fuel plant co-products, total","Metric tonnes","214","units","0","v1277885590","1.1.8","14242","","","","0"
"2022-02","Canada","2016A000011124","Beginning stocks","Distillers grains, total","Metric tonnes","214","units","0","v1277885596","1.1.9","10777","","","","0"
"2022-02","Canada","2016A000011124","Beginning stocks","Renewable fuel plant co-products except distillers grains","Metric tonnes","214","units","0","v1277885554","1.1.10","3465","","","","0"
"2022-02","Canada","2016A000011124","Receipts","Renewable fuel plant feedstocks, total","Metric tonnes","214","units","0","v1277885550","1.2.1","326448","","","","0"
"2022-02","Canada","2016A000011124","Receipts","Cereal grains, total","Metric tonnes","214","units","0","v1277885561","1.2.2","305476","","","","0"
"2022-02","Canada","2016A000011124","Receipts","Vegetable oils, total","Metric tonnes","214","units","0","v1277885566","1.2.3","18562","","","","0"
"2022-02","Canada","2016A000011124","Receipts","Other renewable fuel plant feedstocks, total","Metric tonnes","214","units","0","v1277885571","1.2.4","2410","","","","0"
"2022-02","Canada","2016A000011124","Receipts","Renewable fuel plant co-products, total","Metric tonnes","214","units","0","v1277885591","1.2.8","","..","","","0"
"2022-02","Canada","2016A000011124","Receipts","Distillers grains, total","Metric tonnes","214","units","0","v1277885597","1.2.9","","..","","","0"
"2022-02","Canada","2016A000011124","Receipts","Renewable fuel plant co-products except distillers grains","Metric tonnes","214","units","0","v1277885555","1.2.10","","..","","","0"
"2022-02","Canada","2016A000011124","Inputs","Renewable fuel plant feedstocks, total","Metric tonnes","214","units","0","v1277885551","1.3.1","327256","","","","0"
"2022-02","Canada","2016A000011124","Inputs","Cereal grains, total","Metric tonnes","214","units","0","v1277885562","1.3.2","306133","","","","0"
"2022-02","Canada","2016A000011124","Inputs","Vegetable oils, total","Metric tonnes","214","units","0","v1277885567","1.3.3","18037","","","","0"
"2022-02","Canada","2016A000011124","Inputs","Other renewable fuel plant feedstocks, total","Metric tonnes","214","units","0","v1277885572","1.3.4","3086","","","","0"
"2022-02","Canada","2016A000011124","Production","Renewable fuels, total","Cubic metres","72","units","0","v1277885576","1.4.5","149830","","","","0"
"2022-02","Canada","2016A000011124","Production","Fuel ethanol","Cubic metres","72","units","0","v1277885581","1.4.6","128540","","","","0"
"2022-02","Canada","2016A000011124","Production","Renewable fuels except fuel ethanol","Cubic metres","72","units","0","v1277885586","1.4.7","21290","","","","0"
"2022-02","Canada","2016A000011124","Production","Renewable fuel plant co-products, total","Metric tonnes","214","units","0","v1277885592","1.4.8","105386","","","","0"
"2022-02","Canada","2016A000011124","Production","Distillers grains, total","Metric tonnes","214","units","0","v1277885598","1.4.9","96914","","","","0"
"2022-02","Canada","2016A000011124","Production","Renewable fuel plant co-products except distillers grains","Metric tonnes","214","units","0","v1277885556","1.4.10","8472","","","","0"
"2022-02","Canada","2016A000011124","Shipments","Renewable fuels, total","Cubic metres","72","units","0","v1277885577","1.5.5","142733","","","","0"
"2022-02","Canada","2016A000011124","Shipments","Fuel ethanol","Cubic metres","72","units","0","v1277885582","1.5.6","123699","","","","0"
"2022-02","Canada","2016A000011124","Shipments","Renewable fuels except fuel ethanol","Cubic metres","72","units","0","v1277885587","1.5.7","19034","","","","0"
"2022-02","Canada","2016A000011124","Shipments","Renewable fuel plant co-products, total","Metric tonnes","214","units","0","v1277885593","1.5.8","104753","","","","0"
"2022-02","Canada","2016A000011124","Shipments","Distillers grains, total","Metric tonnes","214","units","0","v1277885599","1.5.9","94633","","","","0"
"2022-02","Canada","2016A000011124","Shipments","Renewable fuel plant co-products except distillers grains","Metric tonnes","214","units","0","v1277885557","1.5.10","10120","","","","0"
"2022-02","Canada","2016A000011124","Losses and adjustments","Renewable fuel plant feedstocks, total","Metric tonnes","214","units","0","v1277885552","1.6.1","226","","","","0"
"2022-02","Canada","2016A000011124","Losses and adjustments","Cereal grains, total","Metric tonnes","214","units","0","v1277885563","1.6.2","184","","","","0"
"2022-02","Canada","2016A000011124","Losses and adjustments","Vegetable oils, total","Metric tonnes","214","units","0","v1277885568","1.6.3","0","","","","0"
"2022-02","Canada","2016A000011124","Losses and adjustments","Other renewable fuel plant feedstocks, total","Metric tonnes","214","units","0","v1277885573","1.6.4","42","","","","0"
"2022-02","Canada","2016A000011124","Losses and adjustments","Renewable fuels, total","Cubic metres","72","units","0","v1277885578","1.6.5","190","","","","0"
"2022-02","Canada","2016A000011124","Losses and adjustments","Fuel ethanol","Cubic metres","72","units","0","v1277885583","1.6.6","173","","","","0"
"2022-02","Canada","2016A000011124","Losses and adjustments","Renewable fuels except fuel ethanol","Cubic metres","72","units","0","v1277885588","1.6.7","17","","","","0"
"2022-02","Canada","2016A000011124","Losses and adjustments","Renewable fuel plant co-products, total","Metric tonnes","214","units","0","v1277885594","1.6.8","740","","","","0"
"2022-02","Canada","2016A000011124","Losses and adjustments","Distillers grains, total","Metric tonnes","214","units","0","v1277885600","1.6.9","874","","","","0"
"2022-02","Canada","2016A000011124","Losses and adjustments","Renewable fuel plant co-products except distillers grains","Metric tonnes","214","units","0","v1277885558","1.6.10","-134","","","","0"
"2022-02","Canada","2016A000011124","Ending stocks","Renewable fuel plant feedstocks, total","Metric tonnes","214","units","0","v1277885553","1.7.1","114033","","","","0"
"2022-02","Canada","2016A000011124","Ending stocks","Cereal grains, total","Metric tonnes","214","units","0","v1277885564","1.7.2","112174","","","","0"
"2022-02","Canada","2016A000011124","Ending stocks","Vegetable oils, total","Metric tonnes","214","units","0","v1277885569","1.7.3","769","","","","0"
"2022-02","Canada","2016A000011124","Ending stocks","Other renewable fuel plant feedstocks, total","Metric tonnes","214","units","0","v1277885574","1.7.4","1090","","","","0"
"2022-02","Canada","2016A000011124","Ending stocks","Renewable fuels, total","Cubic metres","72","units","0","v1277885579","1.7.5","31717","","","","0"
"2022-02","Canada","2016A000011124","Ending stocks","Fuel ethanol","Cubic metres","72","units","0","v1277885584","1.7.6","26134","","","","0"
"2022-02","Canada","2016A000011124","Ending stocks","Renewable fuels except fuel ethanol","Cubic metres","72","units","0","v1277885589","1.7.7","5583","","","","0"
"2022-02","Canada","2016A000011124","Ending stocks","Renewable fuel plant co-products, total","Metric tonnes","214","units","0","v1277885595","1.7.8","15286","","","","0"
"2022-02","Canada","2016A000011124","Ending stocks","Distillers grains, total","Metric tonnes","214","units","0","v1277885601","1.7.9","12184","","","","0"
"2022-02","Canada","2016A000011124","Ending stocks","Renewable fuel plant co-products except distillers grains","Metric tonnes","214","units","0","v1277885559","1.7.10","3102","","","","0"
"2022-03","Canada","2016A000011124","Beginning stocks","Renewable fuel plant feedstocks, total","Metric tonnes","214","units","0","v1277885549","1.1.1","114033","","","","0"
"2022-03","Canada","2016A000011124","Beginning stocks","Cereal grains, total","Metric tonnes","214","units","0","v1277885560","1.1.2","112174","","","","0"
"2022-03","Canada","2016A000011124","Beginning stocks","Vegetable oils, total","Metric tonnes","214","units","0","v1277885565","1.1.3","769","","","","0"
"2022-03","Canada","2016A000011124","Beginning stocks","Other renewable fuel plant feedstocks, total","Metric tonnes","214","units","0","v1277885570","1.1.4","1090","","","","0"
"2022-03","Canada","2016A000011124","Beginning stocks","Renewable fuels, total","Cubic metres","72","units","0","v1277885575","1.1.5","31717","","","","0"
"2022-03","Canada","2016A000011124","Beginning stocks","Fuel ethanol","Cubic metres","72","units","0","v1277885580","1.1.6","26134","","","","0"
"2022-03","Canada","2016A000011124","Beginning stocks","Renewable fuels except fuel ethanol","Cubic metres","72","units","0","v1277885585","1.1.7","5583","","","","0"
"2022-03","Canada","2016A000011124","Beginning stocks","Renewable fuel plant co-products, total","Metric tonnes","214","units","0","v1277885590","1.1.8","15286","","","","0"
"2022-03","Canada","2016A000011124","Beginning stocks","Distillers grains, total","Metric tonnes","214","units","0","v1277885596","1.1.9","12184","","","","0"
"2022-03","Canada","2016A000011124","Beginning stocks","Renewable fuel plant co-products except distillers grains","Metric tonnes","214","units","0","v1277885554","1.1.10","3102","","","","0"
"2022-03","Canada","2016A000011124","Receipts","Renewable fuel plant feedstocks, total","Metric tonnes","214","units","0","v1277885550","1.2.1","399226","","","","0"
"2022-03","Canada","2016A000011124","Receipts","Cereal grains, total","Metric tonnes","214","units","0","v1277885561","1.2.2","371786","","","","0"
"2022-03","Canada","2016A000011124","Receipts","Vegetable oils, total","Metric tonnes","214","units","0","v1277885566","1.2.3","23765","","","","0"
"2022-03","Canada","2016A000011124","Receipts","Other renewable fuel plant feedstocks, total","Metric tonnes","214","units","0","v1277885571","1.2.4","3675","","","","0"
"2022-03","Canada","2016A000011124","Receipts","Renewable fuel plant co-products, total","Metric tonnes","214","units","0","v1277885591","1.2.8","","..","","","0"
"2022-03","Canada","2016A000011124","Receipts","Distillers grains, total","Metric tonnes","214","units","0","v1277885597","1.2.9","","..","","","0"
"2022-03","Canada","2016A000011124","Receipts","Renewable fuel plant co-products except distillers grains","Metric tonnes","214","units","0","v1277885555","1.2.10","","..","","","0"
"2022-03","Canada","2016A000011124","Inputs","Renewable fuel plant feedstocks, total","Metric tonnes","214","units","0","v1277885551","1.3.1","380981","","","","0"
"2022-03","Canada","2016A000011124","Inputs","Cereal grains, total","Metric tonnes","214","units","0","v1277885562","1.3.2","354342","","","","0"
"2022-03","Canada","2016A000011124","Inputs","Vegetable oils, total","Metric tonnes","214","units","0","v1277885567","1.3.3","23614","","","","0"
"2022-03","Canada","2016A000011124","Inputs","Other renewable fuel plant feedstocks, total","Metric tonnes","214","units","0","v1277885572","1.3.4","3025","","","","0"
"2022-03","Canada","2016A000011124","Production","Renewable fuels, total","Cubic metres","72","units","0","v1277885576","1.4.5","174887","","","","0"
"2022-03","Canada","2016A000011124","Production","Fuel ethanol","Cubic metres","72","units","0","v1277885581","1.4.6","147011","","","","0"
"2022-03","Canada","2016A000011124","Production","Renewable fuels except fuel ethanol","Cubic metres","72","units","0","v1277885586","1.4.7","27876","","","","0"
"2022-03","Canada","2016A000011124","Production","Renewable fuel plant co-products, total","Metric tonnes","214","units","0","v1277885592","1.4.8","120392","","","","0"
"2022-03","Canada","2016A000011124","Production","Distillers grains, total","Metric tonnes","214","units","0","v1277885598","1.4.9","109810","","","","0"
"2022-03","Canada","2016A000011124","Production","Renewable fuel plant co-products except distillers grains","Metric tonnes","214","units","0","v1277885556","1.4.10","10582","","","","0"
"2022-03","Canada","2016A000011124","Shipments","Renewable fuels, total","Cubic metres","72","units","0","v1277885577","1.5.5","180351","","","","0"
"2022-03","Canada","2016A000011124","Shipments","Fuel ethanol","Cubic metres","72","units","0","v1277885582","1.5.6","150608","","","","0"
"2022-03","Canada","2016A000011124","Shipments","Renewable fuels except fuel ethanol","Cubic metres","72","units","0","v1277885587","1.5.7","29743","","","","0"
"2022-03","Canada","2016A000011124","Shipments","Renewable fuel plant co-products, total","Metric tonnes","214","units","0","v1277885593","1.5.8","122234","","","","0"
"2022-03","Canada","2016A000011124","Shipments","Distillers grains, total","Metric tonnes","214","units","0","v1277885599","1.5.9","109575","","","","0"
"2022-03","Canada","2016A000011124","Shipments","Renewable fuel plant co-products except distillers grains","Metric tonnes","214","units","0","v1277885557","1.5.10","12659","","","","0"
"2022-03","Canada","2016A000011124","Losses and adjustments","Renewable fuel plant feedstocks, total","Metric tonnes","214","units","0","v1277885552","1.6.1","31","","","","0"
"2022-03","Canada","2016A000011124","Losses and adjustments","Cereal grains, total","Metric tonnes","214","units","0","v1277885563","1.6.2","55","","","","0"
"2022-03","Canada","2016A000011124","Losses and adjustments","Vegetable oils, total","Metric tonnes","214","units","0","v1277885568","1.6.3","0","","","","0"
"2022-03","Canada","2016A000011124","Losses and adjustments","Other renewable fuel plant feedstocks, total","Metric tonnes","214","units","0","v1277885573","1.6.4","-24","","","","0"
"2022-03","Canada","2016A000011124","Losses and adjustments","Renewable fuels, total","Cubic metres","72","units","0","v1277885578","1.6.5","335","","","","0"
"2022-03","Canada","2016A000011124","Losses and adjustments","Fuel ethanol","Cubic metres","72","units","0","v1277885583","1.6.6","283","","","","0"
"2022-03","Canada","2016A000011124","Losses and adjustments","Renewable fuels except fuel ethanol","Cubic metres","72","units","0","v1277885588","1.6.7","52","","","","0"
"2022-03","Canada","2016A000011124","Losses and adjustments","Renewable fuel plant co-products, total","Metric tonnes","214","units","0","v1277885594","1.6.8","1728","","","","0"
"2022-03","Canada","2016A000011124","Losses and adjustments","Distillers grains, total","Metric tonnes","214","units","0","v1277885600","1.6.9","1932","","","","0"
"2022-03","Canada","2016A000011124","Losses and adjustments","Renewable fuel plant co-products except distillers grains","Metric tonnes","214","units","0","v1277885558","1.6.10","-204","","","","0"
"2022-03","Canada","2016A000011124","Ending stocks","Renewable fuel plant feedstocks, total","Metric tonnes","214","units","0","v1277885553","1.7.1","132410","","","","0"
"2022-03","Canada","2016A000011124","Ending stocks","Cereal grains, total","Metric tonnes","214","units","0","v1277885564","1.7.2","129563","","","","0"
"2022-03","Canada","2016A000011124","Ending stocks","Vegetable oils, total","Metric tonnes","214","units","0","v1277885569","1.7.3","920","","","","0"
"2022-03","Canada","2016A000011124","Ending stocks","Other renewable fuel plant feedstocks, total","Metric tonnes","214","units","0","v1277885574","1.7.4","1927","","","","0"
"2022-03","Canada","2016A000011124","Ending stocks","Renewable fuels, total","Cubic metres","72","units","0","v1277885579","1.7.5","26771","","","","0"
"2022-03","Canada","2016A000011124","Ending stocks","Fuel ethanol","Cubic metres","72","units","0","v1277885584","1.7.6","22292","","","","0"
"2022-03","Canada","2016A000011124","Ending stocks","Renewable fuels except fuel ethanol","Cubic metres","72","units","0","v1277885589","1.7.7","4479","","","","0"
"2022-03","Canada","2016A000011124","Ending stocks","Renewable fuel plant co-products, total","Metric tonnes","214","units","0","v1277885595","1.7.8","13428","","","","0"
"2022-03","Canada","2016A000011124","Ending stocks","Distillers grains, total","Metric tonnes","214","units","0","v1277885601","1.7.9","10487","","","","0"
"2022-03","Canada","2016A000011124","Ending stocks","Renewable fuel plant co-products except distillers grains","Metric tonnes","214","units","0","v1277885559","1.7.10","2941","","","","0"
"2022-04","Canada","2016A000011124","Beginning stocks","Renewable fuel plant feedstocks, total","Metric tonnes","214","units","0","v1277885549","1.1.1","132410","","","","0"
"2022-04","Canada","2016A000011124","Beginning stocks","Cereal grains, total","Metric tonnes","214","units","0","v1277885560","1.1.2","129563","","","","0"
"2022-04","Canada","2016A000011124","Beginning stocks","Vegetable oils, total","Metric tonnes","214","units","0","v1277885565","1.1.3","920","","","","0"
"2022-04","Canada","2016A000011124","Beginning stocks","Other renewable fuel plant feedstocks, total","Metric tonnes","214","units","0","v1277885570","1.1.4","1927","","","","0"
"2022-04","Canada","2016A000011124","Beginning stocks","Renewable fuels, total","Cubic metres","72","units","0","v1277885575","1.1.5","26771","","","","0"
"2022-04","Canada","2016A000011124","Beginning stocks","Fuel ethanol","Cubic metres","72","units","0","v1277885580","1.1.6","22292","","","","0"
"2022-04","Canada","2016A000011124","Beginning stocks","Renewable fuels except fuel ethanol","Cubic metres","72","units","0","v1277885585","1.1.7","4479","","","","0"
"2022-04","Canada","2016A000011124","Beginning stocks","Renewable fuel plant co-products, total","Metric tonnes","214","units","0","v1277885590","1.1.8","13444","","","","0"
"2022-04","Canada","2016A000011124","Beginning stocks","Distillers grains, total","Metric tonnes","214","units","0","v1277885596","1.1.9","10493","","","","0"
"2022-04","Canada","2016A000011124","Beginning stocks","Renewable fuel plant co-products except distillers grains","Metric tonnes","214","units","0","v1277885554","1.1.10","2951","","","","0"
"2022-04","Canada","2016A000011124","Receipts","Renewable fuel plant feedstocks, total","Metric tonnes","214","units","0","v1277885550","1.2.1","345631","","","","0"
"2022-04","Canada","2016A000011124","Receipts","Cereal grains, total","Metric tonnes","214","units","0","v1277885561","1.2.2","319851","","","","0"
"2022-04","Canada","2016A000011124","Receipts","Vegetable oils, total","Metric tonnes","214","units","0","v1277885566","1.2.3","22385","","","","0"
"2022-04","Canada","2016A000011124","Receipts","Other renewable fuel plant feedstocks, total","Metric tonnes","214","units","0","v1277885571","1.2.4","3395","","","","0"
"2022-04","Canada","2016A000011124","Receipts","Renewable fuel plant co-products, total","Metric tonnes","214","units","0","v1277885591","1.2.8","","..","","","0"
"2022-04","Canada","2016A000011124","Receipts","Distillers grains, total","Metric tonnes","214","units","0","v1277885597","1.2.9","","..","","","0"
"2022-04","Canada","2016A000011124","Receipts","Renewable fuel plant co-products except distillers grains","Metric tonnes","214","units","0","v1277885555","1.2.10","","..","","","0"
"2022-04","Canada","2016A000011124","Inputs","Renewable fuel plant feedstocks, total","Metric tonnes","214","units","0","v1277885551","1.3.1","345206","","","","0"
"2022-04","Canada","2016A000011124","Inputs","Cereal grains, total","Metric tonnes","214","units","0","v1277885562","1.3.2","318471","","","","0"
"2022-04","Canada","2016A000011124","Inputs","Vegetable oils, total","Metric tonnes","214","units","0","v1277885567","1.3.3","22418","","","","0"
"2022-04","Canada","2016A000011124","Inputs","Other renewable fuel plant feedstocks, total","Metric tonnes","214","units","0","v1277885572","1.3.4","4317","","","","0"
"2022-04","Canada","2016A000011124","Production","Renewable fuels, total","Cubic metres","72","units","0","v1277885576","1.4.5","161664","","","","0"
"2022-04","Canada","2016A000011124","Production","Fuel ethanol","Cubic metres","72","units","0","v1277885581","1.4.6","134215","","","","0"
"2022-04","Canada","2016A000011124","Production","Renewable fuels except fuel ethanol","Cubic metres","72","units","0","v1277885586","1.4.7","27449","","","","0"
"2022-04","Canada","2016A000011124","Production","Renewable fuel plant co-products, total","Metric tonnes","214","units","0","v1277885592","1.4.8","108451","","","","0"
"2022-04","Canada","2016A000011124","Production","Distillers grains, total","Metric tonnes","214","units","0","v1277885598","1.4.9","97426","","","","0"
"2022-04","Canada","2016A000011124","Production","Renewable fuel plant co-products except distillers grains","Metric tonnes","214","units","0","v1277885556","1.4.10","11025","","","","0"
"2022-04","Canada","2016A000011124","Shipments","Renewable fuels, total","Cubic metres","72","units","0","v1277885577","1.5.5","157071","","","","0"
"2022-04","Canada","2016A000011124","Shipments","Fuel ethanol","Cubic metres","72","units","0","v1277885582","1.5.6","128460","","","","0"
"2022-04","Canada","2016A000011124","Shipments","Renewable fuels except fuel ethanol","Cubic metres","72","units","0","v1277885587","1.5.7","28611","","","","0"
"2022-04","Canada","2016A000011124","Shipments","Renewable fuel plant co-products, total","Metric tonnes","214","units","0","v1277885593","1.5.8","109486","","","","0"
"2022-04","Canada","2016A000011124","Shipments","Distillers grains, total","Metric tonnes","214","units","0","v1277885599","1.5.9","96612","","","","0"
"2022-04","Canada","2016A000011124","Shipments","Renewable fuel plant co-products except distillers grains","Metric tonnes","214","units","0","v1277885557","1.5.10","12874","","","","0"
"2022-04","Canada","2016A000011124","Losses and adjustments","Renewable fuel plant feedstocks, total","Metric tonnes","214","units","0","v1277885552","1.6.1","936","","","","0"
"2022-04","Canada","2016A000011124","Losses and adjustments","Cereal grains, total","Metric tonnes","214","units","0","v1277885563","1.6.2","951","","","","0"
"2022-04","Canada","2016A000011124","Losses and adjustments","Vegetable oils, total","Metric tonnes","214","units","0","v1277885568","1.6.3","1","","","","0"
"2022-04","Canada","2016A000011124","Losses and adjustments","Other renewable fuel plant feedstocks, total","Metric tonnes","214","units","0","v1277885573","1.6.4","-16","","","","0"
"2022-04","Canada","2016A000011124","Losses and adjustments","Renewable fuels, total","Cubic metres","72","units","0","v1277885578","1.6.5","629","","","","0"
"2022-04","Canada","2016A000011124","Losses and adjustments","Fuel ethanol","Cubic metres","72","units","0","v1277885583","1.6.6","544","","","","0"
"2022-04","Canada","2016A000011124","Losses and adjustments","Renewable fuels except fuel ethanol","Cubic metres","72","units","0","v1277885588","1.6.7","85","","","","0"
"2022-04","Canada","2016A000011124","Losses and adjustments","Renewable fuel plant co-products, total","Metric tonnes","214","units","0","v1277885594","1.6.8","-56","","","","0"
"2022-04","Canada","2016A000011124","Losses and adjustments","Distillers grains, total","Metric tonnes","214","units","0","v1277885600","1.6.9","676","","","","0"
"2022-04","Canada","2016A000011124","Losses and adjustments","Renewable fuel plant co-products except distillers grains","Metric tonnes","214","units","0","v1277885558","1.6.10","-732","","","","0"
"2022-04","Canada","2016A000011124","Ending stocks","Renewable fuel plant feedstocks, total","Metric tonnes","214","units","0","v1277885553","1.7.1","132126","","","","0"
"2022-04","Canada","2016A000011124","Ending stocks","Cereal grains, total","Metric tonnes","214","units","0","v1277885564","1.7.2","129992","","","","0"
"2022-04","Canada","2016A000011124","Ending stocks","Vegetable oils, total","Metric tonnes","214","units","0","v1277885569","1.7.3","886","","","","0"
"2022-04","Canada","2016A000011124","Ending stocks","Other renewable fuel plant feedstocks, total","Metric tonnes","214","units","0","v1277885574","1.7.4","1248","","","","0"
"2022-04","Canada","2016A000011124","Ending stocks","Renewable fuels, total","Cubic metres","72","units","0","v1277885579","1.7.5","31498","","","","0"
"2022-04","Canada","2016A000011124","Ending stocks","Fuel ethanol","Cubic metres","72","units","0","v1277885584","1.7.6","27542","","","","0"
"2022-04","Canada","2016A000011124","Ending stocks","Renewable fuels except fuel ethanol","Cubic metres","72","units","0","v1277885589","1.7.7","3956","","","","0"
"2022-04","Canada","2016A000011124","Ending stocks","Renewable fuel plant co-products, total","Metric tonnes","214","units","0","v1277885595","1.7.8","14408","","","","0"
"2022-04","Canada","2016A000011124","Ending stocks","Distillers grains, total","Metric tonnes","214","units","0","v1277885601","1.7.9","10631","","","","0"
"2022-04","Canada","2016A000011124","Ending stocks","Renewable fuel plant co-products except distillers grains","Metric tonnes","214","units","0","v1277885559","1.7.10","3777","","","","0"
"2022-05","Canada","2016A000011124","Beginning stocks","Renewable fuel plant feedstocks, total","Metric tonnes","214","units","0","v1277885549","1.1.1","132126","","","","0"
"2022-05","Canada","2016A000011124","Beginning stocks","Cereal grains, total","Metric tonnes","214","units","0","v1277885560","1.1.2","129992","","","","0"
"2022-05","Canada","2016A000011124","Beginning stocks","Vegetable oils, total","Metric tonnes","214","units","0","v1277885565","1.1.3","886","","","","0"
"2022-05","Canada","2016A000011124","Beginning stocks","Other renewable fuel plant feedstocks, total","Metric tonnes","214","units","0","v1277885570","1.1.4","1248","","","","0"
"2022-05","Canada","2016A000011124","Beginning stocks","Renewable fuels, total","Cubic metres","72","units","0","v1277885575","1.1.5","31498","","","","0"
"2022-05","Canada","2016A000011124","Beginning stocks","Fuel ethanol","Cubic metres","72","units","0","v1277885580","1.1.6","27542","","","","0"
"2022-05","Canada","2016A000011124","Beginning stocks","Renewable fuels except fuel ethanol","Cubic metres","72","units","0","v1277885585","1.1.7","3956","","","","0"
"2022-05","Canada","2016A000011124","Beginning stocks","Renewable fuel plant co-products, total","Metric tonnes","214","units","0","v1277885590","1.1.8","14408","","","","0"
"2022-05","Canada","2016A000011124","Beginning stocks","Distillers grains, total","Metric tonnes","214","units","0","v1277885596","1.1.9","10631","","","","0"
"2022-05","Canada","2016A000011124","Beginning stocks","Renewable fuel plant co-products except distillers grains","Metric tonnes","214","units","0","v1277885554","1.1.10","3777","","","","0"
"2022-05","Canada","2016A000011124","Receipts","Renewable fuel plant feedstocks, total","Metric tonnes","214","units","0","v1277885550","1.2.1","371975","","","","0"
"2022-05","Canada","2016A000011124","Receipts","Cereal grains, total","Metric tonnes","214","units","0","v1277885561","1.2.2","346580","","","","0"
"2022-05","Canada","2016A000011124","Receipts","Vegetable oils, total","Metric tonnes","214","units","0","v1277885566","1.2.3","22962","","","","0"
"2022-05","Canada","2016A000011124","Receipts","Other renewable fuel plant feedstocks, total","Metric tonnes","214","units","0","v1277885571","1.2.4","2433","","","","0"
"2022-05","Canada","2016A000011124","Receipts","Renewable fuel plant co-products, total","Metric tonnes","214","units","0","v1277885591","1.2.8","","..","","","0"
"2022-05","Canada","2016A000011124","Receipts","Distillers grains, total","Metric tonnes","214","units","0","v1277885597","1.2.9","","..","","","0"
"2022-05","Canada","2016A000011124","Receipts","Renewable fuel plant co-products except distillers grains","Metric tonnes","214","units","0","v1277885555","1.2.10","","..","","","0"
"2022-05","Canada","2016A000011124","Inputs","Renewable fuel plant feedstocks, total","Metric tonnes","214","units","0","v1277885551","1.3.1","371798","","","","0"
"2022-05","Canada","2016A000011124","Inputs","Cereal grains, total","Metric tonnes","214","units","0","v1277885562","1.3.2","345483","","","","0"
"2022-05","Canada","2016A000011124","Inputs","Vegetable oils, total","Metric tonnes","214","units","0","v1277885567","1.3.3","23515","","","","0"
"2022-05","Canada","2016A000011124","Inputs","Other renewable fuel plant feedstocks, total","Metric tonnes","214","units","0","v1277885572","1.3.4","2800","","","","0"
"2022-05","Canada","2016A000011124","Production","Renewable fuels, total","Cubic metres","72","units","0","v1277885576","1.4.5","170845","","","","0"
"2022-05","Canada","2016A000011124","Production","Fuel ethanol","Cubic metres","72","units","0","v1277885581","1.4.6","143661","","","","0"
"2022-05","Canada","2016A000011124","Production","Renewable fuels except fuel ethanol","Cubic metres","72","units","0","v1277885586","1.4.7","27184","","","","0"
"2022-05","Canada","2016A000011124","Production","Renewable fuel plant co-products, total","Metric tonnes","214","units","0","v1277885592","1.4.8","117057","","","","0"
"2022-05","Canada","2016A000011124","Production","Distillers grains, total","Metric tonnes","214","units","0","v1277885598","1.4.9","106239","","","","0"
"2022-05","Canada","2016A000011124","Production","Renewable fuel plant co-products except distillers grains","Metric tonnes","214","units","0","v1277885556","1.4.10","10818","","","","0"
"2022-05","Canada","2016A000011124","Shipments","Renewable fuels, total","Cubic metres","72","units","0","v1277885577","1.5.5","175488","","","","0"
"2022-05","Canada","2016A000011124","Shipments","Fuel ethanol","Cubic metres","72","units","0","v1277885582","1.5.6","148041","","","","0"
"2022-05","Canada","2016A000011124","Shipments","Renewable fuels except fuel ethanol","Cubic metres","72","units","0","v1277885587","1.5.7","27447","","","","0"
"2022-05","Canada","2016A000011124","Shipments","Renewable fuel plant co-products, total","Metric tonnes","214","units","0","v1277885593","1.5.8","118372","","","","0"
"2022-05","Canada","2016A000011124","Shipments","Distillers grains, total","Metric tonnes","214","units","0","v1277885599","1.5.9","105422","","","","0"
"2022-05","Canada","2016A000011124","Shipments","Renewable fuel plant co-products except distillers grains","Metric tonnes","214","units","0","v1277885557","1.5.10","12950","","","","0"
"2022-05","Canada","2016A000011124","Losses and adjustments","Renewable fuel plant feedstocks, total","Metric tonnes","214","units","0","v1277885552","1.6.1","-113","","","","0"
"2022-05","Canada","2016A000011124","Losses and adjustments","Cereal grains, total","Metric tonnes","214","units","0","v1277885563","1.6.2","-216","","","","0"
"2022-05","Canada","2016A000011124","Losses and adjustments","Vegetable oils, total","Metric tonnes","214","units","0","v1277885568","1.6.3","100","","","","0"
"2022-05","Canada","2016A000011124","Losses and adjustments","Other renewable fuel plant feedstocks, total","Metric tonnes","214","units","0","v1277885573","1.6.4","3","","","","0"
"2022-05","Canada","2016A000011124","Losses and adjustments","Renewable fuels, total","Cubic metres","72","units","0","v1277885578","1.6.5","-178","","","","0"
"2022-05","Canada","2016A000011124","Losses and adjustments","Fuel ethanol","Cubic metres","72","units","0","v1277885583","1.6.6","-235","","","","0"
"2022-05","Canada","2016A000011124","Losses and adjustments","Renewable fuels except fuel ethanol","Cubic metres","72","units","0","v1277885588","1.6.7","57","","","","0"
"2022-05","Canada","2016A000011124","Losses and adjustments","Renewable fuel plant co-products, total","Metric tonnes","214","units","0","v1277885594","1.6.8","168","","","","0"
"2022-05","Canada","2016A000011124","Losses and adjustments","Distillers grains, total","Metric tonnes","214","units","0","v1277885600","1.6.9","516","","","","0"
"2022-05","Canada","2016A000011124","Losses and adjustments","Renewable fuel plant co-products except distillers grains","Metric tonnes","214","units","0","v1277885558","1.6.10","-348","","","","0"
"2022-05","Canada","2016A000011124","Ending stocks","Renewable fuel plant feedstocks, total","Metric tonnes","214","units","0","v1277885553","1.7.1","132669","","","","0"
"2022-05","Canada","2016A000011124","Ending stocks","Cereal grains, total","Metric tonnes","214","units","0","v1277885564","1.7.2","131305","","","","0"
"2022-05","Canada","2016A000011124","Ending stocks","Vegetable oils, total","Metric tonnes","214","units","0","v1277885569","1.7.3","233","","","","0"
"2022-05","Canada","2016A000011124","Ending stocks","Other renewable fuel plant feedstocks, total","Metric tonnes","214","units","0","v1277885574","1.7.4","1131","","","","0"
"2022-05","Canada","2016A000011124","Ending stocks","Renewable fuels, total","Cubic metres","72","units","0","v1277885579","1.7.5","28037","","","","0"
"2022-05","Canada","2016A000011124","Ending stocks","Fuel ethanol","Cubic metres","72","units","0","v1277885584","1.7.6","23477","","","","0"
"2022-05","Canada","2016A000011124","Ending stocks","Renewable fuels except fuel ethanol","Cubic metres","72","units","0","v1277885589","1.7.7","4560","","","","0"
"2022-05","Canada","2016A000011124","Ending stocks","Renewable fuel plant co-products, total","Metric tonnes","214","units","0","v1277885595","1.7.8","14922","","","","0"
"2022-05","Canada","2016A000011124","Ending stocks","Distillers grains, total","Metric tonnes","214","units","0","v1277885601","1.7.9","10932","","","","0"
"2022-05","Canada","2016A000011124","Ending stocks","Renewable fuel plant co-products except distillers grains","Metric tonnes","214","units","0","v1277885559","1.7.10","3990","","","","0"
"2022-06","Canada","2016A000011124","Beginning stocks","Renewable fuel plant feedstocks, total","Metric tonnes","214","units","0","v1277885549","1.1.1","132669","","","","0"
"2022-06","Canada","2016A000011124","Beginning stocks","Cereal grains, total","Metric tonnes","214","units","0","v1277885560","1.1.2","131305","","","","0"
"2022-06","Canada","2016A000011124","Beginning stocks","Vegetable oils, total","Metric tonnes","214","units","0","v1277885565","1.1.3","233","","","","0"
"2022-06","Canada","2016A000011124","Beginning stocks","Other renewable fuel plant feedstocks, total","Metric tonnes","214","units","0","v1277885570","1.1.4","1131","","","","0"
"2022-06","Canada","2016A000011124","Beginning stocks","Renewable fuels, total","Cubic metres","72","units","0","v1277885575","1.1.5","28037","","","","0"
"2022-06","Canada","2016A000011124","Beginning stocks","Fuel ethanol","Cubic metres","72","units","0","v1277885580","1.1.6","23477","","","","0"
"2022-06","Canada","2016A000011124","Beginning stocks","Renewable fuels except fuel ethanol","Cubic metres","72","units","0","v1277885585","1.1.7","4560","","","","0"
"2022-06","Canada","2016A000011124","Beginning stocks","Renewable fuel plant co-products, total","Metric tonnes","214","units","0","v1277885590","1.1.8","14922","","","","0"
"2022-06","Canada","2016A000011124","Beginning stocks","Distillers grains, total","Metric tonnes","214","units","0","v1277885596","1.1.9","10932","","","","0"
"2022-06","Canada","2016A000011124","Beginning stocks","Renewable fuel plant co-products except distillers grains","Metric tonnes","214","units","0","v1277885554","1.1.10","3990","","","","0"
"2022-06","Canada","2016A000011124","Receipts","Renewable fuel plant feedstocks, total","Metric tonnes","214","units","0","v1277885550","1.2.1","374445","","","","0"
"2022-06","Canada","2016A000011124","Receipts","Cereal grains, total","Metric tonnes","214","units","0","v1277885561","1.2.2","347139","","","","0"
"2022-06","Canada","2016A000011124","Receipts","Vegetable oils, total","Metric tonnes","214","units","0","v1277885566","1.2.3","24584","","","","0"
"2022-06","Canada","2016A000011124","Receipts","Other renewable fuel plant feedstocks, total","Metric tonnes","214","units","0","v1277885571","1.2.4","2722","","","","0"
"2022-06","Canada","2016A000011124","Receipts","Renewable fuel plant co-products, total","Metric tonnes","214","units","0","v1277885591","1.2.8","","..","","","0"
"2022-06","Canada","2016A000011124","Receipts","Distillers grains, total","Metric tonnes","214","units","0","v1277885597","1.2.9","","..","","","0"
"2022-06","Canada","2016A000011124","Receipts","Renewable fuel plant co-products except distillers grains","Metric tonnes","214","units","0","v1277885555","1.2.10","","..","","","0"
"2022-06","Canada","2016A000011124","Inputs","Renewable fuel plant feedstocks, total","Metric tonnes","214","units","0","v1277885551","1.3.1","360595","","","","0"
"2022-06","Canada","2016A000011124","Inputs","Cereal grains, total","Metric tonnes","214","units","0","v1277885562","1.3.2","332897","","","","0"
"2022-06","Canada","2016A000011124","Inputs","Vegetable oils, total","Metric tonnes","214","units","0","v1277885567","1.3.3","24636","","","","0"
"2022-06","Canada","2016A000011124","Inputs","Other renewable fuel plant feedstocks, total","Metric tonnes","214","units","0","v1277885572","1.3.4","3062","","","","0"
"2022-06","Canada","2016A000011124","Production","Renewable fuels, total","Cubic metres","72","units","0","v1277885576","1.4.5","166163","","","","0"
"2022-06","Canada","2016A000011124","Production","Fuel ethanol","Cubic metres","72","units","0","v1277885581","1.4.6","138122","","","","0"
"2022-06","Canada","2016A000011124","Production","Renewable fuels except fuel ethanol","Cubic metres","72","units","0","v1277885586","1.4.7","28041","","","","0"
"2022-06","Canada","2016A000011124","Production","Renewable fuel plant co-products, total","Metric tonnes","214","units","0","v1277885592","1.4.8","112562","","","","0"
"2022-06","Canada","2016A000011124","Production","Distillers grains, total","Metric tonnes","214","units","0","v1277885598","1.4.9","102213","","","","0"
"2022-06","Canada","2016A000011124","Production","Renewable fuel plant co-products except distillers grains","Metric tonnes","214","units","0","v1277885556","1.4.10","10349","","","","0"
"2022-06","Canada","2016A000011124","Shipments","Renewable fuels, total","Cubic metres","72","units","0","v1277885577","1.5.5","173920","","","","0"
"2022-06","Canada","2016A000011124","Shipments","Fuel ethanol","Cubic metres","72","units","0","v1277885582","1.5.6","144292","","","","0"
"2022-06","Canada","2016A000011124","Shipments","Renewable fuels except fuel ethanol","Cubic metres","72","units","0","v1277885587","1.5.7","29628","","","","0"
"2022-06","Canada","2016A000011124","Shipments","Renewable fuel plant co-products, total","Metric tonnes","214","units","0","v1277885593","1.5.8","117017","","","","0"
"2022-06","Canada","2016A000011124","Shipments","Distillers grains, total","Metric tonnes","214","units","0","v1277885599","1.5.9","104138","","","","0"
"2022-06","Canada","2016A000011124","Shipments","Renewable fuel plant co-products except distillers grains","Metric tonnes","214","units","0","v1277885557","1.5.10","12879","","","","0"
"2022-06","Canada","2016A000011124","Losses and adjustments","Renewable fuel plant feedstocks, total","Metric tonnes","214","units","0","v1277885552","1.6.1","-514","","","","0"
"2022-06","Canada","2016A000011124","Losses and adjustments","Cereal grains, total","Metric tonnes","214","units","0","v1277885563","1.6.2","-513","","","","0"
"2022-06","Canada","2016A000011124","Losses and adjustments","Vegetable oils, total","Metric tonnes","214","units","0","v1277885568","1.6.3","0","","","","0"
"2022-06","Canada","2016A000011124","Losses and adjustments","Other renewable fuel plant feedstocks, total","Metric tonnes","214","units","0","v1277885573","1.6.4","-1","","","","0"
"2022-06","Canada","2016A000011124","Losses and adjustments","Renewable fuels, total","Cubic metres","72","units","0","v1277885578","1.6.5","454","","","","0"
"2022-06","Canada","2016A000011124","Losses and adjustments","Fuel ethanol","Cubic metres","72","units","0","v1277885583","1.6.6","404","","","","0"
"2022-06","Canada","2016A000011124","Losses and adjustments","Renewable fuels except fuel ethanol","Cubic metres","72","units","0","v1277885588","1.6.7","50","","","","0"
"2022-06","Canada","2016A000011124","Losses and adjustments","Renewable fuel plant co-products, total","Metric tonnes","214","units","0","v1277885594","1.6.8","496","","","","0"
"2022-06","Canada","2016A000011124","Losses and adjustments","Distillers grains, total","Metric tonnes","214","units","0","v1277885600","1.6.9","905","","","","0"
"2022-06","Canada","2016A000011124","Losses and adjustments","Renewable fuel plant co-products except distillers grains","Metric tonnes","214","units","0","v1277885558","1.6.10","-409","","","","0"
"2022-06","Canada","2016A000011124","Ending stocks","Renewable fuel plant feedstocks, total","Metric tonnes","214","units","0","v1277885553","1.7.1","147301","","","","0"
"2022-06","Canada","2016A000011124","Ending stocks","Cereal grains, total","Metric tonnes","214","units","0","v1277885564","1.7.2","146060","","","","0"
"2022-06","Canada","2016A000011124","Ending stocks","Vegetable oils, total","Metric tonnes","214","units","0","v1277885569","1.7.3","181","","","","0"
"2022-06","Canada","2016A000011124","Ending stocks","Other renewable fuel plant feedstocks, total","Metric tonnes","214","units","0","v1277885574","1.7.4","1060","","","","0"
"2022-06","Canada","2016A000011124","Ending stocks","Renewable fuels, total","Cubic metres","72","units","0","v1277885579","1.7.5","21279","","","","0"
"2022-06","Canada","2016A000011124","Ending stocks","Fuel ethanol","Cubic metres","72","units","0","v1277885584","1.7.6","16938","","","","0"
"2022-06","Canada","2016A000011124","Ending stocks","Renewable fuels except fuel ethanol","Cubic metres","72","units","0","v1277885589","1.7.7","4341","","","","0"
"2022-06","Canada","2016A000011124","Ending stocks","Renewable fuel plant co-products, total","Metric tonnes","214","units","0","v1277885595","1.7.8","11777","","","","0"
"2022-06","Canada","2016A000011124","Ending stocks","Distillers grains, total","Metric tonnes","214","units","0","v1277885601","1.7.9","8102","","","","0"
"2022-06","Canada","2016A000011124","Ending stocks","Renewable fuel plant co-products except distillers grains","Metric tonnes","214","units","0","v1277885559","1.7.10","3675","","","","0"
"2022-07","Canada","2016A000011124","Beginning stocks","Renewable fuel plant feedstocks, total","Metric tonnes","214","units","0","v1277885549","1.1.1","147338","","","","0"
"2022-07","Canada","2016A000011124","Beginning stocks","Cereal grains, total","Metric tonnes","214","units","0","v1277885560","1.1.2","146097","","","","0"
"2022-07","Canada","2016A000011124","Beginning stocks","Vegetable oils, total","Metric tonnes","214","units","0","v1277885565","1.1.3","181","","","","0"
"2022-07","Canada","2016A000011124","Beginning stocks","Other renewable fuel plant feedstocks, total","Metric tonnes","214","units","0","v1277885570","1.1.4","1060","","","","0"
"2022-07","Canada","2016A000011124","Beginning stocks","Renewable fuels, total","Cubic metres","72","units","0","v1277885575","1.1.5","21285","","","","0"
"2022-07","Canada","2016A000011124","Beginning stocks","Fuel ethanol","Cubic metres","72","units","0","v1277885580","1.1.6","16938","","","","0"
"2022-07","Canada","2016A000011124","Beginning stocks","Renewable fuels except fuel ethanol","Cubic metres","72","units","0","v1277885585","1.1.7","4347","","","","0"
"2022-07","Canada","2016A000011124","Beginning stocks","Renewable fuel plant co-products, total","Metric tonnes","214","units","0","v1277885590","1.1.8","11777","","","","0"
"2022-07","Canada","2016A000011124","Beginning stocks","Distillers grains, total","Metric tonnes","214","units","0","v1277885596","1.1.9","8102","","","","0"
"2022-07","Canada","2016A000011124","Beginning stocks","Renewable fuel plant co-products except distillers grains","Metric tonnes","214","units","0","v1277885554","1.1.10","3675","","","","0"
"2022-07","Canada","2016A000011124","Receipts","Renewable fuel plant feedstocks, total","Metric tonnes","214","units","0","v1277885550","1.2.1","353847","","","","0"
"2022-07","Canada","2016A000011124","Receipts","Cereal grains, total","Metric tonnes","214","units","0","v1277885561","1.2.2","327430","","","","0"
"2022-07","Canada","2016A000011124","Receipts","Vegetable oils, total","Metric tonnes","214","units","0","v1277885566","1.2.3","23788","","","","0"
"2022-07","Canada","2016A000011124","Receipts","Other renewable fuel plant feedstocks, total","Metric tonnes","214","units","0","v1277885571","1.2.4","2629","","","","0"
"2022-07","Canada","2016A000011124","Receipts","Renewable fuel plant co-products, total","Metric tonnes","214","units","0","v1277885591","1.2.8","","..","","","0"
"2022-07","Canada","2016A000011124","Receipts","Distillers grains, total","Metric tonnes","214","units","0","v1277885597","1.2.9","","..","","","0"
"2022-07","Canada","2016A000011124","Receipts","Renewable fuel plant co-products except distillers grains","Metric tonnes","214","units","0","v1277885555","1.2.10","","..","","","0"
"2022-07","Canada","2016A000011124","Inputs","Renewable fuel plant feedstocks, total","Metric tonnes","214","units","0","v1277885551","1.3.1","384534","","","","0"
"2022-07","Canada","2016A000011124","Inputs","Cereal grains, total","Metric tonnes","214","units","0","v1277885562","1.3.2","357801","","","","0"
"2022-07","Canada","2016A000011124","Inputs","Vegetable oils, total","Metric tonnes","214","units","0","v1277885567","1.3.3","23772","","","","0"
"2022-07","Canada","2016A000011124","Inputs","Other renewable fuel plant feedstocks, total","Metric tonnes","214","units","0","v1277885572","1.3.4","2961","","","","0"
"2022-07","Canada","2016A000011124","Production","Renewable fuels, total","Cubic metres","72","units","0","v1277885576","1.4.5","175691","","","","0"
"2022-07","Canada","2016A000011124","Production","Fuel ethanol","Cubic metres","72","units","0","v1277885581","1.4.6","148829","","","","0"
"2022-07","Canada","2016A000011124","Production","Renewable fuels except fuel ethanol","Cubic metres","72","units","0","v1277885586","1.4.7","26862","","","","0"
"2022-07","Canada","2016A000011124","Production","Renewable fuel plant co-products, total","Metric tonnes","214","units","0","v1277885592","1.4.8","123515","","","","0"
"2022-07","Canada","2016A000011124","Production","Distillers grains, total","Metric tonnes","214","units","0","v1277885598","1.4.9","112755","","","","0"
"2022-07","Canada","2016A000011124","Production","Renewable fuel plant co-products except distillers grains","Metric tonnes","214","units","0","v1277885556","1.4.10","10760","","","","0"
"2022-07","Canada","2016A000011124","Shipments","Renewable fuels, total","Cubic metres","72","units","0","v1277885577","1.5.5","173801","","","","0"
"2022-07","Canada","2016A000011124","Shipments","Fuel ethanol","Cubic metres","72","units","0","v1277885582","1.5.6","143624","","","","0"
"2022-07","Canada","2016A000011124","Shipments","Renewable fuels except fuel ethanol","Cubic metres","72","units","0","v1277885587","1.5.7","30177","","","","0"
"2022-07","Canada","2016A000011124","Shipments","Renewable fuel plant co-products, total","Metric tonnes","214","units","0","v1277885593","1.5.8","117114","","","","0"
"2022-07","Canada","2016A000011124","Shipments","Distillers grains, total","Metric tonnes","214","units","0","v1277885599","1.5.9","104984","","","","0"
"2022-07","Canada","2016A000011124","Shipments","Renewable fuel plant co-products except distillers grains","Metric tonnes","214","units","0","v1277885557","1.5.10","12130","","","","0"
"2022-07","Canada","2016A000011124","Losses and adjustments","Renewable fuel plant feedstocks, total","Metric tonnes","214","units","0","v1277885552","1.6.1","178","","","","0"
"2022-07","Canada","2016A000011124","Losses and adjustments","Cereal grains, total","Metric tonnes","214","units","0","v1277885563","1.6.2","215","","","","0"
"2022-07","Canada","2016A000011124","Losses and adjustments","Vegetable oils, total","Metric tonnes","214","units","0","v1277885568","1.6.3","-35","","","","0"
"2022-07","Canada","2016A000011124","Losses and adjustments","Other renewable fuel plant feedstocks, total","Metric tonnes","214","units","0","v1277885573","1.6.4","-2","","","","0"
"2022-07","Canada","2016A000011124","Losses and adjustments","Renewable fuels, total","Cubic metres","72","units","0","v1277885578","1.6.5","587","","","","0"
"2022-07","Canada","2016A000011124","Losses and adjustments","Fuel ethanol","Cubic metres","72","units","0","v1277885583","1.6.6","589","","","","0"
"2022-07","Canada","2016A000011124","Losses and adjustments","Renewable fuels except fuel ethanol","Cubic metres","72","units","0","v1277885588","1.6.7","-2","","","","0"
"2022-07","Canada","2016A000011124","Losses and adjustments","Renewable fuel plant co-products, total","Metric tonnes","214","units","0","v1277885594","1.6.8","552","","","","0"
"2022-07","Canada","2016A000011124","Losses and adjustments","Distillers grains, total","Metric tonnes","214","units","0","v1277885600","1.6.9","892","","","","0"
"2022-07","Canada","2016A000011124","Losses and adjustments","Renewable fuel plant co-products except distillers grains","Metric tonnes","214","units","0","v1277885558","1.6.10","-340","","","","0"
"2022-07","Canada","2016A000011124","Ending stocks","Renewable fuel plant feedstocks, total","Metric tonnes","214","units","0","v1277885553","1.7.1","116702","","","","0"
"2022-07","Canada","2016A000011124","Ending stocks","Cereal grains, total","Metric tonnes","214","units","0","v1277885564","1.7.2","115511","","","","0"
"2022-07","Canada","2016A000011124","Ending stocks","Vegetable oils, total","Metric tonnes","214","units","0","v1277885569","1.7.3","232","","","","0"
"2022-07","Canada","2016A000011124","Ending stocks","Other renewable fuel plant feedstocks, total","Metric tonnes","214","units","0","v1277885574","1.7.4","959","","","","0"
"2022-07","Canada","2016A000011124","Ending stocks","Renewable fuels, total","Cubic metres","72","units","0","v1277885579","1.7.5","25177","","","","0"
"2022-07","Canada","2016A000011124","Ending stocks","Fuel ethanol","Cubic metres","72","units","0","v1277885584","1.7.6","21586","","","","0"
"2022-07","Canada","2016A000011124","Ending stocks","Renewable fuels except fuel ethanol","Cubic metres","72","units","0","v1277885589","1.7.7","3591","","","","0"
"2022-07","Canada","2016A000011124","Ending stocks","Renewable fuel plant co-products, total","Metric tonnes","214","units","0","v1277885595","1.7.8","18921","","","","0"
"2022-07","Canada","2016A000011124","Ending stocks","Distillers grains, total","Metric tonnes","214","units","0","v1277885601","1.7.9","14981","","","","0"
"2022-07","Canada","2016A000011124","Ending stocks","Renewable fuel plant co-products except distillers grains","Metric tonnes","214","units","0","v1277885559","1.7.10","3940","","","","0"
"2022-08","Canada","2016A000011124","Beginning stocks","Renewable fuel plant feedstocks, total","Metric tonnes","214","units","0","v1277885549","1.1.1","116668","","","","0"
"2022-08","Canada","2016A000011124","Beginning stocks","Cereal grains, total","Metric tonnes","214","units","0","v1277885560","1.1.2","115511","","","","0"
"2022-08","Canada","2016A000011124","Beginning stocks","Vegetable oils, total","Metric tonnes","214","units","0","v1277885565","1.1.3","198","","","","0"
"2022-08","Canada","2016A000011124","Beginning stocks","Other renewable fuel plant feedstocks, total","Metric tonnes","214","units","0","v1277885570","1.1.4","959","","","","0"
"2022-08","Canada","2016A000011124","Beginning stocks","Renewable fuels, total","Cubic metres","72","units","0","v1277885575","1.1.5","25177","","","","0"
"2022-08","Canada","2016A000011124","Beginning stocks","Fuel ethanol","Cubic metres","72","units","0","v1277885580","1.1.6","21586","","","","0"
"2022-08","Canada","2016A000011124","Beginning stocks","Renewable fuels except fuel ethanol","Cubic metres","72","units","0","v1277885585","1.1.7","3591","","","","0"
"2022-08","Canada","2016A000011124","Beginning stocks","Renewable fuel plant co-products, total","Metric tonnes","214","units","0","v1277885590","1.1.8","18921","","","","0"
"2022-08","Canada","2016A000011124","Beginning stocks","Distillers grains, total","Metric tonnes","214","units","0","v1277885596","1.1.9","14981","","","","0"
"2022-08","Canada","2016A000011124","Beginning stocks","Renewable fuel plant co-products except distillers grains","Metric tonnes","214","units","0","v1277885554","1.1.10","3940","","","","0"
"2022-08","Canada","2016A000011124","Receipts","Renewable fuel plant feedstocks, total","Metric tonnes","214","units","0","v1277885550","1.2.1","378529","","","","0"
"2022-08","Canada","2016A000011124","Receipts","Cereal grains, total","Metric tonnes","214","units","0","v1277885561","1.2.2","351899","","","","0"
"2022-08","Canada","2016A000011124","Receipts","Vegetable oils, total","Metric tonnes","214","units","0","v1277885566","1.2.3","23682","","","","0"
"2022-08","Canada","2016A000011124","Receipts","Other renewable fuel plant feedstocks, total","Metric tonnes","214","units","0","v1277885571","1.2.4","2948","","","","0"
"2022-08","Canada","2016A000011124","Receipts","Renewable fuel plant co-products, total","Metric tonnes","214","units","0","v1277885591","1.2.8","","..","","","0"
"2022-08","Canada","2016A000011124","Receipts","Distillers grains, total","Metric tonnes","214","units","0","v1277885597","1.2.9","","..","","","0"
"2022-08","Canada","2016A000011124","Receipts","Renewable fuel plant co-products except distillers grains","Metric tonnes","214","units","0","v1277885555","1.2.10","","..","","","0"
"2022-08","Canada","2016A000011124","Inputs","Renewable fuel plant feedstocks, total","Metric tonnes","214","units","0","v1277885551","1.3.1","381982","","","","0"
"2022-08","Canada","2016A000011124","Inputs","Cereal grains, total","Metric tonnes","214","units","0","v1277885562","1.3.2","356357","","","","0"
"2022-08","Canada","2016A000011124","Inputs","Vegetable oils, total","Metric tonnes","214","units","0","v1277885567","1.3.3","22812","","","","0"
"2022-08","Canada","2016A000011124","Inputs","Other renewable fuel plant feedstocks, total","Metric tonnes","214","units","0","v1277885572","1.3.4","2813","","","","0"
"2022-08","Canada","2016A000011124","Production","Renewable fuels, total","Cubic metres","72","units","0","v1277885576","1.4.5","175345","","","","0"
"2022-08","Canada","2016A000011124","Production","Fuel ethanol","Cubic metres","72","units","0","v1277885581","1.4.6","147066","","","","0"
"2022-08","Canada","2016A000011124","Production","Renewable fuels except fuel ethanol","Cubic metres","72","units","0","v1277885586","1.4.7","28279","","","","0"
"2022-08","Canada","2016A000011124","Production","Renewable fuel plant co-products, total","Metric tonnes","214","units","0","v1277885592","1.4.8","121266","","","","0"
"2022-08","Canada","2016A000011124","Production","Distillers grains, total","Metric tonnes","214","units","0","v1277885598","1.4.9","110254","","","","0"
"2022-08","Canada","2016A000011124","Production","Renewable fuel plant co-products except distillers grains","Metric tonnes","214","units","0","v1277885556","1.4.10","11012","","","","0"
"2022-08","Canada","2016A000011124","Shipments","Renewable fuels, total","Cubic metres","72","units","0","v1277885577","1.5.5","181175","","","","0"
"2022-08","Canada","2016A000011124","Shipments","Fuel ethanol","Cubic metres","72","units","0","v1277885582","1.5.6","148329","","","","0"
"2022-08","Canada","2016A000011124","Shipments","Renewable fuels except fuel ethanol","Cubic metres","72","units","0","v1277885587","1.5.7","32846","","","","0"
"2022-08","Canada","2016A000011124","Shipments","Renewable fuel plant co-products, total","Metric tonnes","214","units","0","v1277885593","1.5.8","123931","","","","0"
"2022-08","Canada","2016A000011124","Shipments","Distillers grains, total","Metric tonnes","214","units","0","v1277885599","1.5.9","112228","","","","0"
"2022-08","Canada","2016A000011124","Shipments","Renewable fuel plant co-products except distillers grains","Metric tonnes","214","units","0","v1277885557","1.5.10","11703","","","","0"
"2022-08","Canada","2016A000011124","Losses and adjustments","Renewable fuel plant feedstocks, total","Metric tonnes","214","units","0","v1277885552","1.6.1","-116","","","","0"
"2022-08","Canada","2016A000011124","Losses and adjustments","Cereal grains, total","Metric tonnes","214","units","0","v1277885563","1.6.2","-114","","","","0"
"2022-08","Canada","2016A000011124","Losses and adjustments","Vegetable oils, total","Metric tonnes","214","units","0","v1277885568","1.6.3","6","","","","0"
"2022-08","Canada","2016A000011124","Losses and adjustments","Other renewable fuel plant feedstocks, total","Metric tonnes","214","units","0","v1277885573","1.6.4","-8","","","","0"
"2022-08","Canada","2016A000011124","Losses and adjustments","Renewable fuels, total","Cubic metres","72","units","0","v1277885578","1.6.5","212","","","","0"
"2022-08","Canada","2016A000011124","Losses and adjustments","Fuel ethanol","Cubic metres","72","units","0","v1277885583","1.6.6","72","","","","0"
"2022-08","Canada","2016A000011124","Losses and adjustments","Renewable fuels except fuel ethanol","Cubic metres","72","units","0","v1277885588","1.6.7","140","","","","0"
"2022-08","Canada","2016A000011124","Losses and adjustments","Renewable fuel plant co-products, total","Metric tonnes","214","units","0","v1277885594","1.6.8","499","","","","0"
"2022-08","Canada","2016A000011124","Losses and adjustments","Distillers grains, total","Metric tonnes","214","units","0","v1277885600","1.6.9","782","","","","0"
"2022-08","Canada","2016A000011124","Losses and adjustments","Renewable fuel plant co-products except distillers grains","Metric tonnes","214","units","0","v1277885558","1.6.10","-283","","","","0"
"2022-08","Canada","2016A000011124","Ending stocks","Renewable fuel plant feedstocks, total","Metric tonnes","214","units","0","v1277885553","1.7.1","113471","","","","0"
"2022-08","Canada","2016A000011124","Ending stocks","Cereal grains, total","Metric tonnes","214","units","0","v1277885564","1.7.2","111167","","","","0"
"2022-08","Canada","2016A000011124","Ending stocks","Vegetable oils, total","Metric tonnes","214","units","0","v1277885569","1.7.3","1062","","","","0"
"2022-08","Canada","2016A000011124","Ending stocks","Other renewable fuel plant feedstocks, total","Metric tonnes","214","units","0","v1277885574","1.7.4","1242","","","","0"
"2022-08","Canada","2016A000011124","Ending stocks","Renewable fuels, total","Cubic metres","72","units","0","v1277885579","1.7.5","22234","","","","0"
"2022-08","Canada","2016A000011124","Ending stocks","Fuel ethanol","Cubic metres","72","units","0","v1277885584","1.7.6","20287","","","","0"
"2022-08","Canada","2016A000011124","Ending stocks","Renewable fuels except fuel ethanol","Cubic metres","72","units","0","v1277885589","1.7.7","1947","","","","0"
"2022-08","Canada","2016A000011124","Ending stocks","Renewable fuel plant co-products, total","Metric tonnes","214","units","0","v1277885595","1.7.8","17448","","","","0"
"2022-08","Canada","2016A000011124","Ending stocks","Distillers grains, total","Metric tonnes","214","units","0","v1277885601","1.7.9","12225","","","","0"
"2022-08","Canada","2016A000011124","Ending stocks","Renewable fuel plant co-products except distillers grains","Metric tonnes","214","units","0","v1277885559","1.7.10","5223","","","","0"
"2022-09","Canada","2016A000011124","Beginning stocks","Renewable fuel plant feedstocks, total","Metric tonnes","214","units","0","v1277885549","1.1.1","113471","","","","0"
"2022-09","Canada","2016A000011124","Beginning stocks","Cereal grains, total","Metric tonnes","214","units","0","v1277885560","1.1.2","111167","","","","0"
"2022-09","Canada","2016A000011124","Beginning stocks","Vegetable oils, total","Metric tonnes","214","units","0","v1277885565","1.1.3","1062","","","","0"
"2022-09","Canada","2016A000011124","Beginning stocks","Other renewable fuel plant feedstocks, total","Metric tonnes","214","units","0","v1277885570","1.1.4","1242","","","","0"
"2022-09","Canada","2016A000011124","Beginning stocks","Renewable fuels, total","Cubic metres","72","units","0","v1277885575","1.1.5","22131","","","","0"
"2022-09","Canada","2016A000011124","Beginning stocks","Fuel ethanol","Cubic metres","72","units","0","v1277885580","1.1.6","20287","","","","0"
"2022-09","Canada","2016A000011124","Beginning stocks","Renewable fuels except fuel ethanol","Cubic metres","72","units","0","v1277885585","1.1.7","1844","","","","0"
"2022-09","Canada","2016A000011124","Beginning stocks","Renewable fuel plant co-products, total","Metric tonnes","214","units","0","v1277885590","1.1.8","17448","","","","0"
"2022-09","Canada","2016A000011124","Beginning stocks","Distillers grains, total","Metric tonnes","214","units","0","v1277885596","1.1.9","12225","","","","0"
"2022-09","Canada","2016A000011124","Beginning stocks","Renewable fuel plant co-products except distillers grains","Metric tonnes","214","units","0","v1277885554","1.1.10","5223","","","","0"
"2022-09","Canada","2016A000011124","Receipts","Renewable fuel plant feedstocks, total","Metric tonnes","214","units","0","v1277885550","1.2.1","349440","","","","0"
"2022-09","Canada","2016A000011124","Receipts","Cereal grains, total","Metric tonnes","214","units","0","v1277885561","1.2.2","312308","","","","0"
"2022-09","Canada","2016A000011124","Receipts","Vegetable oils, total","Metric tonnes","214","units","0","v1277885566","1.2.3","32548","","","","0"
"2022-09","Canada","2016A000011124","Receipts","Other renewable fuel plant feedstocks, total","Metric tonnes","214","units","0","v1277885571","1.2.4","4584","","","","0"
"2022-09","Canada","2016A000011124","Receipts","Renewable fuel plant co-products, total","Metric tonnes","214","units","0","v1277885591","1.2.8","","..","","","0"
"2022-09","Canada","2016A000011124","Receipts","Distillers grains, total","Metric tonnes","214","units","0","v1277885597","1.2.9","","..","","","0"
"2022-09","Canada","2016A000011124","Receipts","Renewable fuel plant co-products except distillers grains","Metric tonnes","214","units","0","v1277885555","1.2.10","","..","","","0"
"2022-09","Canada","2016A000011124","Inputs","Renewable fuel plant feedstocks, total","Metric tonnes","214","units","0","v1277885551","1.3.1","346322","","","","0"
"2022-09","Canada","2016A000011124","Inputs","Cereal grains, total","Metric tonnes","214","units","0","v1277885562","1.3.2","309156","","","","0"
"2022-09","Canada","2016A000011124","Inputs","Vegetable oils, total","Metric tonnes","214","units","0","v1277885567","1.3.3","32909","","","","0"
"2022-09","Canada","2016A000011124","Inputs","Other renewable fuel plant feedstocks, total","Metric tonnes","214","units","0","v1277885572","1.3.4","4257","","","","0"
"2022-09","Canada","2016A000011124","Production","Renewable fuels, total","Cubic metres","72","units","0","v1277885576","1.4.5","164119","","","","0"
"2022-09","Canada","2016A000011124","Production","Fuel ethanol","Cubic metres","72","units","0","v1277885581","1.4.6","127518","","","","0"
"2022-09","Canada","2016A000011124","Production","Renewable fuels except fuel ethanol","Cubic metres","72","units","0","v1277885586","1.4.7","36601","","","","0"
"2022-09","Canada","2016A000011124","Production","Renewable fuel plant co-products, total","Metric tonnes","214","units","0","v1277885592","1.4.8","109792","","","","0"
"2022-09","Canada","2016A000011124","Production","Distillers grains, total","Metric tonnes","214","units","0","v1277885598","1.4.9","99088","","","","0"
"2022-09","Canada","2016A000011124","Production","Renewable fuel plant co-products except distillers grains","Metric tonnes","214","units","0","v1277885556","1.4.10","10704","","","","0"
"2022-09","Canada","2016A000011124","Shipments","Renewable fuels, total","Cubic metres","72","units","0","v1277885577","1.5.5","168619","","","","0"
"2022-09","Canada","2016A000011124","Shipments","Fuel ethanol","Cubic metres","72","units","0","v1277885582","1.5.6","131867","","","","0"
"2022-09","Canada","2016A000011124","Shipments","Renewable fuels except fuel ethanol","Cubic metres","72","units","0","v1277885587","1.5.7","36752","","","","0"
"2022-09","Canada","2016A000011124","Shipments","Renewable fuel plant co-products, total","Metric tonnes","214","units","0","v1277885593","1.5.8","115422","","","","0"
"2022-09","Canada","2016A000011124","Shipments","Distillers grains, total","Metric tonnes","214","units","0","v1277885599","1.5.9","103612","","","","0"
"2022-09","Canada","2016A000011124","Shipments","Renewable fuel plant co-products except distillers grains","Metric tonnes","214","units","0","v1277885557","1.5.10","11810","","","","0"
"2022-09","Canada","2016A000011124","Losses and adjustments","Renewable fuel plant feedstocks, total","Metric tonnes","214","units","0","v1277885552","1.6.1","-1114","","","","0"
"2022-09","Canada","2016A000011124","Losses and adjustments","Cereal grains, total","Metric tonnes","214","units","0","v1277885563","1.6.2","-1118","","","","0"
"2022-09","Canada","2016A000011124","Losses and adjustments","Vegetable oils, total","Metric tonnes","214","units","0","v1277885568","1.6.3","7","","","","0"
"2022-09","Canada","2016A000011124","Losses and adjustments","Other renewable fuel plant feedstocks, total","Metric tonnes","214","units","0","v1277885573","1.6.4","-3","","","","0"
"2022-09","Canada","2016A000011124","Losses and adjustments","Renewable fuels, total","Cubic metres","72","units","0","v1277885578","1.6.5","319","","","","0"
"2022-09","Canada","2016A000011124","Losses and adjustments","Fuel ethanol","Cubic metres","72","units","0","v1277885583","1.6.6","259","","","","0"
"2022-09","Canada","2016A000011124","Losses and adjustments","Renewable fuels except fuel ethanol","Cubic metres","72","units","0","v1277885588","1.6.7","60","","","","0"
"2022-09","Canada","2016A000011124","Losses and adjustments","Renewable fuel plant co-products, total","Metric tonnes","214","units","0","v1277885594","1.6.8","1690","","","","0"
"2022-09","Canada","2016A000011124","Losses and adjustments","Distillers grains, total","Metric tonnes","214","units","0","v1277885600","1.6.9","982","","","","0"
"2022-09","Canada","2016A000011124","Losses and adjustments","Renewable fuel plant co-products except distillers grains","Metric tonnes","214","units","0","v1277885558","1.6.10","708","","","","0"
"2022-09","Canada","2016A000011124","Ending stocks","Renewable fuel plant feedstocks, total","Metric tonnes","214","units","0","v1277885553","1.7.1","117994","","","","0"
"2022-09","Canada","2016A000011124","Ending stocks","Cereal grains, total","Metric tonnes","214","units","0","v1277885564","1.7.2","115437","","","","0"
"2022-09","Canada","2016A000011124","Ending stocks","Vegetable oils, total","Metric tonnes","214","units","0","v1277885569","1.7.3","694","","","","0"
"2022-09","Canada","2016A000011124","Ending stocks","Other renewable fuel plant feedstocks, total","Metric tonnes","214","units","0","v1277885574","1.7.4","1863","","","","0"
"2022-09","Canada","2016A000011124","Ending stocks","Renewable fuels, total","Cubic metres","72","units","0","v1277885579","1.7.5","21932","","","","0"
"2022-09","Canada","2016A000011124","Ending stocks","Fuel ethanol","Cubic metres","72","units","0","v1277885584","1.7.6","16883","","","","0"
"2022-09","Canada","2016A000011124","Ending stocks","Renewable fuels except fuel ethanol","Cubic metres","72","units","0","v1277885589","1.7.7","5049","","","","0"
"2022-09","Canada","2016A000011124","Ending stocks","Renewable fuel plant co-products, total","Metric tonnes","214","units","0","v1277885595","1.7.8","11190","","","","0"
"2022-09","Canada","2016A000011124","Ending stocks","Distillers grains, total","Metric tonnes","214","units","0","v1277885601","1.7.9","6719","","","","0"
"2022-09","Canada","2016A000011124","Ending stocks","Renewable fuel plant co-products except distillers grains","Metric tonnes","214","units","0","v1277885559","1.7.10","4471","","","","0"
"2022-10","Canada","2016A000011124","Beginning stocks","Renewable fuel plant feedstocks, total","Metric tonnes","214","units","0","v1277885549","1.1.1","117904","","","","0"
"2022-10","Canada","2016A000011124","Beginning stocks","Cereal grains, total","Metric tonnes","214","units","0","v1277885560","1.1.2","115437","","","","0"
"2022-10","Canada","2016A000011124","Beginning stocks","Vegetable oils, total","Metric tonnes","214","units","0","v1277885565","1.1.3","694","","","","0"
"2022-10","Canada","2016A000011124","Beginning stocks","Other renewable fuel plant feedstocks, total","Metric tonnes","214","units","0","v1277885570","1.1.4","1773","","","","0"
"2022-10","Canada","2016A000011124","Beginning stocks","Renewable fuels, total","Cubic metres","72","units","0","v1277885575","1.1.5","21932","","","","0"
"2022-10","Canada","2016A000011124","Beginning stocks","Fuel ethanol","Cubic metres","72","units","0","v1277885580","1.1.6","16883","","","","0"
"2022-10","Canada","2016A000011124","Beginning stocks","Renewable fuels except fuel ethanol","Cubic metres","72","units","0","v1277885585","1.1.7","5049","","","","0"
"2022-10","Canada","2016A000011124","Beginning stocks","Renewable fuel plant co-products, total","Metric tonnes","214","units","0","v1277885590","1.1.8","11190","","","","0"
"2022-10","Canada","2016A000011124","Beginning stocks","Distillers grains, total","Metric tonnes","214","units","0","v1277885596","1.1.9","6719","","","","0"
"2022-10","Canada","2016A000011124","Beginning stocks","Renewable fuel plant co-products except distillers grains","Metric tonnes","214","units","0","v1277885554","1.1.10","4471","","","","0"
"2022-10","Canada","2016A000011124","Receipts","Renewable fuel plant feedstocks, total","Metric tonnes","214","units","0","v1277885550","1.2.1","357813","","","","0"
"2022-10","Canada","2016A000011124","Receipts","Cereal grains, total","Metric tonnes","214","units","0","v1277885561","1.2.2","290726","","","","0"
"2022-10","Canada","2016A000011124","Receipts","Vegetable oils, total","Metric tonnes","214","units","0","v1277885566","1.2.3","63255","","","","0"
"2022-10","Canada","2016A000011124","Receipts","Other renewable fuel plant feedstocks, total","Metric tonnes","214","units","0","v1277885571","1.2.4","3832","","","","0"
"2022-10","Canada","2016A000011124","Receipts","Renewable fuel plant co-products, total","Metric tonnes","214","units","0","v1277885591","1.2.8","","..","","","0"
"2022-10","Canada","2016A000011124","Receipts","Distillers grains, total","Metric tonnes","214","units","0","v1277885597","1.2.9","","..","","","0"
"2022-10","Canada","2016A000011124","Receipts","Renewable fuel plant co-products except distillers grains","Metric tonnes","214","units","0","v1277885555","1.2.10","","..","","","0"
"2022-10","Canada","2016A000011124","Inputs","Renewable fuel plant feedstocks, total","Metric tonnes","214","units","0","v1277885551","1.3.1","374145","","","","0"
"2022-10","Canada","2016A000011124","Inputs","Cereal grains, total","Metric tonnes","214","units","0","v1277885562","1.3.2","333649","","","","0"
"2022-10","Canada","2016A000011124","Inputs","Vegetable oils, total","Metric tonnes","214","units","0","v1277885567","1.3.3","35736","","","","0"
"2022-10","Canada","2016A000011124","Inputs","Other renewable fuel plant feedstocks, total","Metric tonnes","214","units","0","v1277885572","1.3.4","4760","","","","0"
"2022-10","Canada","2016A000011124","Production","Renewable fuels, total","Cubic metres","72","units","0","v1277885576","1.4.5","179931","","","","0"
"2022-10","Canada","2016A000011124","Production","Fuel ethanol","Cubic metres","72","units","0","v1277885581","1.4.6","138048","","","","0"
"2022-10","Canada","2016A000011124","Production","Renewable fuels except fuel ethanol","Cubic metres","72","units","0","v1277885586","1.4.7","41883","","","","0"
"2022-10","Canada","2016A000011124","Production","Renewable fuel plant co-products, total","Metric tonnes","214","units","0","v1277885592","1.4.8","119628","","","","0"
"2022-10","Canada","2016A000011124","Production","Distillers grains, total","Metric tonnes","214","units","0","v1277885598","1.4.9","108175","","","","0"
"2022-10","Canada","2016A000011124","Production","Renewable fuel plant co-products except distillers grains","Metric tonnes","214","units","0","v1277885556","1.4.10","11453","","","","0"
"2022-10","Canada","2016A000011124","Shipments","Renewable fuels, total","Cubic metres","72","units","0","v1277885577","1.5.5","175776","","","","0"
"2022-10","Canada","2016A000011124","Shipments","Fuel ethanol","Cubic metres","72","units","0","v1277885582","1.5.6","131839","","","","0"
"2022-10","Canada","2016A000011124","Shipments","Renewable fuels except fuel ethanol","Cubic metres","72","units","0","v1277885587","1.5.7","43937","","","","0"
"2022-10","Canada","2016A000011124","Shipments","Renewable fuel plant co-products, total","Metric tonnes","214","units","0","v1277885593","1.5.8","113543","","","","0"
"2022-10","Canada","2016A000011124","Shipments","Distillers grains, total","Metric tonnes","214","units","0","v1277885599","1.5.9","101544","","","","0"
"2022-10","Canada","2016A000011124","Shipments","Renewable fuel plant co-products except distillers grains","Metric tonnes","214","units","0","v1277885557","1.5.10","11999","","","","0"
"2022-10","Canada","2016A000011124","Losses and adjustments","Renewable fuel plant feedstocks, total","Metric tonnes","214","units","0","v1277885552","1.6.1","695","","","","0"
"2022-10","Canada","2016A000011124","Losses and adjustments","Cereal grains, total","Metric tonnes","214","units","0","v1277885563","1.6.2","702","","","","0"
"2022-10","Canada","2016A000011124","Losses and adjustments","Vegetable oils, total","Metric tonnes","214","units","0","v1277885568","1.6.3","4","","","","0"
"2022-10","Canada","2016A000011124","Losses and adjustments","Other renewable fuel plant feedstocks, total","Metric tonnes","214","units","0","v1277885573","1.6.4","-11","","","","0"
"2022-10","Canada","2016A000011124","Losses and adjustments","Renewable fuels, total","Cubic metres","72","units","0","v1277885578","1.6.5","376","","","","0"
"2022-10","Canada","2016A000011124","Losses and adjustments","Fuel ethanol","Cubic metres","72","units","0","v1277885583","1.6.6","266","","","","0"
"2022-10","Canada","2016A000011124","Losses and adjustments","Renewable fuels except fuel ethanol","Cubic metres","72","units","0","v1277885588","1.6.7","110","","","","0"
"2022-10","Canada","2016A000011124","Losses and adjustments","Renewable fuel plant co-products, total","Metric tonnes","214","units","0","v1277885594","1.6.8","450","","","","0"
"2022-10","Canada","2016A000011124","Losses and adjustments","Distillers grains, total","Metric tonnes","214","units","0","v1277885600","1.6.9","841","","","","0"
"2022-10","Canada","2016A000011124","Losses and adjustments","Renewable fuel plant co-products except distillers grains","Metric tonnes","214","units","0","v1277885558","1.6.10","-391","","","","0"
"2022-10","Canada","2016A000011124","Ending stocks","Renewable fuel plant feedstocks, total","Metric tonnes","214","units","0","v1277885553","1.7.1","101150","","","","0"
"2022-10","Canada","2016A000011124","Ending stocks","Cereal grains, total","Metric tonnes","214","units","0","v1277885564","1.7.2","71812","","","","0"
"2022-10","Canada","2016A000011124","Ending stocks","Vegetable oils, total","Metric tonnes","214","units","0","v1277885569","1.7.3","28209","","","","0"
"2022-10","Canada","2016A000011124","Ending stocks","Other renewable fuel plant feedstocks, total","Metric tonnes","214","units","0","v1277885574","1.7.4","1129","","","","0"
"2022-10","Canada","2016A000011124","Ending stocks","Renewable fuels, total","Cubic metres","72","units","0","v1277885579","1.7.5","27983","","","","0"
"2022-10","Canada","2016A000011124","Ending stocks","Fuel ethanol","Cubic metres","72","units","0","v1277885584","1.7.6","22927","","","","0"
"2022-10","Canada","2016A000011124","Ending stocks","Renewable fuels except fuel ethanol","Cubic metres","72","units","0","v1277885589","1.7.7","5056","","","","0"
"2022-10","Canada","2016A000011124","Ending stocks","Renewable fuel plant co-products, total","Metric tonnes","214","units","0","v1277885595","1.7.8","17376","","","","0"
"2022-10","Canada","2016A000011124","Ending stocks","Distillers grains, total","Metric tonnes","214","units","0","v1277885601","1.7.9","12509","","","","0"
"2022-10","Canada","2016A000011124","Ending stocks","Renewable fuel plant co-products except distillers grains","Metric tonnes","214","units","0","v1277885559","1.7.10","4867","","","","0"
"2022-11","Canada","2016A000011124","Beginning stocks","Renewable fuel plant feedstocks, total","Metric tonnes","214","units","0","v1277885549","1.1.1","101150","","","","0"
"2022-11","Canada","2016A000011124","Beginning stocks","Cereal grains, total","Metric tonnes","214","units","0","v1277885560","1.1.2","71812","","","","0"
"2022-11","Canada","2016A000011124","Beginning stocks","Vegetable oils, total","Metric tonnes","214","units","0","v1277885565","1.1.3","28209","","","","0"
"2022-11","Canada","2016A000011124","Beginning stocks","Other renewable fuel plant feedstocks, total","Metric tonnes","214","units","0","v1277885570","1.1.4","1129","","","","0"
"2022-11","Canada","2016A000011124","Beginning stocks","Renewable fuels, total","Cubic metres","72","units","0","v1277885575","1.1.5","27983","","","","0"
"2022-11","Canada","2016A000011124","Beginning stocks","Fuel ethanol","Cubic metres","72","units","0","v1277885580","1.1.6","22927","","","","0"
"2022-11","Canada","2016A000011124","Beginning stocks","Renewable fuels except fuel ethanol","Cubic metres","72","units","0","v1277885585","1.1.7","5056","","","","0"
"2022-11","Canada","2016A000011124","Beginning stocks","Renewable fuel plant co-products, total","Metric tonnes","214","units","0","v1277885590","1.1.8","17376","","","","0"
"2022-11","Canada","2016A000011124","Beginning stocks","Distillers grains, total","Metric tonnes","214","units","0","v1277885596","1.1.9","12509","","","","0"
"2022-11","Canada","2016A000011124","Beginning stocks","Renewable fuel plant co-products except distillers grains","Metric tonnes","214","units","0","v1277885554","1.1.10","4867","","","","0"
"2022-11","Canada","2016A000011124","Receipts","Renewable fuel plant feedstocks, total","Metric tonnes","214","units","0","v1277885550","1.2.1","418562","","","","0"
"2022-11","Canada","2016A000011124","Receipts","Cereal grains, total","Metric tonnes","214","units","0","v1277885561","1.2.2","376962","","","","0"
"2022-11","Canada","2016A000011124","Receipts","Vegetable oils, total","Metric tonnes","214","units","0","v1277885566","1.2.3","37566","","","","0"
"2022-11","Canada","2016A000011124","Receipts","Other renewable fuel plant feedstocks, total","Metric tonnes","214","units","0","v1277885571","1.2.4","4034","","","","0"
"2022-11","Canada","2016A000011124","Receipts","Renewable fuel plant co-products, total","Metric tonnes","214","units","0","v1277885591","1.2.8","","..","","","0"
"2022-11","Canada","2016A000011124","Receipts","Distillers grains, total","Metric tonnes","214","units","0","v1277885597","1.2.9","","..","","","0"
"2022-11","Canada","2016A000011124","Receipts","Renewable fuel plant co-products except distillers grains","Metric tonnes","214","units","0","v1277885555","1.2.10","","..","","","0"
"2022-11","Canada","2016A000011124","Inputs","Renewable fuel plant feedstocks, total","Metric tonnes","214","units","0","v1277885551","1.3.1","400807","","","","0"
"2022-11","Canada","2016A000011124","Inputs","Cereal grains, total","Metric tonnes","214","units","0","v1277885562","1.3.2","358635","","","","0"
"2022-11","Canada","2016A000011124","Inputs","Vegetable oils, total","Metric tonnes","214","units","0","v1277885567","1.3.3","37856","","","","0"
"2022-11","Canada","2016A000011124","Inputs","Other renewable fuel plant feedstocks, total","Metric tonnes","214","units","0","v1277885572","1.3.4","4316","","","","0"
"2022-11","Canada","2016A000011124","Production","Renewable fuels, total","Cubic metres","72","units","0","v1277885576","1.4.5","192198","","","","0"
"2022-11","Canada","2016A000011124","Production","Fuel ethanol","Cubic metres","72","units","0","v1277885581","1.4.6","148365","","","","0"
"2022-11","Canada","2016A000011124","Production","Renewable fuels except fuel ethanol","Cubic metres","72","units","0","v1277885586","1.4.7","43833","","","","0"
"2022-11","Canada","2016A000011124","Production","Renewable fuel plant co-products, total","Metric tonnes","214","units","0","v1277885592","1.4.8","126415","","","","0"
"2022-11","Canada","2016A000011124","Production","Distillers grains, total","Metric tonnes","214","units","0","v1277885598","1.4.9","114234","","","","0"
"2022-11","Canada","2016A000011124","Production","Renewable fuel plant co-products except distillers grains","Metric tonnes","214","units","0","v1277885556","1.4.10","12181","","","","0"
"2022-11","Canada","2016A000011124","Shipments","Renewable fuels, total","Cubic metres","72","units","0","v1277885577","1.5.5","199851","","","","0"
"2022-11","Canada","2016A000011124","Shipments","Fuel ethanol","Cubic metres","72","units","0","v1277885582","1.5.6","153455","","","","0"
"2022-11","Canada","2016A000011124","Shipments","Renewable fuels except fuel ethanol","Cubic metres","72","units","0","v1277885587","1.5.7","46396","","","","0"
"2022-11","Canada","2016A000011124","Shipments","Renewable fuel plant co-products, total","Metric tonnes","214","units","0","v1277885593","1.5.8","133768","","","","0"
"2022-11","Canada","2016A000011124","Shipments","Distillers grains, total","Metric tonnes","214","units","0","v1277885599","1.5.9","119855","","","","0"
"2022-11","Canada","2016A000011124","Shipments","Renewable fuel plant co-products except distillers grains","Metric tonnes","214","units","0","v1277885557","1.5.10","13913","","","","0"
"2022-11","Canada","2016A000011124","Losses and adjustments","Renewable fuel plant feedstocks, total","Metric tonnes","214","units","0","v1277885552","1.6.1","618","","","","0"
"2022-11","Canada","2016A000011124","Losses and adjustments","Cereal grains, total","Metric tonnes","214","units","0","v1277885563","1.6.2","600","","","","0"
"2022-11","Canada","2016A000011124","Losses and adjustments","Vegetable oils, total","Metric tonnes","214","units","0","v1277885568","1.6.3","17","","","","0"
"2022-11","Canada","2016A000011124","Losses and adjustments","Other renewable fuel plant feedstocks, total","Metric tonnes","214","units","0","v1277885573","1.6.4","1","","","","0"
"2022-11","Canada","2016A000011124","Losses and adjustments","Renewable fuels, total","Cubic metres","72","units","0","v1277885578","1.6.5","391","","","","0"
"2022-11","Canada","2016A000011124","Losses and adjustments","Fuel ethanol","Cubic metres","72","units","0","v1277885583","1.6.6","246","","","","0"
"2022-11","Canada","2016A000011124","Losses and adjustments","Renewable fuels except fuel ethanol","Cubic metres","72","units","0","v1277885588","1.6.7","145","","","","0"
"2022-11","Canada","2016A000011124","Losses and adjustments","Renewable fuel plant co-products, total","Metric tonnes","214","units","0","v1277885594","1.6.8","532","","","","0"
"2022-11","Canada","2016A000011124","Losses and adjustments","Distillers grains, total","Metric tonnes","214","units","0","v1277885600","1.6.9","741","","","","0"
"2022-11","Canada","2016A000011124","Losses and adjustments","Renewable fuel plant co-products except distillers grains","Metric tonnes","214","units","0","v1277885558","1.6.10","-209","","","","0"
"2022-11","Canada","2016A000011124","Ending stocks","Renewable fuel plant feedstocks, total","Metric tonnes","214","units","0","v1277885553","1.7.1","118625","","","","0"
"2022-11","Canada","2016A000011124","Ending stocks","Cereal grains, total","Metric tonnes","214","units","0","v1277885564","1.7.2","89539","","","","0"
"2022-11","Canada","2016A000011124","Ending stocks","Vegetable oils, total","Metric tonnes","214","units","0","v1277885569","1.7.3","27938","","","","0"
"2022-11","Canada","2016A000011124","Ending stocks","Other renewable fuel plant feedstocks, total","Metric tonnes","214","units","0","v1277885574","1.7.4","1148","","","","0"
"2022-11","Canada","2016A000011124","Ending stocks","Renewable fuels, total","Cubic metres","72","units","0","v1277885579","1.7.5","21960","","","","0"
"2022-11","Canada","2016A000011124","Ending stocks","Fuel ethanol","Cubic metres","72","units","0","v1277885584","1.7.6","17618","","","","0"
"2022-11","Canada","2016A000011124","Ending stocks","Renewable fuels except fuel ethanol","Cubic metres","72","units","0","v1277885589","1.7.7","4342","","","","0"
"2022-11","Canada","2016A000011124","Ending stocks","Renewable fuel plant co-products, total","Metric tonnes","214","units","0","v1277885595","1.7.8","9993","","","","0"
"2022-11","Canada","2016A000011124","Ending stocks","Distillers grains, total","Metric tonnes","214","units","0","v1277885601","1.7.9","6147","","","","0"
"2022-11","Canada","2016A000011124","Ending stocks","Renewable fuel plant co-products except distillers grains","Metric tonnes","214","units","0","v1277885559","1.7.10","3846","","","","0"
"2022-12","Canada","2016A000011124","Beginning stocks","Renewable fuel plant feedstocks, total","Metric tonnes","214","units","0","v1277885549","1.1.1","118956","","","","0"
"2022-12","Canada","2016A000011124","Beginning stocks","Cereal grains, total","Metric tonnes","214","units","0","v1277885560","1.1.2","89870","","","","0"
"2022-12","Canada","2016A000011124","Beginning stocks","Vegetable oils, total","Metric tonnes","214","units","0","v1277885565","1.1.3","27938","","","","0"
"2022-12","Canada","2016A000011124","Beginning stocks","Other renewable fuel plant feedstocks, total","Metric tonnes","214","units","0","v1277885570","1.1.4","1148","","","","0"
"2022-12","Canada","2016A000011124","Beginning stocks","Renewable fuels, total","Cubic metres","72","units","0","v1277885575","1.1.5","21960","","","","0"
"2022-12","Canada","2016A000011124","Beginning stocks","Fuel ethanol","Cubic metres","72","units","0","v1277885580","1.1.6","17618","","","","0"
"2022-12","Canada","2016A000011124","Beginning stocks","Renewable fuels except fuel ethanol","Cubic metres","72","units","0","v1277885585","1.1.7","4342","","","","0"
"2022-12","Canada","2016A000011124","Beginning stocks","Renewable fuel plant co-products, total","Metric tonnes","214","units","0","v1277885590","1.1.8","9993","","","","0"
"2022-12","Canada","2016A000011124","Beginning stocks","Distillers grains, total","Metric tonnes","214","units","0","v1277885596","1.1.9","6147","","","","0"
"2022-12","Canada","2016A000011124","Beginning stocks","Renewable fuel plant co-products except distillers grains","Metric tonnes","214","units","0","v1277885554","1.1.10","3846","","","","0"
"2022-12","Canada","2016A000011124","Receipts","Renewable fuel plant feedstocks, total","Metric tonnes","214","units","0","v1277885550","1.2.1","388470","","","","0"
"2022-12","Canada","2016A000011124","Receipts","Cereal grains, total","Metric tonnes","214","units","0","v1277885561","1.2.2","351609","","","","0"
"2022-12","Canada","2016A000011124","Receipts","Vegetable oils, total","Metric tonnes","214","units","0","v1277885566","1.2.3","33225","","","","0"
"2022-12","Canada","2016A000011124","Receipts","Other renewable fuel plant feedstocks, total","Metric tonnes","214","units","0","v1277885571","1.2.4","3636","","","","0"
"2022-12","Canada","2016A000011124","Receipts","Renewable fuel plant co-products, total","Metric tonnes","214","units","0","v1277885591","1.2.8","","..","","","0"
"2022-12","Canada","2016A000011124","Receipts","Distillers grains, total","Metric tonnes","214","units","0","v1277885597","1.2.9","","..","","","0"
"2022-12","Canada","2016A000011124","Receipts","Renewable fuel plant co-products except distillers grains","Metric tonnes","214","units","0","v1277885555","1.2.10","","..","","","0"
"2022-12","Canada","2016A000011124","Inputs","Renewable fuel plant feedstocks, total","Metric tonnes","214","units","0","v1277885551","1.3.1","402515","","","","0"
"2022-12","Canada","2016A000011124","Inputs","Cereal grains, total","Metric tonnes","214","units","0","v1277885562","1.3.2","365518","","","","0"
"2022-12","Canada","2016A000011124","Inputs","Vegetable oils, total","Metric tonnes","214","units","0","v1277885567","1.3.3","33125","","","","0"
"2022-12","Canada","2016A000011124","Inputs","Other renewable fuel plant feedstocks, total","Metric tonnes","214","units","0","v1277885572","1.3.4","3872","","","","0"
"2022-12","Canada","2016A000011124","Production","Renewable fuels, total","Cubic metres","72","units","0","v1277885576","1.4.5","188192","","","","0"
"2022-12","Canada","2016A000011124","Production","Fuel ethanol","Cubic metres","72","units","0","v1277885581","1.4.6","150449","","","","0"
"2022-12","Canada","2016A000011124","Production","Renewable fuels except fuel ethanol","Cubic metres","72","units","0","v1277885586","1.4.7","37743","","","","0"
"2022-12","Canada","2016A000011124","Production","Renewable fuel plant co-products, total","Metric tonnes","214","units","0","v1277885592","1.4.8","129683","","","","0"
"2022-12","Canada","2016A000011124","Production","Distillers grains, total","Metric tonnes","214","units","0","v1277885598","1.4.9","116925","","","","0"
"2022-12","Canada","2016A000011124","Production","Renewable fuel plant co-products except distillers grains","Metric tonnes","214","units","0","v1277885556","1.4.10","12758","","","","0"
"2022-12","Canada","2016A000011124","Shipments","Renewable fuels, total","Cubic metres","72","units","0","v1277885577","1.5.5","178727","","","","0"
"2022-12","Canada","2016A000011124","Shipments","Fuel ethanol","Cubic metres","72","units","0","v1277885582","1.5.6","141583","","","","0"
"2022-12","Canada","2016A000011124","Shipments","Renewable fuels except fuel ethanol","Cubic metres","72","units","0","v1277885587","1.5.7","37144","","","","0"
"2022-12","Canada","2016A000011124","Shipments","Renewable fuel plant co-products, total","Metric tonnes","214","units","0","v1277885593","1.5.8","125715","","","","0"
"2022-12","Canada","2016A000011124","Shipments","Distillers grains, total","Metric tonnes","214","units","0","v1277885599","1.5.9","112508","","","","0"
"2022-12","Canada","2016A000011124","Shipments","Renewable fuel plant co-products except distillers grains","Metric tonnes","214","units","0","v1277885557","1.5.10","13207","","","","0"
"2022-12","Canada","2016A000011124","Losses and adjustments","Renewable fuel plant feedstocks, total","Metric tonnes","214","units","0","v1277885552","1.6.1","286","","","","0"
"2022-12","Canada","2016A000011124","Losses and adjustments","Cereal grains, total","Metric tonnes","214","units","0","v1277885563","1.6.2","286","","","","0"
"2022-12","Canada","2016A000011124","Losses and adjustments","Vegetable oils, total","Metric tonnes","214","units","0","v1277885568","1.6.3","-4","","","","0"
"2022-12","Canada","2016A000011124","Losses and adjustments","Other renewable fuel plant feedstocks, total","Metric tonnes","214","units","0","v1277885573","1.6.4","4","","","","0"
"2022-12","Canada","2016A000011124","Losses and adjustments","Renewable fuels, total","Cubic metres","72","units","0","v1277885578","1.6.5","629","","","","0"
"2022-12","Canada","2016A000011124","Losses and adjustments","Fuel ethanol","Cubic metres","72","units","0","v1277885583","1.6.6","560","","","","0"
"2022-12","Canada","2016A000011124","Losses and adjustments","Renewable fuels except fuel ethanol","Cubic metres","72","units","0","v1277885588","1.6.7","69","","","","0"
"2022-12","Canada","2016A000011124","Losses and adjustments","Renewable fuel plant co-products, total","Metric tonnes","214","units","0","v1277885594","1.6.8","1259","","","","0"
"2022-12","Canada","2016A000011124","Losses and adjustments","Distillers grains, total","Metric tonnes","214","units","0","v1277885600","1.6.9","1631","","","","0"
"2022-12","Canada","2016A000011124","Losses and adjustments","Renewable fuel plant co-products except distillers grains","Metric tonnes","214","units","0","v1277885558","1.6.10","-372","","","","0"
"2022-12","Canada","2016A000011124","Ending stocks","Renewable fuel plant feedstocks, total","Metric tonnes","214","units","0","v1277885553","1.7.1","104902","","","","0"
"2022-12","Canada","2016A000011124","Ending stocks","Cereal grains, total","Metric tonnes","214","units","0","v1277885564","1.7.2","75675","","","","0"
"2022-12","Canada","2016A000011124","Ending stocks","Vegetable oils, total","Metric tonnes","214","units","0","v1277885569","1.7.3","28042","","","","0"
"2022-12","Canada","2016A000011124","Ending stocks","Other renewable fuel plant feedstocks, total","Metric tonnes","214","units","0","v1277885574","1.7.4","1185","","","","0"
"2022-12","Canada","2016A000011124","Ending stocks","Renewable fuels, total","Cubic metres","72","units","0","v1277885579","1.7.5","31126","","","","0"
"2022-12","Canada","2016A000011124","Ending stocks","Fuel ethanol","Cubic metres","72","units","0","v1277885584","1.7.6","26067","","","","0"
"2022-12","Canada","2016A000011124","Ending stocks","Renewable fuels except fuel ethanol","Cubic metres","72","units","0","v1277885589","1.7.7","5059","","","","0"
"2022-12","Canada","2016A000011124","Ending stocks","Renewable fuel plant co-products, total","Metric tonnes","214","units","0","v1277885595","1.7.8","13119","","","","0"
"2022-12","Canada","2016A000011124","Ending stocks","Distillers grains, total","Metric tonnes","214","units","0","v1277885601","1.7.9","8933","","","","0"
"2022-12","Canada","2016A000011124","Ending stocks","Renewable fuel plant co-products except distillers grains","Metric tonnes","214","units","0","v1277885559","1.7.10","4186","","","","0"
"2023-01","Canada","2016A000011124","Beginning stocks","Renewable fuel plant feedstocks, total","Metric tonnes","214","units","0","v1277885549","1.1.1","104880","","","","0"
"2023-01","Canada","2016A000011124","Beginning stocks","Cereal grains, total","Metric tonnes","214","units","0","v1277885560","1.1.2","75653","","","","0"
"2023-01","Canada","2016A000011124","Beginning stocks","Vegetable oils, total","Metric tonnes","214","units","0","v1277885565","1.1.3","28042","","","","0"
"2023-01","Canada","2016A000011124","Beginning stocks","Other renewable fuel plant feedstocks, total","Metric tonnes","214","units","0","v1277885570","1.1.4","1185","","","","0"
"2023-01","Canada","2016A000011124","Beginning stocks","Renewable fuels, total","Cubic metres","72","units","0","v1277885575","1.1.5","31126","","","","0"
"2023-01","Canada","2016A000011124","Beginning stocks","Fuel ethanol","Cubic metres","72","units","0","v1277885580","1.1.6","26067","","","","0"
"2023-01","Canada","2016A000011124","Beginning stocks","Renewable fuels except fuel ethanol","Cubic metres","72","units","0","v1277885585","1.1.7","5059","","","","0"
"2023-01","Canada","2016A000011124","Beginning stocks","Renewable fuel plant co-products, total","Metric tonnes","214","units","0","v1277885590","1.1.8","13119","","","","0"
"2023-01","Canada","2016A000011124","Beginning stocks","Distillers grains, total","Metric tonnes","214","units","0","v1277885596","1.1.9","8933","","","","0"
"2023-01","Canada","2016A000011124","Beginning stocks","Renewable fuel plant co-products except distillers grains","Metric tonnes","214","units","0","v1277885554","1.1.10","4186","","","","0"
"2023-01","Canada","2016A000011124","Receipts","Renewable fuel plant feedstocks, total","Metric tonnes","214","units","0","v1277885550","1.2.1","420798","","","","0"
"2023-01","Canada","2016A000011124","Receipts","Cereal grains, total","Metric tonnes","214","units","0","v1277885561","1.2.2","383012","","","","0"
"2023-01","Canada","2016A000011124","Receipts","Vegetable oils, total","Metric tonnes","214","units","0","v1277885566","1.2.3","33555","","","","0"
"2023-01","Canada","2016A000011124","Receipts","Other renewable fuel plant feedstocks, total","Metric tonnes","214","units","0","v1277885571","1.2.4","4231","","","","0"
"2023-01","Canada","2016A000011124","Receipts","Renewable fuel plant co-products, total","Metric tonnes","214","units","0","v1277885591","1.2.8","","..","","","0"
"2023-01","Canada","2016A000011124","Receipts","Distillers grains, total","Metric tonnes","214","units","0","v1277885597","1.2.9","","..","","","0"
"2023-01","Canada","2016A000011124","Receipts","Renewable fuel plant co-products except distillers grains","Metric tonnes","214","units","0","v1277885555","1.2.10","","..","","","0"
"2023-01","Canada","2016A000011124","Inputs","Renewable fuel plant feedstocks, total","Metric tonnes","214","units","0","v1277885551","1.3.1","402367","","","","0"
"2023-01","Canada","2016A000011124","Inputs","Cereal grains, total","Metric tonnes","214","units","0","v1277885562","1.3.2","366358","","","","0"
"2023-01","Canada","2016A000011124","Inputs","Vegetable oils, total","Metric tonnes","214","units","0","v1277885567","1.3.3","32092","","","","0"
"2023-01","Canada","2016A000011124","Inputs","Other renewable fuel plant feedstocks, total","Metric tonnes","214","units","0","v1277885572","1.3.4","3917","","","","0"
"2023-01","Canada","2016A000011124","Production","Renewable fuels, total","Cubic metres","72","units","0","v1277885576","1.4.5","186459","","","","0"
"2023-01","Canada","2016A000011124","Production","Fuel ethanol","Cubic metres","72","units","0","v1277885581","1.4.6","149788","","","","0"
"2023-01","Canada","2016A000011124","Production","Renewable fuels except fuel ethanol","Cubic metres","72","units","0","v1277885586","1.4.7","36671","","","","0"
"2023-01","Canada","2016A000011124","Production","Renewable fuel plant co-products, total","Metric tonnes","214","units","0","v1277885592","1.4.8","132239","","","","0"
"2023-01","Canada","2016A000011124","Production","Distillers grains, total","Metric tonnes","214","units","0","v1277885598","1.4.9","119833","","","","0"
"2023-01","Canada","2016A000011124","Production","Renewable fuel plant co-products except distillers grains","Metric tonnes","214","units","0","v1277885556","1.4.10","12406","","","","0"
"2023-01","Canada","2016A000011124","Shipments","Renewable fuels, total","Cubic metres","72","units","0","v1277885577","1.5.5","188621","","","","0"
"2023-01","Canada","2016A000011124","Shipments","Fuel ethanol","Cubic metres","72","units","0","v1277885582","1.5.6","151754","","","","0"
"2023-01","Canada","2016A000011124","Shipments","Renewable fuels except fuel ethanol","Cubic metres","72","units","0","v1277885587","1.5.7","36867","","","","0"
"2023-01","Canada","2016A000011124","Shipments","Renewable fuel plant co-products, total","Metric tonnes","214","units","0","v1277885593","1.5.8","132992","","","","0"
"2023-01","Canada","2016A000011124","Shipments","Distillers grains, total","Metric tonnes","214","units","0","v1277885599","1.5.9","120391","","","","0"
"2023-01","Canada","2016A000011124","Shipments","Renewable fuel plant co-products except distillers grains","Metric tonnes","214","units","0","v1277885557","1.5.10","12601","","","","0"
"2023-01","Canada","2016A000011124","Losses and adjustments","Renewable fuel plant feedstocks, total","Metric tonnes","214","units","0","v1277885552","1.6.1","550","","","","0"
"2023-01","Canada","2016A000011124","Losses and adjustments","Cereal grains, total","Metric tonnes","214","units","0","v1277885563","1.6.2","509","","","","0"
"2023-01","Canada","2016A000011124","Losses and adjustments","Vegetable oils, total","Metric tonnes","214","units","0","v1277885568","1.6.3","25","","","","0"
"2023-01","Canada","2016A000011124","Losses and adjustments","Other renewable fuel plant feedstocks, total","Metric tonnes","214","units","0","v1277885573","1.6.4","16","","","","0"
"2023-01","Canada","2016A000011124","Losses and adjustments","Renewable fuels, total","Cubic metres","72","units","0","v1277885578","1.6.5","396","","","","0"
"2023-01","Canada","2016A000011124","Losses and adjustments","Fuel ethanol","Cubic metres","72","units","0","v1277885583","1.6.6","330","","","","0"
"2023-01","Canada","2016A000011124","Losses and adjustments","Renewable fuels except fuel ethanol","Cubic metres","72","units","0","v1277885588","1.6.7","66","","","","0"
"2023-01","Canada","2016A000011124","Losses and adjustments","Renewable fuel plant co-products, total","Metric tonnes","214","units","0","v1277885594","1.6.8","419","","","","0"
"2023-01","Canada","2016A000011124","Losses and adjustments","Distillers grains, total","Metric tonnes","214","units","0","v1277885600","1.6.9","719","","","","0"
"2023-01","Canada","2016A000011124","Losses and adjustments","Renewable fuel plant co-products except distillers grains","Metric tonnes","214","units","0","v1277885558","1.6.10","-300","","","","0"
"2023-01","Canada","2016A000011124","Ending stocks","Renewable fuel plant feedstocks, total","Metric tonnes","214","units","0","v1277885553","1.7.1","122991","","","","0"
"2023-01","Canada","2016A000011124","Ending stocks","Cereal grains, total","Metric tonnes","214","units","0","v1277885564","1.7.2","91798","","","","0"
"2023-01","Canada","2016A000011124","Ending stocks","Vegetable oils, total","Metric tonnes","214","units","0","v1277885569","1.7.3","29480","","","","0"
"2023-01","Canada","2016A000011124","Ending stocks","Other renewable fuel plant feedstocks, total","Metric tonnes","214","units","0","v1277885574","1.7.4","1713","","","","0"
"2023-01","Canada","2016A000011124","Ending stocks","Renewable fuels, total","Cubic metres","72","units","0","v1277885579","1.7.5","28753","","","","0"
"2023-01","Canada","2016A000011124","Ending stocks","Fuel ethanol","Cubic metres","72","units","0","v1277885584","1.7.6","23829","","","","0"
"2023-01","Canada","2016A000011124","Ending stocks","Renewable fuels except fuel ethanol","Cubic metres","72","units","0","v1277885589","1.7.7","4924","","","","0"
"2023-01","Canada","2016A000011124","Ending stocks","Renewable fuel plant co-products, total","Metric tonnes","214","units","0","v1277885595","1.7.8","12244","","","","0"
"2023-01","Canada","2016A000011124","Ending stocks","Distillers grains, total","Metric tonnes","214","units","0","v1277885601","1.7.9","7656","","","","0"
"2023-01","Canada","2016A000011124","Ending stocks","Renewable fuel plant co-products except distillers grains","Metric tonnes","214","units","0","v1277885559","1.7.10","4588","","","","0"
"2023-02","Canada","2016A000011124","Beginning stocks","Renewable fuel plant feedstocks, total","Metric tonnes","214","units","0","v1277885549","1.1.1","122991","","","","0"
"2023-02","Canada","2016A000011124","Beginning stocks","Cereal grains, total","Metric tonnes","214","units","0","v1277885560","1.1.2","91798","","","","0"
"2023-02","Canada","2016A000011124","Beginning stocks","Vegetable oils, total","Metric tonnes","214","units","0","v1277885565","1.1.3","29480","","","","0"
"2023-02","Canada","2016A000011124","Beginning stocks","Other renewable fuel plant feedstocks, total","Metric tonnes","214","units","0","v1277885570","1.1.4","1713","","","","0"
"2023-02","Canada","2016A000011124","Beginning stocks","Renewable fuels, total","Cubic metres","72","units","0","v1277885575","1.1.5","28753","","","","0"
"2023-02","Canada","2016A000011124","Beginning stocks","Fuel ethanol","Cubic metres","72","units","0","v1277885580","1.1.6","23829","","","","0"
"2023-02","Canada","2016A000011124","Beginning stocks","Renewable fuels except fuel ethanol","Cubic metres","72","units","0","v1277885585","1.1.7","4924","","","","0"
"2023-02","Canada","2016A000011124","Beginning stocks","Renewable fuel plant co-products, total","Metric tonnes","214","units","0","v1277885590","1.1.8","12244","","","","0"
"2023-02","Canada","2016A000011124","Beginning stocks","Distillers grains, total","Metric tonnes","214","units","0","v1277885596","1.1.9","7656","","","","0"
"2023-02","Canada","2016A000011124","Beginning stocks","Renewable fuel plant co-products except distillers grains","Metric tonnes","214","units","0","v1277885554","1.1.10","4588","","","","0"
"2023-02","Canada","2016A000011124","Receipts","Renewable fuel plant feedstocks, total","Metric tonnes","214","units","0","v1277885550","1.2.1","350975","","","","0"
"2023-02","Canada","2016A000011124","Receipts","Cereal grains, total","Metric tonnes","214","units","0","v1277885561","1.2.2","315484","","","","0"
"2023-02","Canada","2016A000011124","Receipts","Vegetable oils, total","Metric tonnes","214","units","0","v1277885566","1.2.3","32133","","","","0"
"2023-02","Canada","2016A000011124","Receipts","Other renewable fuel plant feedstocks, total","Metric tonnes","214","units","0","v1277885571","1.2.4","3358","","","","0"
"2023-02","Canada","2016A000011124","Receipts","Renewable fuel plant co-products, total","Metric tonnes","214","units","0","v1277885591","1.2.8","","..","","","0"
"2023-02","Canada","2016A000011124","Receipts","Distillers grains, total","Metric tonnes","214","units","0","v1277885597","1.2.9","","..","","","0"
"2023-02","Canada","2016A000011124","Receipts","Renewable fuel plant co-products except distillers grains","Metric tonnes","214","units","0","v1277885555","1.2.10","","..","","","0"
"2023-02","Canada","2016A000011124","Inputs","Renewable fuel plant feedstocks, total","Metric tonnes","214","units","0","v1277885551","1.3.1","357103","","","","0"
"2023-02","Canada","2016A000011124","Inputs","Cereal grains, total","Metric tonnes","214","units","0","v1277885562","1.3.2","320582","","","","0"
"2023-02","Canada","2016A000011124","Inputs","Vegetable oils, total","Metric tonnes","214","units","0","v1277885567","1.3.3","32696","","","","0"
"2023-02","Canada","2016A000011124","Inputs","Other renewable fuel plant feedstocks, total","Metric tonnes","214","units","0","v1277885572","1.3.4","3825","","","","0"
"2023-02","Canada","2016A000011124","Production","Renewable fuels, total","Cubic metres","72","units","0","v1277885576","1.4.5","169618","","","","0"
"2023-02","Canada","2016A000011124","Production","Fuel ethanol","Cubic metres","72","units","0","v1277885581","1.4.6","132431","","","","0"
"2023-02","Canada","2016A000011124","Production","Renewable fuels except fuel ethanol","Cubic metres","72","units","0","v1277885586","1.4.7","37187","","","","0"
"2023-02","Canada","2016A000011124","Production","Renewable fuel plant co-products, total","Metric tonnes","214","units","0","v1277885592","1.4.8","115266","","","","0"
"2023-02","Canada","2016A000011124","Production","Distillers grains, total","Metric tonnes","214","units","0","v1277885598","1.4.9","103666","","","","0"
"2023-02","Canada","2016A000011124","Production","Renewable fuel plant co-products except distillers grains","Metric tonnes","214","units","0","v1277885556","1.4.10","11600","","","","0"
"2023-02","Canada","2016A000011124","Shipments","Renewable fuels, total","Cubic metres","72","units","0","v1277885577","1.5.5","171189","","","","0"
"2023-02","Canada","2016A000011124","Shipments","Fuel ethanol","Cubic metres","72","units","0","v1277885582","1.5.6","133181","","","","0"
"2023-02","Canada","2016A000011124","Shipments","Renewable fuels except fuel ethanol","Cubic metres","72","units","0","v1277885587","1.5.7","38008","","","","0"
"2023-02","Canada","2016A000011124","Shipments","Renewable fuel plant co-products, total","Metric tonnes","214","units","0","v1277885593","1.5.8","113398","","","","0"
"2023-02","Canada","2016A000011124","Shipments","Distillers grains, total","Metric tonnes","214","units","0","v1277885599","1.5.9","101318","","","","0"
"2023-02","Canada","2016A000011124","Shipments","Renewable fuel plant co-products except distillers grains","Metric tonnes","214","units","0","v1277885557","1.5.10","12080","","","","0"
"2023-02","Canada","2016A000011124","Losses and adjustments","Renewable fuel plant feedstocks, total","Metric tonnes","214","units","0","v1277885552","1.6.1","657","","","","0"
"2023-02","Canada","2016A000011124","Losses and adjustments","Cereal grains, total","Metric tonnes","214","units","0","v1277885563","1.6.2","735","","","","0"
"2023-02","Canada","2016A000011124","Losses and adjustments","Vegetable oils, total","Metric tonnes","214","units","0","v1277885568","1.6.3","-87","","","","0"
"2023-02","Canada","2016A000011124","Losses and adjustments","Other renewable fuel plant feedstocks, total","Metric tonnes","214","units","0","v1277885573","1.6.4","9","","","","0"
"2023-02","Canada","2016A000011124","Losses and adjustments","Renewable fuels, total","Cubic metres","72","units","0","v1277885578","1.6.5","285","","","","0"
"2023-02","Canada","2016A000011124","Losses and adjustments","Fuel ethanol","Cubic metres","72","units","0","v1277885583","1.6.6","178","","","","0"
"2023-02","Canada","2016A000011124","Losses and adjustments","Renewable fuels except fuel ethanol","Cubic metres","72","units","0","v1277885588","1.6.7","107","","","","0"
"2023-02","Canada","2016A000011124","Losses and adjustments","Renewable fuel plant co-products, total","Metric tonnes","214","units","0","v1277885594","1.6.8","252","","","","0"
"2023-02","Canada","2016A000011124","Losses and adjustments","Distillers grains, total","Metric tonnes","214","units","0","v1277885600","1.6.9","642","","","","0"
"2023-02","Canada","2016A000011124","Losses and adjustments","Renewable fuel plant co-products except distillers grains","Metric tonnes","214","units","0","v1277885558","1.6.10","-390","","","","0"
"2023-02","Canada","2016A000011124","Ending stocks","Renewable fuel plant feedstocks, total","Metric tonnes","214","units","0","v1277885553","1.7.1","116479","","","","0"
"2023-02","Canada","2016A000011124","Ending stocks","Cereal grains, total","Metric tonnes","214","units","0","v1277885564","1.7.2","85965","","","","0"
"2023-02","Canada","2016A000011124","Ending stocks","Vegetable oils, total","Metric tonnes","214","units","0","v1277885569","1.7.3","29004","","","","0"
"2023-02","Canada","2016A000011124","Ending stocks","Other renewable fuel plant feedstocks, total","Metric tonnes","214","units","0","v1277885574","1.7.4","1510","","","","0"
"2023-02","Canada","2016A000011124","Ending stocks","Renewable fuels, total","Cubic metres","72","units","0","v1277885579","1.7.5","27184","","","","0"
"2023-02","Canada","2016A000011124","Ending stocks","Fuel ethanol","Cubic metres","72","units","0","v1277885584","1.7.6","22938","","","","0"
"2023-02","Canada","2016A000011124","Ending stocks","Renewable fuels except fuel ethanol","Cubic metres","72","units","0","v1277885589","1.7.7","4246","","","","0"
"2023-02","Canada","2016A000011124","Ending stocks","Renewable fuel plant co-products, total","Metric tonnes","214","units","0","v1277885595","1.7.8","14161","","","","0"
"2023-02","Canada","2016A000011124","Ending stocks","Distillers grains, total","Metric tonnes","214","units","0","v1277885601","1.7.9","9362","","","","0"
"2023-02","Canada","2016A000011124","Ending stocks","Renewable fuel plant co-products except distillers grains","Metric tonnes","214","units","0","v1277885559","1.7.10","4799","","","","0"
"2023-03","Canada","2016A000011124","Beginning stocks","Renewable fuel plant feedstocks, total","Metric tonnes","214","units","0","v1277885549","1.1.1","116479","","","","0"
"2023-03","Canada","2016A000011124","Beginning stocks","Cereal grains, total","Metric tonnes","214","units","0","v1277885560","1.1.2","85965","","","","0"
"2023-03","Canada","2016A000011124","Beginning stocks","Vegetable oils, total","Metric tonnes","214","units","0","v1277885565","1.1.3","29004","","","","0"
"2023-03","Canada","2016A000011124","Beginning stocks","Other renewable fuel plant feedstocks, total","Metric tonnes","214","units","0","v1277885570","1.1.4","1510","","","","0"
"2023-03","Canada","2016A000011124","Beginning stocks","Renewable fuels, total","Cubic metres","72","units","0","v1277885575","1.1.5","27184","","","","0"
"2023-03","Canada","2016A000011124","Beginning stocks","Fuel ethanol","Cubic metres","72","units","0","v1277885580","1.1.6","22938","","","","0"
"2023-03","Canada","2016A000011124","Beginning stocks","Renewable fuels except fuel ethanol","Cubic metres","72","units","0","v1277885585","1.1.7","4246","","","","0"
"2023-03","Canada","2016A000011124","Beginning stocks","Renewable fuel plant co-products, total","Metric tonnes","214","units","0","v1277885590","1.1.8","14161","","","","0"
"2023-03","Canada","2016A000011124","Beginning stocks","Distillers grains, total","Metric tonnes","214","units","0","v1277885596","1.1.9","9362","","","","0"
"2023-03","Canada","2016A000011124","Beginning stocks","Renewable fuel plant co-products except distillers grains","Metric tonnes","214","units","0","v1277885554","1.1.10","4799","","","","0"
"2023-03","Canada","2016A000011124","Receipts","Renewable fuel plant feedstocks, total","Metric tonnes","214","units","0","v1277885550","1.2.1","418839","","","","0"
"2023-03","Canada","2016A000011124","Receipts","Cereal grains, total","Metric tonnes","214","units","0","v1277885561","1.2.2","377636","","","","0"
"2023-03","Canada","2016A000011124","Receipts","Vegetable oils, total","Metric tonnes","214","units","0","v1277885566","1.2.3","36969","","","","0"
"2023-03","Canada","2016A000011124","Receipts","Other renewable fuel plant feedstocks, total","Metric tonnes","214","units","0","v1277885571","1.2.4","4234","","","","0"
"2023-03","Canada","2016A000011124","Receipts","Renewable fuel plant co-products, total","Metric tonnes","214","units","0","v1277885591","1.2.8","","..","","","0"
"2023-03","Canada","2016A000011124","Receipts","Distillers grains, total","Metric tonnes","214","units","0","v1277885597","1.2.9","","..","","","0"
"2023-03","Canada","2016A000011124","Receipts","Renewable fuel plant co-products except distillers grains","Metric tonnes","214","units","0","v1277885555","1.2.10","","..","","","0"
"2023-03","Canada","2016A000011124","Inputs","Renewable fuel plant feedstocks, total","Metric tonnes","214","units","0","v1277885551","1.3.1","418266","","","","0"
"2023-03","Canada","2016A000011124","Inputs","Cereal grains, total","Metric tonnes","214","units","0","v1277885562","1.3.2","377267","","","","0"
"2023-03","Canada","2016A000011124","Inputs","Vegetable oils, total","Metric tonnes","214","units","0","v1277885567","1.3.3","36640","","","","0"
"2023-03","Canada","2016A000011124","Inputs","Other renewable fuel plant feedstocks, total","Metric tonnes","214","units","0","v1277885572","1.3.4","4359","","","","0"
"2023-03","Canada","2016A000011124","Production","Renewable fuels, total","Cubic metres","72","units","0","v1277885576","1.4.5","198113","","","","0"
"2023-03","Canada","2016A000011124","Production","Fuel ethanol","Cubic metres","72","units","0","v1277885581","1.4.6","155281","","","","0"
"2023-03","Canada","2016A000011124","Production","Renewable fuels except fuel ethanol","Cubic metres","72","units","0","v1277885586","1.4.7","42832","","","","0"
"2023-03","Canada","2016A000011124","Production","Renewable fuel plant co-products, total","Metric tonnes","214","units","0","v1277885592","1.4.8","134165","","","","0"
"2023-03","Canada","2016A000011124","Production","Distillers grains, total","Metric tonnes","214","units","0","v1277885598","1.4.9","120665","","","","0"
"2023-03","Canada","2016A000011124","Production","Renewable fuel plant co-products except distillers grains","Metric tonnes","214","units","0","v1277885556","1.4.10","13500","","","","0"
"2023-03","Canada","2016A000011124","Shipments","Renewable fuels, total","Cubic metres","72","units","0","v1277885577","1.5.5","196533","","","","0"
"2023-03","Canada","2016A000011124","Shipments","Fuel ethanol","Cubic metres","72","units","0","v1277885582","1.5.6","154819","","","","0"
"2023-03","Canada","2016A000011124","Shipments","Renewable fuels except fuel ethanol","Cubic metres","72","units","0","v1277885587","1.5.7","41714","","","","0"
"2023-03","Canada","2016A000011124","Shipments","Renewable fuel plant co-products, total","Metric tonnes","214","units","0","v1277885593","1.5.8","135914","","","","0"
"2023-03","Canada","2016A000011124","Shipments","Distillers grains, total","Metric tonnes","214","units","0","v1277885599","1.5.9","121530","","","","0"
"2023-03","Canada","2016A000011124","Shipments","Renewable fuel plant co-products except distillers grains","Metric tonnes","214","units","0","v1277885557","1.5.10","14384","","","","0"
"2023-03","Canada","2016A000011124","Losses and adjustments","Renewable fuel plant feedstocks, total","Metric tonnes","214","units","0","v1277885552","1.6.1","279","","","","0"
"2023-03","Canada","2016A000011124","Losses and adjustments","Cereal grains, total","Metric tonnes","214","units","0","v1277885563","1.6.2","202","","","","0"
"2023-03","Canada","2016A000011124","Losses and adjustments","Vegetable oils, total","Metric tonnes","214","units","0","v1277885568","1.6.3","72","","","","0"
"2023-03","Canada","2016A000011124","Losses and adjustments","Other renewable fuel plant feedstocks, total","Metric tonnes","214","units","0","v1277885573","1.6.4","5","","","","0"
"2023-03","Canada","2016A000011124","Losses and adjustments","Renewable fuels, total","Cubic metres","72","units","0","v1277885578","1.6.5","390","","","","0"
"2023-03","Canada","2016A000011124","Losses and adjustments","Fuel ethanol","Cubic metres","72","units","0","v1277885583","1.6.6","315","","","","0"
"2023-03","Canada","2016A000011124","Losses and adjustments","Renewable fuels except fuel ethanol","Cubic metres","72","units","0","v1277885588","1.6.7","75","","","","0"
"2023-03","Canada","2016A000011124","Losses and adjustments","Renewable fuel plant co-products, total","Metric tonnes","214","units","0","v1277885594","1.6.8","374","","","","0"
"2023-03","Canada","2016A000011124","Losses and adjustments","Distillers grains, total","Metric tonnes","214","units","0","v1277885600","1.6.9","774","","","","0"
"2023-03","Canada","2016A000011124","Losses and adjustments","Renewable fuel plant co-products except distillers grains","Metric tonnes","214","units","0","v1277885558","1.6.10","-400","","","","0"
"2023-03","Canada","2016A000011124","Ending stocks","Renewable fuel plant feedstocks, total","Metric tonnes","214","units","0","v1277885553","1.7.1","117067","","","","0"
"2023-03","Canada","2016A000011124","Ending stocks","Cereal grains, total","Metric tonnes","214","units","0","v1277885564","1.7.2","86132","","","","0"
"2023-03","Canada","2016A000011124","Ending stocks","Vegetable oils, total","Metric tonnes","214","units","0","v1277885569","1.7.3","29261","","","","0"
"2023-03","Canada","2016A000011124","Ending stocks","Other renewable fuel plant feedstocks, total","Metric tonnes","214","units","0","v1277885574","1.7.4","1674","","","","0"
"2023-03","Canada","2016A000011124","Ending stocks","Renewable fuels, total","Cubic metres","72","units","0","v1277885579","1.7.5","29280","","","","0"
"2023-03","Canada","2016A000011124","Ending stocks","Fuel ethanol","Cubic metres","72","units","0","v1277885584","1.7.6","23124","","","","0"
"2023-03","Canada","2016A000011124","Ending stocks","Renewable fuels except fuel ethanol","Cubic metres","72","units","0","v1277885589","1.7.7","6156","","","","0"
"2023-03","Canada","2016A000011124","Ending stocks","Renewable fuel plant co-products, total","Metric tonnes","214","units","0","v1277885595","1.7.8","12565","","","","0"
"2023-03","Canada","2016A000011124","Ending stocks","Distillers grains, total","Metric tonnes","214","units","0","v1277885601","1.7.9","7723","","","","0"
"2023-03","Canada","2016A000011124","Ending stocks","Renewable fuel plant co-products except distillers grains","Metric tonnes","214","units","0","v1277885559","1.7.10","4842","","","","0"
"2023-04","Canada","2016A000011124","Beginning stocks","Renewable fuel plant feedstocks, total","Metric tonnes","214","units","0","v1277885549","1.1.1","117116","","","","0"
"2023-04","Canada","2016A000011124","Beginning stocks","Cereal grains, total","Metric tonnes","214","units","0","v1277885560","1.1.2","86132","","","","0"
"2023-04","Canada","2016A000011124","Beginning stocks","Vegetable oils, total","Metric tonnes","214","units","0","v1277885565","1.1.3","29261","","","","0"
"2023-04","Canada","2016A000011124","Beginning stocks","Other renewable fuel plant feedstocks, total","Metric tonnes","214","units","0","v1277885570","1.1.4","1723","","","","0"
"2023-04","Canada","2016A000011124","Beginning stocks","Renewable fuels, total","Cubic metres","72","units","0","v1277885575","1.1.5","29280","","","","0"
"2023-04","Canada","2016A000011124","Beginning stocks","Fuel ethanol","Cubic metres","72","units","0","v1277885580","1.1.6","23124","","","","0"
"2023-04","Canada","2016A000011124","Beginning stocks","Renewable fuels except fuel ethanol","Cubic metres","72","units","0","v1277885585","1.1.7","6156","","","","0"
"2023-04","Canada","2016A000011124","Beginning stocks","Renewable fuel plant co-products, total","Metric tonnes","214","units","0","v1277885590","1.1.8","12647","","","","0"
"2023-04","Canada","2016A000011124","Beginning stocks","Distillers grains, total","Metric tonnes","214","units","0","v1277885596","1.1.9","7801","","","","0"
"2023-04","Canada","2016A000011124","Beginning stocks","Renewable fuel plant co-products except distillers grains","Metric tonnes","214","units","0","v1277885554","1.1.10","4846","","","","0"
"2023-04","Canada","2016A000011124","Receipts","Renewable fuel plant feedstocks, total","Metric tonnes","214","units","0","v1277885550","1.2.1","336663","","","","0"
"2023-04","Canada","2016A000011124","Receipts","Cereal grains, total","Metric tonnes","214","units","0","v1277885561","1.2.2","304941","","","","0"
"2023-04","Canada","2016A000011124","Receipts","Vegetable oils, total","Metric tonnes","214","units","0","v1277885566","1.2.3","28271","","","","0"
"2023-04","Canada","2016A000011124","Receipts","Other renewable fuel plant feedstocks, total","Metric tonnes","214","units","0","v1277885571","1.2.4","3451","","","","0"
"2023-04","Canada","2016A000011124","Receipts","Renewable fuel plant co-products, total","Metric tonnes","214","units","0","v1277885591","1.2.8","","..","","","0"
"2023-04","Canada","2016A000011124","Receipts","Distillers grains, total","Metric tonnes","214","units","0","v1277885597","1.2.9","","..","","","0"
"2023-04","Canada","2016A000011124","Receipts","Renewable fuel plant co-products except distillers grains","Metric tonnes","214","units","0","v1277885555","1.2.10","","..","","","0"
"2023-04","Canada","2016A000011124","Inputs","Renewable fuel plant feedstocks, total","Metric tonnes","214","units","0","v1277885551","1.3.1","360637","","","","0"
"2023-04","Canada","2016A000011124","Inputs","Cereal grains, total","Metric tonnes","214","units","0","v1277885562","1.3.2","327601","","","","0"
"2023-04","Canada","2016A000011124","Inputs","Vegetable oils, total","Metric tonnes","214","units","0","v1277885567","1.3.3","28823","","","","0"
"2023-04","Canada","2016A000011124","Inputs","Other renewable fuel plant feedstocks, total","Metric tonnes","214","units","0","v1277885572","1.3.4","4213","","","","0"
"2023-04","Canada","2016A000011124","Production","Renewable fuels, total","Cubic metres","72","units","0","v1277885576","1.4.5","168701","","","","0"
"2023-04","Canada","2016A000011124","Production","Fuel ethanol","Cubic metres","72","units","0","v1277885581","1.4.6","134197","","","","0"
"2023-04","Canada","2016A000011124","Production","Renewable fuels except fuel ethanol","Cubic metres","72","units","0","v1277885586","1.4.7","34504","","","","0"
"2023-04","Canada","2016A000011124","Production","Renewable fuel plant co-products, total","Metric tonnes","214","units","0","v1277885592","1.4.8","115548","","","","0"
"2023-04","Canada","2016A000011124","Production","Distillers grains, total","Metric tonnes","214","units","0","v1277885598","1.4.9","103493","","","","0"
"2023-04","Canada","2016A000011124","Production","Renewable fuel plant co-products except distillers grains","Metric tonnes","214","units","0","v1277885556","1.4.10","12055","","","","0"
"2023-04","Canada","2016A000011124","Shipments","Renewable fuels, total","Cubic metres","72","units","0","v1277885577","1.5.5","167529","","","","0"
"2023-04","Canada","2016A000011124","Shipments","Fuel ethanol","Cubic metres","72","units","0","v1277885582","1.5.6","130567","","","","0"
"2023-04","Canada","2016A000011124","Shipments","Renewable fuels except fuel ethanol","Cubic metres","72","units","0","v1277885587","1.5.7","36962","","","","0"
"2023-04","Canada","2016A000011124","Shipments","Renewable fuel plant co-products, total","Metric tonnes","214","units","0","v1277885593","1.5.8","111671","","","","0"
"2023-04","Canada","2016A000011124","Shipments","Distillers grains, total","Metric tonnes","214","units","0","v1277885599","1.5.9","98558","","","","0"
"2023-04","Canada","2016A000011124","Shipments","Renewable fuel plant co-products except distillers grains","Metric tonnes","214","units","0","v1277885557","1.5.10","13113","","","","0"
"2023-04","Canada","2016A000011124","Losses and adjustments","Renewable fuel plant feedstocks, total","Metric tonnes","214","units","0","v1277885552","1.6.1","-68","","","","0"
"2023-04","Canada","2016A000011124","Losses and adjustments","Cereal grains, total","Metric tonnes","214","units","0","v1277885563","1.6.2","-60","","","","0"
"2023-04","Canada","2016A000011124","Losses and adjustments","Vegetable oils, total","Metric tonnes","214","units","0","v1277885568","1.6.3","-17","","","","0"
"2023-04","Canada","2016A000011124","Losses and adjustments","Other renewable fuel plant feedstocks, total","Metric tonnes","214","units","0","v1277885573","1.6.4","9","","","","0"
"2023-04","Canada","2016A000011124","Losses and adjustments","Renewable fuels, total","Cubic metres","72","units","0","v1277885578","1.6.5","92","","","","0"
"2023-04","Canada","2016A000011124","Losses and adjustments","Fuel ethanol","Cubic metres","72","units","0","v1277885583","1.6.6","-17","","","","0"
"2023-04","Canada","2016A000011124","Losses and adjustments","Renewable fuels except fuel ethanol","Cubic metres","72","units","0","v1277885588","1.6.7","109","","","","0"
"2023-04","Canada","2016A000011124","Losses and adjustments","Renewable fuel plant co-products, total","Metric tonnes","214","units","0","v1277885594","1.6.8","-52","","","","0"
"2023-04","Canada","2016A000011124","Losses and adjustments","Distillers grains, total","Metric tonnes","214","units","0","v1277885600","1.6.9","606","","","","0"
"2023-04","Canada","2016A000011124","Losses and adjustments","Renewable fuel plant co-products except distillers grains","Metric tonnes","214","units","0","v1277885558","1.6.10","-658","","","","0"
"2023-04","Canada","2016A000011124","Ending stocks","Renewable fuel plant feedstocks, total","Metric tonnes","214","units","0","v1277885553","1.7.1","93437","","","","0"
"2023-04","Canada","2016A000011124","Ending stocks","Cereal grains, total","Metric tonnes","214","units","0","v1277885564","1.7.2","63532","","","","0"
"2023-04","Canada","2016A000011124","Ending stocks","Vegetable oils, total","Metric tonnes","214","units","0","v1277885569","1.7.3","28726","","","","0"
"2023-04","Canada","2016A000011124","Ending stocks","Other renewable fuel plant feedstocks, total","Metric tonnes","214","units","0","v1277885574","1.7.4","1179","","","","0"
"2023-04","Canada","2016A000011124","Ending stocks","Renewable fuels, total","Cubic metres","72","units","0","v1277885579","1.7.5","32070","","","","0"
"2023-04","Canada","2016A000011124","Ending stocks","Fuel ethanol","Cubic metres","72","units","0","v1277885584","1.7.6","26904","","","","0"
"2023-04","Canada","2016A000011124","Ending stocks","Renewable fuels except fuel ethanol","Cubic metres","72","units","0","v1277885589","1.7.7","5166","","","","0"
"2023-04","Canada","2016A000011124","Ending stocks","Renewable fuel plant co-products, total","Metric tonnes","214","units","0","v1277885595","1.7.8","17622","","","","0"
"2023-04","Canada","2016A000011124","Ending stocks","Distillers grains, total","Metric tonnes","214","units","0","v1277885601","1.7.9","12130","","","","0"
"2023-04","Canada","2016A000011124","Ending stocks","Renewable fuel plant co-products except distillers grains","Metric tonnes","214","units","0","v1277885559","1.7.10","5492","","","","0"
"2023-05","Canada","2016A000011124","Beginning stocks","Renewable fuel plant feedstocks, total","Metric tonnes","214","units","0","v1277885549","1.1.1","93437","","","","0"
"2023-05","Canada","2016A000011124","Beginning stocks","Cereal grains, total","Metric tonnes","214","units","0","v1277885560","1.1.2","63532","","","","0"
"2023-05","Canada","2016A000011124","Beginning stocks","Vegetable oils, total","Metric tonnes","214","units","0","v1277885565","1.1.3","28726","","","","0"
"2023-05","Canada","2016A000011124","Beginning stocks","Other renewable fuel plant feedstocks, total","Metric tonnes","214","units","0","v1277885570","1.1.4","1179","","","","0"
"2023-05","Canada","2016A000011124","Beginning stocks","Renewable fuels, total","Cubic metres","72","units","0","v1277885575","1.1.5","32070","","","","0"
"2023-05","Canada","2016A000011124","Beginning stocks","Fuel ethanol","Cubic metres","72","units","0","v1277885580","1.1.6","26904","","","","0"
"2023-05","Canada","2016A000011124","Beginning stocks","Renewable fuels except fuel ethanol","Cubic metres","72","units","0","v1277885585","1.1.7","5166","","","","0"
"2023-05","Canada","2016A000011124","Beginning stocks","Renewable fuel plant co-products, total","Metric tonnes","214","units","0","v1277885590","1.1.8","17850","","","","0"
"2023-05","Canada","2016A000011124","Beginning stocks","Distillers grains, total","Metric tonnes","214","units","0","v1277885596","1.1.9","12358","","","","0"
"2023-05","Canada","2016A000011124","Beginning stocks","Renewable fuel plant co-products except distillers grains","Metric tonnes","214","units","0","v1277885554","1.1.10","5492","","","","0"
"2023-05","Canada","2016A000011124","Receipts","Renewable fuel plant feedstocks, total","Metric tonnes","214","units","0","v1277885550","1.2.1","359288","","","","0"
"2023-05","Canada","2016A000011124","Receipts","Cereal grains, total","Metric tonnes","214","units","0","v1277885561","1.2.2","317738","","","","0"
"2023-05","Canada","2016A000011124","Receipts","Vegetable oils, total","Metric tonnes","214","units","0","v1277885566","1.2.3","36077","","","","0"
"2023-05","Canada","2016A000011124","Receipts","Other renewable fuel plant feedstocks, total","Metric tonnes","214","units","0","v1277885571","1.2.4","5473","","","","0"
"2023-05","Canada","2016A000011124","Receipts","Renewable fuel plant co-products, total","Metric tonnes","214","units","0","v1277885591","1.2.8","","..","","","0"
"2023-05","Canada","2016A000011124","Receipts","Distillers grains, total","Metric tonnes","214","units","0","v1277885597","1.2.9","","..","","","0"
"2023-05","Canada","2016A000011124","Receipts","Renewable fuel plant co-products except distillers grains","Metric tonnes","214","units","0","v1277885555","1.2.10","","..","","","0"
"2023-05","Canada","2016A000011124","Inputs","Renewable fuel plant feedstocks, total","Metric tonnes","214","units","0","v1277885551","1.3.1","359558","","","","0"
"2023-05","Canada","2016A000011124","Inputs","Cereal grains, total","Metric tonnes","214","units","0","v1277885562","1.3.2","317948","","","","0"
"2023-05","Canada","2016A000011124","Inputs","Vegetable oils, total","Metric tonnes","214","units","0","v1277885567","1.3.3","36199","","","","0"
"2023-05","Canada","2016A000011124","Inputs","Other renewable fuel plant feedstocks, total","Metric tonnes","214","units","0","v1277885572","1.3.4","5411","","","","0"
"2023-05","Canada","2016A000011124","Production","Renewable fuels, total","Cubic metres","72","units","0","v1277885576","1.4.5","173685","","","","0"
"2023-05","Canada","2016A000011124","Production","Fuel ethanol","Cubic metres","72","units","0","v1277885581","1.4.6","131166","","","","0"
"2023-05","Canada","2016A000011124","Production","Renewable fuels except fuel ethanol","Cubic metres","72","units","0","v1277885586","1.4.7","42519","","","","0"
"2023-05","Canada","2016A000011124","Production","Renewable fuel plant co-products, total","Metric tonnes","214","units","0","v1277885592","1.4.8","113947","","","","0"
"2023-05","Canada","2016A000011124","Production","Distillers grains, total","Metric tonnes","214","units","0","v1277885598","1.4.9","101573","","","","0"
"2023-05","Canada","2016A000011124","Production","Renewable fuel plant co-products except distillers grains","Metric tonnes","214","units","0","v1277885556","1.4.10","12374","","","","0"
"2023-05","Canada","2016A000011124","Shipments","Renewable fuels, total","Cubic metres","72","units","0","v1277885577","1.5.5","178633","","","","0"
"2023-05","Canada","2016A000011124","Shipments","Fuel ethanol","Cubic metres","72","units","0","v1277885582","1.5.6","134366","","","","0"
"2023-05","Canada","2016A000011124","Shipments","Renewable fuels except fuel ethanol","Cubic metres","72","units","0","v1277885587","1.5.7","44267","","","","0"
"2023-05","Canada","2016A000011124","Shipments","Renewable fuel plant co-products, total","Metric tonnes","214","units","0","v1277885593","1.5.8","118280","","","","0"
"2023-05","Canada","2016A000011124","Shipments","Distillers grains, total","Metric tonnes","214","units","0","v1277885599","1.5.9","104003","","","","0"
"2023-05","Canada","2016A000011124","Shipments","Renewable fuel plant co-products except distillers grains","Metric tonnes","214","units","0","v1277885557","1.5.10","14277","","","","0"
"2023-05","Canada","2016A000011124","Losses and adjustments","Renewable fuel plant feedstocks, total","Metric tonnes","214","units","0","v1277885552","1.6.1","-5","","","","0"
"2023-05","Canada","2016A000011124","Losses and adjustments","Cereal grains, total","Metric tonnes","214","units","0","v1277885563","1.6.2","96","","","","0"
"2023-05","Canada","2016A000011124","Losses and adjustments","Vegetable oils, total","Metric tonnes","214","units","0","v1277885568","1.6.3","-336","","","","0"
"2023-05","Canada","2016A000011124","Losses and adjustments","Other renewable fuel plant feedstocks, total","Metric tonnes","214","units","0","v1277885573","1.6.4","235","","","","0"
"2023-05","Canada","2016A000011124","Losses and adjustments","Renewable fuels, total","Cubic metres","72","units","0","v1277885578","1.6.5","279","","","","0"
"2023-05","Canada","2016A000011124","Losses and adjustments","Fuel ethanol","Cubic metres","72","units","0","v1277885583","1.6.6","189","","","","0"
"2023-05","Canada","2016A000011124","Losses and adjustments","Renewable fuels except fuel ethanol","Cubic metres","72","units","0","v1277885588","1.6.7","90","","","","0"
"2023-05","Canada","2016A000011124","Losses and adjustments","Renewable fuel plant co-products, total","Metric tonnes","214","units","0","v1277885594","1.6.8","413","","","","0"
"2023-05","Canada","2016A000011124","Losses and adjustments","Distillers grains, total","Metric tonnes","214","units","0","v1277885600","1.6.9","736","","","","0"
"2023-05","Canada","2016A000011124","Losses and adjustments","Renewable fuel plant co-products except distillers grains","Metric tonnes","214","units","0","v1277885558","1.6.10","-323","","","","0"
"2023-05","Canada","2016A000011124","Ending stocks","Renewable fuel plant feedstocks, total","Metric tonnes","214","units","0","v1277885553","1.7.1","93418","","","","0"
"2023-05","Canada","2016A000011124","Ending stocks","Cereal grains, total","Metric tonnes","214","units","0","v1277885564","1.7.2","63226","","","","0"
"2023-05","Canada","2016A000011124","Ending stocks","Vegetable oils, total","Metric tonnes","214","units","0","v1277885569","1.7.3","28940","","","","0"
"2023-05","Canada","2016A000011124","Ending stocks","Other renewable fuel plant feedstocks, total","Metric tonnes","214","units","0","v1277885574","1.7.4","1252","","","","0"
"2023-05","Canada","2016A000011124","Ending stocks","Renewable fuels, total","Cubic metres","72","units","0","v1277885579","1.7.5","29160","","","","0"
"2023-05","Canada","2016A000011124","Ending stocks","Fuel ethanol","Cubic metres","72","units","0","v1277885584","1.7.6","23579","","","","0"
"2023-05","Canada","2016A000011124","Ending stocks","Renewable fuels except fuel ethanol","Cubic metres","72","units","0","v1277885589","1.7.7","5581","","","","0"
"2023-05","Canada","2016A000011124","Ending stocks","Renewable fuel plant co-products, total","Metric tonnes","214","units","0","v1277885595","1.7.8","14222","","","","0"
"2023-05","Canada","2016A000011124","Ending stocks","Distillers grains, total","Metric tonnes","214","units","0","v1277885601","1.7.9","9192","","","","0"
"2023-05","Canada","2016A000011124","Ending stocks","Renewable fuel plant co-products except distillers grains","Metric tonnes","214","units","0","v1277885559","1.7.10","5030","","","","0"
"2023-06","Canada","2016A000011124","Beginning stocks","Renewable fuel plant feedstocks, total","Metric tonnes","214","units","0","v1277885549","1.1.1","93418","","","","0"
"2023-06","Canada","2016A000011124","Beginning stocks","Cereal grains, total","Metric tonnes","214","units","0","v1277885560","1.1.2","63226","","","","0"
"2023-06","Canada","2016A000011124","Beginning stocks","Vegetable oils, total","Metric tonnes","214","units","0","v1277885565","1.1.3","28940","","","","0"
"2023-06","Canada","2016A000011124","Beginning stocks","Other renewable fuel plant feedstocks, total","Metric tonnes","214","units","0","v1277885570","1.1.4","1252","","","","0"
"2023-06","Canada","2016A000011124","Beginning stocks","Renewable fuels, total","Cubic metres","72","units","0","v1277885575","1.1.5","29160","","","","0"
"2023-06","Canada","2016A000011124","Beginning stocks","Fuel ethanol","Cubic metres","72","units","0","v1277885580","1.1.6","23579","","","","0"
"2023-06","Canada","2016A000011124","Beginning stocks","Renewable fuels except fuel ethanol","Cubic metres","72","units","0","v1277885585","1.1.7","5581","","","","0"
"2023-06","Canada","2016A000011124","Beginning stocks","Renewable fuel plant co-products, total","Metric tonnes","214","units","0","v1277885590","1.1.8","13551","","","","0"
"2023-06","Canada","2016A000011124","Beginning stocks","Distillers grains, total","Metric tonnes","214","units","0","v1277885596","1.1.9","8524","","","","0"
"2023-06","Canada","2016A000011124","Beginning stocks","Renewable fuel plant co-products except distillers grains","Metric tonnes","214","units","0","v1277885554","1.1.10","5027","","","","0"
"2023-06","Canada","2016A000011124","Receipts","Renewable fuel plant feedstocks, total","Metric tonnes","214","units","0","v1277885550","1.2.1","397210","","","","0"
"2023-06","Canada","2016A000011124","Receipts","Cereal grains, total","Metric tonnes","214","units","0","v1277885561","1.2.2","350658","","","","0"
"2023-06","Canada","2016A000011124","Receipts","Vegetable oils, total","Metric tonnes","214","units","0","v1277885566","1.2.3","40297","","","","0"
"2023-06","Canada","2016A000011124","Receipts","Other renewable fuel plant feedstocks, total","Metric tonnes","214","units","0","v1277885571","1.2.4","6255","","","","0"
"2023-06","Canada","2016A000011124","Receipts","Renewable fuel plant co-products, total","Metric tonnes","214","units","0","v1277885591","1.2.8","","..","","","0"
"2023-06","Canada","2016A000011124","Receipts","Distillers grains, total","Metric tonnes","214","units","0","v1277885597","1.2.9","","..","","","0"
"2023-06","Canada","2016A000011124","Receipts","Renewable fuel plant co-products except distillers grains","Metric tonnes","214","units","0","v1277885555","1.2.10","","..","","","0"
"2023-06","Canada","2016A000011124","Inputs","Renewable fuel plant feedstocks, total","Metric tonnes","214","units","0","v1277885551","1.3.1","383153","","","","0"
"2023-06","Canada","2016A000011124","Inputs","Cereal grains, total","Metric tonnes","214","units","0","v1277885562","1.3.2","336240","","","","0"
"2023-06","Canada","2016A000011124","Inputs","Vegetable oils, total","Metric tonnes","214","units","0","v1277885567","1.3.3","40330","","","","0"
"2023-06","Canada","2016A000011124","Inputs","Other renewable fuel plant feedstocks, total","Metric tonnes","214","units","0","v1277885572","1.3.4","6583","","","","0"
"2023-06","Canada","2016A000011124","Production","Renewable fuels, total","Cubic metres","72","units","0","v1277885576","1.4.5","185836","","","","0"
"2023-06","Canada","2016A000011124","Production","Fuel ethanol","Cubic metres","72","units","0","v1277885581","1.4.6","138214","","","","0"
"2023-06","Canada","2016A000011124","Production","Renewable fuels except fuel ethanol","Cubic metres","72","units","0","v1277885586","1.4.7","47622","","","","0"
"2023-06","Canada","2016A000011124","Production","Renewable fuel plant co-products, total","Metric tonnes","214","units","0","v1277885592","1.4.8","114306","","","","0"
"2023-06","Canada","2016A000011124","Production","Distillers grains, total","Metric tonnes","214","units","0","v1277885598","1.4.9","100593","","","","0"
"2023-06","Canada","2016A000011124","Production","Renewable fuel plant co-products except distillers grains","Metric tonnes","214","units","0","v1277885556","1.4.10","13713","","","","0"
"2023-06","Canada","2016A000011124","Shipments","Renewable fuels, total","Cubic metres","72","units","0","v1277885577","1.5.5","188658","","","","0"
"2023-06","Canada","2016A000011124","Shipments","Fuel ethanol","Cubic metres","72","units","0","v1277885582","1.5.6","139431","","","","0"
"2023-06","Canada","2016A000011124","Shipments","Renewable fuels except fuel ethanol","Cubic metres","72","units","0","v1277885587","1.5.7","49227","","","","0"
"2023-06","Canada","2016A000011124","Shipments","Renewable fuel plant co-products, total","Metric tonnes","214","units","0","v1277885593","1.5.8","117333","","","","0"
"2023-06","Canada","2016A000011124","Shipments","Distillers grains, total","Metric tonnes","214","units","0","v1277885599","1.5.9","102018","","","","0"
"2023-06","Canada","2016A000011124","Shipments","Renewable fuel plant co-products except distillers grains","Metric tonnes","214","units","0","v1277885557","1.5.10","15315","","","","0"
"2023-06","Canada","2016A000011124","Losses and adjustments","Renewable fuel plant feedstocks, total","Metric tonnes","214","units","0","v1277885552","1.6.1","142","","","","0"
"2023-06","Canada","2016A000011124","Losses and adjustments","Cereal grains, total","Metric tonnes","214","units","0","v1277885563","1.6.2","145","","","","0"
"2023-06","Canada","2016A000011124","Losses and adjustments","Vegetable oils, total","Metric tonnes","214","units","0","v1277885568","1.6.3","180","","","","0"
"2023-06","Canada","2016A000011124","Losses and adjustments","Other renewable fuel plant feedstocks, total","Metric tonnes","214","units","0","v1277885573","1.6.4","-183","","","","0"
"2023-06","Canada","2016A000011124","Losses and adjustments","Renewable fuels, total","Cubic metres","72","units","0","v1277885578","1.6.5","69","","","","0"
"2023-06","Canada","2016A000011124","Losses and adjustments","Fuel ethanol","Cubic metres","72","units","0","v1277885583","1.6.6","-33","","","","0"
"2023-06","Canada","2016A000011124","Losses and adjustments","Renewable fuels except fuel ethanol","Cubic metres","72","units","0","v1277885588","1.6.7","102","","","","0"
"2023-06","Canada","2016A000011124","Losses and adjustments","Renewable fuel plant co-products, total","Metric tonnes","214","units","0","v1277885594","1.6.8","-568","","","","0"
"2023-06","Canada","2016A000011124","Losses and adjustments","Distillers grains, total","Metric tonnes","214","units","0","v1277885600","1.6.9","-165","","","","0"
"2023-06","Canada","2016A000011124","Losses and adjustments","Renewable fuel plant co-products except distillers grains","Metric tonnes","214","units","0","v1277885558","1.6.10","-403","","","","0"
"2023-06","Canada","2016A000011124","Ending stocks","Renewable fuel plant feedstocks, total","Metric tonnes","214","units","0","v1277885553","1.7.1","107662","","","","0"
"2023-06","Canada","2016A000011124","Ending stocks","Cereal grains, total","Metric tonnes","214","units","0","v1277885564","1.7.2","77499","","","","0"
"2023-06","Canada","2016A000011124","Ending stocks","Vegetable oils, total","Metric tonnes","214","units","0","v1277885569","1.7.3","28727","","","","0"
"2023-06","Canada","2016A000011124","Ending stocks","Other renewable fuel plant feedstocks, total","Metric tonnes","214","units","0","v1277885574","1.7.4","1436","","","","0"
"2023-06","Canada","2016A000011124","Ending stocks","Renewable fuels, total","Cubic metres","72","units","0","v1277885579","1.7.5","29273","","","","0"
"2023-06","Canada","2016A000011124","Ending stocks","Fuel ethanol","Cubic metres","72","units","0","v1277885584","1.7.6","22582","","","","0"
"2023-06","Canada","2016A000011124","Ending stocks","Renewable fuels except fuel ethanol","Cubic metres","72","units","0","v1277885589","1.7.7","6691","","","","0"
"2023-06","Canada","2016A000011124","Ending stocks","Renewable fuel plant co-products, total","Metric tonnes","214","units","0","v1277885595","1.7.8","12565","","","","0"
"2023-06","Canada","2016A000011124","Ending stocks","Distillers grains, total","Metric tonnes","214","units","0","v1277885601","1.7.9","7264","","","","0"
"2023-06","Canada","2016A000011124","Ending stocks","Renewable fuel plant co-products except distillers grains","Metric tonnes","214","units","0","v1277885559","1.7.10","5301","","","","0"
"2023-07","Canada","2016A000011124","Beginning stocks","Renewable fuel plant feedstocks, total","Metric tonnes","214","units","0","v1277885549","1.1.1","107662","","","","0"
"2023-07","Canada","2016A000011124","Beginning stocks","Cereal grains, total","Metric tonnes","214","units","0","v1277885560","1.1.2","77499","","","","0"
"2023-07","Canada","2016A000011124","Beginning stocks","Vegetable oils, total","Metric tonnes","214","units","0","v1277885565","1.1.3","28727","","","","0"
"2023-07","Canada","2016A000011124","Beginning stocks","Other renewable fuel plant feedstocks, total","Metric tonnes","214","units","0","v1277885570","1.1.4","1436","","","","0"
"2023-07","Canada","2016A000011124","Beginning stocks","Renewable fuels, total","Cubic metres","72","units","0","v1277885575","1.1.5","29273","","","","0"
"2023-07","Canada","2016A000011124","Beginning stocks","Fuel ethanol","Cubic metres","72","units","0","v1277885580","1.1.6","22582","","","","0"
"2023-07","Canada","2016A000011124","Beginning stocks","Renewable fuels except fuel ethanol","Cubic metres","72","units","0","v1277885585","1.1.7","6691","","","","0"
"2023-07","Canada","2016A000011124","Beginning stocks","Renewable fuel plant co-products, total","Metric tonnes","214","units","0","v1277885590","1.1.8","12565","","","","0"
"2023-07","Canada","2016A000011124","Beginning stocks","Distillers grains, total","Metric tonnes","214","units","0","v1277885596","1.1.9","7264","","","","0"
"2023-07","Canada","2016A000011124","Beginning stocks","Renewable fuel plant co-products except distillers grains","Metric tonnes","214","units","0","v1277885554","1.1.10","5301","","","","0"
"2023-07","Canada","2016A000011124","Receipts","Renewable fuel plant feedstocks, total","Metric tonnes","214","units","0","v1277885550","1.2.1","396586","","","","0"
"2023-07","Canada","2016A000011124","Receipts","Cereal grains, total","Metric tonnes","214","units","0","v1277885561","1.2.2","353096","","","","0"
"2023-07","Canada","2016A000011124","Receipts","Vegetable oils, total","Metric tonnes","214","units","0","v1277885566","1.2.3","37345","","","","0"
"2023-07","Canada","2016A000011124","Receipts","Other renewable fuel plant feedstocks, total","Metric tonnes","214","units","0","v1277885571","1.2.4","6145","","","","0"
"2023-07","Canada","2016A000011124","Receipts","Renewable fuel plant co-products, total","Metric tonnes","214","units","0","v1277885591","1.2.8","","..","","","0"
"2023-07","Canada","2016A000011124","Receipts","Distillers grains, total","Metric tonnes","214","units","0","v1277885597","1.2.9","","..","","","0"
"2023-07","Canada","2016A000011124","Receipts","Renewable fuel plant co-products except distillers grains","Metric tonnes","214","units","0","v1277885555","1.2.10","","..","","","0"
"2023-07","Canada","2016A000011124","Inputs","Renewable fuel plant feedstocks, total","Metric tonnes","214","units","0","v1277885551","1.3.1","410612","","","","0"
"2023-07","Canada","2016A000011124","Inputs","Cereal grains, total","Metric tonnes","214","units","0","v1277885562","1.3.2","366776","","","","0"
"2023-07","Canada","2016A000011124","Inputs","Vegetable oils, total","Metric tonnes","214","units","0","v1277885567","1.3.3","37418","","","","0"
"2023-07","Canada","2016A000011124","Inputs","Other renewable fuel plant feedstocks, total","Metric tonnes","214","units","0","v1277885572","1.3.4","6418","","","","0"
"2023-07","Canada","2016A000011124","Production","Renewable fuels, total","Cubic metres","72","units","0","v1277885576","1.4.5","199442","","","","0"
"2023-07","Canada","2016A000011124","Production","Fuel ethanol","Cubic metres","72","units","0","v1277885581","1.4.6","153288","","","","0"
"2023-07","Canada","2016A000011124","Production","Renewable fuels except fuel ethanol","Cubic metres","72","units","0","v1277885586","1.4.7","46154","","","","0"
"2023-07","Canada","2016A000011124","Production","Renewable fuel plant co-products, total","Metric tonnes","214","units","0","v1277885592","1.4.8","129830","","","","0"
"2023-07","Canada","2016A000011124","Production","Distillers grains, total","Metric tonnes","214","units","0","v1277885598","1.4.9","115510","","","","0"
"2023-07","Canada","2016A000011124","Production","Renewable fuel plant co-products except distillers grains","Metric tonnes","214","units","0","v1277885556","1.4.10","14320","","","","0"
"2023-07","Canada","2016A000011124","Shipments","Renewable fuels, total","Cubic metres","72","units","0","v1277885577","1.5.5","202770","","","","0"
"2023-07","Canada","2016A000011124","Shipments","Fuel ethanol","Cubic metres","72","units","0","v1277885582","1.5.6","152815","","","","0"
"2023-07","Canada","2016A000011124","Shipments","Renewable fuels except fuel ethanol","Cubic metres","72","units","0","v1277885587","1.5.7","49955","","","","0"
"2023-07","Canada","2016A000011124","Shipments","Renewable fuel plant co-products, total","Metric tonnes","214","units","0","v1277885593","1.5.8","127361","","","","0"
"2023-07","Canada","2016A000011124","Shipments","Distillers grains, total","Metric tonnes","214","units","0","v1277885599","1.5.9","112290","","","","0"
"2023-07","Canada","2016A000011124","Shipments","Renewable fuel plant co-products except distillers grains","Metric tonnes","214","units","0","v1277885557","1.5.10","15071","","","","0"
"2023-07","Canada","2016A000011124","Losses and adjustments","Renewable fuel plant feedstocks, total","Metric tonnes","214","units","0","v1277885552","1.6.1","592","","","","0"
"2023-07","Canada","2016A000011124","Losses and adjustments","Cereal grains, total","Metric tonnes","214","units","0","v1277885563","1.6.2","670","","","","0"
"2023-07","Canada","2016A000011124","Losses and adjustments","Vegetable oils, total","Metric tonnes","214","units","0","v1277885568","1.6.3","-26","","","","0"
"2023-07","Canada","2016A000011124","Losses and adjustments","Other renewable fuel plant feedstocks, total","Metric tonnes","214","units","0","v1277885573","1.6.4","-52","","","","0"
"2023-07","Canada","2016A000011124","Losses and adjustments","Renewable fuels, total","Cubic metres","72","units","0","v1277885578","1.6.5","-580","","","","0"
"2023-07","Canada","2016A000011124","Losses and adjustments","Fuel ethanol","Cubic metres","72","units","0","v1277885583","1.6.6","-691","","","","0"
"2023-07","Canada","2016A000011124","Losses and adjustments","Renewable fuels except fuel ethanol","Cubic metres","72","units","0","v1277885588","1.6.7","111","","","","0"
"2023-07","Canada","2016A000011124","Losses and adjustments","Renewable fuel plant co-products, total","Metric tonnes","214","units","0","v1277885594","1.6.8","589","","","","0"
"2023-07","Canada","2016A000011124","Losses and adjustments","Distillers grains, total","Metric tonnes","214","units","0","v1277885600","1.6.9","1040","","","","0"
"2023-07","Canada","2016A000011124","Losses and adjustments","Renewable fuel plant co-products except distillers grains","Metric tonnes","214","units","0","v1277885558","1.6.10","-451","","","","0"
"2023-07","Canada","2016A000011124","Ending stocks","Renewable fuel plant feedstocks, total","Metric tonnes","214","units","0","v1277885553","1.7.1","93324","","","","0"
"2023-07","Canada","2016A000011124","Ending stocks","Cereal grains, total","Metric tonnes","214","units","0","v1277885564","1.7.2","63149","","","","0"
"2023-07","Canada","2016A000011124","Ending stocks","Vegetable oils, total","Metric tonnes","214","units","0","v1277885569","1.7.3","28680","","","","0"
"2023-07","Canada","2016A000011124","Ending stocks","Other renewable fuel plant feedstocks, total","Metric tonnes","214","units","0","v1277885574","1.7.4","1495","","","","0"
"2023-07","Canada","2016A000011124","Ending stocks","Renewable fuels, total","Cubic metres","72","units","0","v1277885579","1.7.5","29281","","","","0"
"2023-07","Canada","2016A000011124","Ending stocks","Fuel ethanol","Cubic metres","72","units","0","v1277885584","1.7.6","23783","","","","0"
"2023-07","Canada","2016A000011124","Ending stocks","Renewable fuels except fuel ethanol","Cubic metres","72","units","0","v1277885589","1.7.7","5498","","","","0"
"2023-07","Canada","2016A000011124","Ending stocks","Renewable fuel plant co-products, total","Metric tonnes","214","units","0","v1277885595","1.7.8","15624","","","","0"
"2023-07","Canada","2016A000011124","Ending stocks","Distillers grains, total","Metric tonnes","214","units","0","v1277885601","1.7.9","9444","","","","0"
"2023-07","Canada","2016A000011124","Ending stocks","Renewable fuel plant co-products except distillers grains","Metric tonnes","214","units","0","v1277885559","1.7.10","6180","","","","0"
"2023-08","Canada","2016A000011124","Beginning stocks","Renewable fuel plant feedstocks, total","Metric tonnes","214","units","0","v1277885549","1.1.1","93324","","","","0"
"2023-08","Canada","2016A000011124","Beginning stocks","Cereal grains, total","Metric tonnes","214","units","0","v1277885560","1.1.2","63149","","","","0"
"2023-08","Canada","2016A000011124","Beginning stocks","Vegetable oils, total","Metric tonnes","214","units","0","v1277885565","1.1.3","28680","","","","0"
"2023-08","Canada","2016A000011124","Beginning stocks","Other renewable fuel plant feedstocks, total","Metric tonnes","214","units","0","v1277885570","1.1.4","1495","","","","0"
"2023-08","Canada","2016A000011124","Beginning stocks","Renewable fuels, total","Cubic metres","72","units","0","v1277885575","1.1.5","29281","","","","0"
"2023-08","Canada","2016A000011124","Beginning stocks","Fuel ethanol","Cubic metres","72","units","0","v1277885580","1.1.6","23783","","","","0"
"2023-08","Canada","2016A000011124","Beginning stocks","Renewable fuels except fuel ethanol","Cubic metres","72","units","0","v1277885585","1.1.7","5498","","","","0"
"2023-08","Canada","2016A000011124","Beginning stocks","Renewable fuel plant co-products, total","Metric tonnes","214","units","0","v1277885590","1.1.8","15624","","","","0"
"2023-08","Canada","2016A000011124","Beginning stocks","Distillers grains, total","Metric tonnes","214","units","0","v1277885596","1.1.9","9442","","","","0"
"2023-08","Canada","2016A000011124","Beginning stocks","Renewable fuel plant co-products except distillers grains","Metric tonnes","214","units","0","v1277885554","1.1.10","6182","","","","0"
"2023-08","Canada","2016A000011124","Receipts","Renewable fuel plant feedstocks, total","Metric tonnes","214","units","0","v1277885550","1.2.1","408746","","","","0"
"2023-08","Canada","2016A000011124","Receipts","Cereal grains, total","Metric tonnes","214","units","0","v1277885561","1.2.2","370075","","","","0"
"2023-08","Canada","2016A000011124","Receipts","Vegetable oils, total","Metric tonnes","214","units","0","v1277885566","1.2.3","32487","","","","0"
"2023-08","Canada","2016A000011124","Receipts","Other renewable fuel plant feedstocks, total","Metric tonnes","214","units","0","v1277885571","1.2.4","6184","","","","0"
"2023-08","Canada","2016A000011124","Receipts","Renewable fuel plant co-products, total","Metric tonnes","214","units","0","v1277885591","1.2.8","","..","","","0"
"2023-08","Canada","2016A000011124","Receipts","Distillers grains, total","Metric tonnes","214","units","0","v1277885597","1.2.9","","..","","","0"
"2023-08","Canada","2016A000011124","Receipts","Renewable fuel plant co-products except distillers grains","Metric tonnes","214","units","0","v1277885555","1.2.10","","..","","","0"
"2023-08","Canada","2016A000011124","Inputs","Renewable fuel plant feedstocks, total","Metric tonnes","214","units","0","v1277885551","1.3.1","403104","","","","0"
"2023-08","Canada","2016A000011124","Inputs","Cereal grains, total","Metric tonnes","214","units","0","v1277885562","1.3.2","363285","","","","0"
"2023-08","Canada","2016A000011124","Inputs","Vegetable oils, total","Metric tonnes","214","units","0","v1277885567","1.3.3","33076","","","","0"
"2023-08","Canada","2016A000011124","Inputs","Other renewable fuel plant feedstocks, total","Metric tonnes","214","units","0","v1277885572","1.3.4","6743","","","","0"
"2023-08","Canada","2016A000011124","Production","Renewable fuels, total","Cubic metres","72","units","0","v1277885576","1.4.5","193325","","","","0"
"2023-08","Canada","2016A000011124","Production","Fuel ethanol","Cubic metres","72","units","0","v1277885581","1.4.6","151728","","","","0"
"2023-08","Canada","2016A000011124","Production","Renewable fuels except fuel ethanol","Cubic metres","72","units","0","v1277885586","1.4.7","41597","","","","0"
"2023-08","Canada","2016A000011124","Production","Renewable fuel plant co-products, total","Metric tonnes","214","units","0","v1277885592","1.4.8","127242","","","","0"
"2023-08","Canada","2016A000011124","Production","Distillers grains, total","Metric tonnes","214","units","0","v1277885598","1.4.9","114594","","","","0"
"2023-08","Canada","2016A000011124","Production","Renewable fuel plant co-products except distillers grains","Metric tonnes","214","units","0","v1277885556","1.4.10","12648","","","","0"
"2023-08","Canada","2016A000011124","Shipments","Renewable fuels, total","Cubic metres","72","units","0","v1277885577","1.5.5","201212","","","","0"
"2023-08","Canada","2016A000011124","Shipments","Fuel ethanol","Cubic metres","72","units","0","v1277885582","1.5.6","153930","","","","0"
"2023-08","Canada","2016A000011124","Shipments","Renewable fuels except fuel ethanol","Cubic metres","72","units","0","v1277885587","1.5.7","47282","","","","0"
"2023-08","Canada","2016A000011124","Shipments","Renewable fuel plant co-products, total","Metric tonnes","214","units","0","v1277885593","1.5.8","130544","","","","0"
"2023-08","Canada","2016A000011124","Shipments","Distillers grains, total","Metric tonnes","214","units","0","v1277885599","1.5.9","115763","","","","0"
"2023-08","Canada","2016A000011124","Shipments","Renewable fuel plant co-products except distillers grains","Metric tonnes","214","units","0","v1277885557","1.5.10","14781","","","","0"
"2023-08","Canada","2016A000011124","Losses and adjustments","Renewable fuel plant feedstocks, total","Metric tonnes","214","units","0","v1277885552","1.6.1","-8","","","","0"
"2023-08","Canada","2016A000011124","Losses and adjustments","Cereal grains, total","Metric tonnes","214","units","0","v1277885563","1.6.2","-110","","","","0"
"2023-08","Canada","2016A000011124","Losses and adjustments","Vegetable oils, total","Metric tonnes","214","units","0","v1277885568","1.6.3","166","","","","0"
"2023-08","Canada","2016A000011124","Losses and adjustments","Other renewable fuel plant feedstocks, total","Metric tonnes","214","units","0","v1277885573","1.6.4","-64","","","","0"
"2023-08","Canada","2016A000011124","Losses and adjustments","Renewable fuels, total","Cubic metres","72","units","0","v1277885578","1.6.5","789","","","","0"
"2023-08","Canada","2016A000011124","Losses and adjustments","Fuel ethanol","Cubic metres","72","units","0","v1277885583","1.6.6","675","","","","0"
"2023-08","Canada","2016A000011124","Losses and adjustments","Renewable fuels except fuel ethanol","Cubic metres","72","units","0","v1277885588","1.6.7","114","","","","0"
"2023-08","Canada","2016A000011124","Losses and adjustments","Renewable fuel plant co-products, total","Metric tonnes","214","units","0","v1277885594","1.6.8","860","","","","0"
"2023-08","Canada","2016A000011124","Losses and adjustments","Distillers grains, total","Metric tonnes","214","units","0","v1277885600","1.6.9","1167","","","","0"
"2023-08","Canada","2016A000011124","Losses and adjustments","Renewable fuel plant co-products except distillers grains","Metric tonnes","214","units","0","v1277885558","1.6.10","-307","","","","0"
"2023-08","Canada","2016A000011124","Ending stocks","Renewable fuel plant feedstocks, total","Metric tonnes","214","units","0","v1277885553","1.7.1","99224","","","","0"
"2023-08","Canada","2016A000011124","Ending stocks","Cereal grains, total","Metric tonnes","214","units","0","v1277885564","1.7.2","70049","","","","0"
"2023-08","Canada","2016A000011124","Ending stocks","Vegetable oils, total","Metric tonnes","214","units","0","v1277885569","1.7.3","27925","","","","0"
"2023-08","Canada","2016A000011124","Ending stocks","Other renewable fuel plant feedstocks, total","Metric tonnes","214","units","0","v1277885574","1.7.4","1250","","","","0"
"2023-08","Canada","2016A000011124","Ending stocks","Renewable fuels, total","Cubic metres","72","units","0","v1277885579","1.7.5","23543","","","","0"
"2023-08","Canada","2016A000011124","Ending stocks","Fuel ethanol","Cubic metres","72","units","0","v1277885584","1.7.6","20984","","","","0"
"2023-08","Canada","2016A000011124","Ending stocks","Renewable fuels except fuel ethanol","Cubic metres","72","units","0","v1277885589","1.7.7","2559","","","","0"
"2023-08","Canada","2016A000011124","Ending stocks","Renewable fuel plant co-products, total","Metric tonnes","214","units","0","v1277885595","1.7.8","12306","","","","0"
"2023-08","Canada","2016A000011124","Ending stocks","Distillers grains, total","Metric tonnes","214","units","0","v1277885601","1.7.9","7106","","","","0"
"2023-08","Canada","2016A000011124","Ending stocks","Renewable fuel plant co-products except distillers grains","Metric tonnes","214","units","0","v1277885559","1.7.10","5200","","","","0"
"2023-09","Canada","2016A000011124","Beginning stocks","Renewable fuel plant feedstocks, total","Metric tonnes","214","units","0","v1277885549","1.1.1","99224","","","","0"
"2023-09","Canada","2016A000011124","Beginning stocks","Cereal grains, total","Metric tonnes","214","units","0","v1277885560","1.1.2","70049","","","","0"
"2023-09","Canada","2016A000011124","Beginning stocks","Vegetable oils, total","Metric tonnes","214","units","0","v1277885565","1.1.3","27925","","","","0"
"2023-09","Canada","2016A000011124","Beginning stocks","Other renewable fuel plant feedstocks, total","Metric tonnes","214","units","0","v1277885570","1.1.4","1250","","","","0"
"2023-09","Canada","2016A000011124","Beginning stocks","Renewable fuels, total","Cubic metres","72","units","0","v1277885575","1.1.5","23543","","","","0"
"2023-09","Canada","2016A000011124","Beginning stocks","Fuel ethanol","Cubic metres","72","units","0","v1277885580","1.1.6","20984","","","","0"
"2023-09","Canada","2016A000011124","Beginning stocks","Renewable fuels except fuel ethanol","Cubic metres","72","units","0","v1277885585","1.1.7","2559","","","","0"
"2023-09","Canada","2016A000011124","Beginning stocks","Renewable fuel plant co-products, total","Metric tonnes","214","units","0","v1277885590","1.1.8","12393","","","","0"
"2023-09","Canada","2016A000011124","Beginning stocks","Distillers grains, total","Metric tonnes","214","units","0","v1277885596","1.1.9","7193","","","","0"
"2023-09","Canada","2016A000011124","Beginning stocks","Renewable fuel plant co-products except distillers grains","Metric tonnes","214","units","0","v1277885554","1.1.10","5200","","","","0"
"2023-09","Canada","2016A000011124","Receipts","Renewable fuel plant feedstocks, total","Metric tonnes","214","units","0","v1277885550","1.2.1","395374","","","","0"
"2023-09","Canada","2016A000011124","Receipts","Cereal grains, total","Metric tonnes","214","units","0","v1277885561","1.2.2","330740","","","","0"
"2023-09","Canada","2016A000011124","Receipts","Vegetable oils, total","Metric tonnes","214","units","0","v1277885566","1.2.3","58977","","","","0"
"2023-09","Canada","2016A000011124","Receipts","Other renewable fuel plant feedstocks, total","Metric tonnes","214","units","0","v1277885571","1.2.4","5657","","","","0"
"2023-09","Canada","2016A000011124","Receipts","Renewable fuel plant co-products, total","Metric tonnes","214","units","0","v1277885591","1.2.8","","..","","","0"
"2023-09","Canada","2016A000011124","Receipts","Distillers grains, total","Metric tonnes","214","units","0","v1277885597","1.2.9","","..","","","0"
"2023-09","Canada","2016A000011124","Receipts","Renewable fuel plant co-products except distillers grains","Metric tonnes","214","units","0","v1277885555","1.2.10","","..","","","0"
"2023-09","Canada","2016A000011124","Inputs","Renewable fuel plant feedstocks, total","Metric tonnes","214","units","0","v1277885551","1.3.1","368195","","","","0"
"2023-09","Canada","2016A000011124","Inputs","Cereal grains, total","Metric tonnes","214","units","0","v1277885562","1.3.2","331540","","","","0"
"2023-09","Canada","2016A000011124","Inputs","Vegetable oils, total","Metric tonnes","214","units","0","v1277885567","1.3.3","30719","","","","0"
"2023-09","Canada","2016A000011124","Inputs","Other renewable fuel plant feedstocks, total","Metric tonnes","214","units","0","v1277885572","1.3.4","5936","","","","0"
"2023-09","Canada","2016A000011124","Production","Renewable fuels, total","Cubic metres","72","units","0","v1277885576","1.4.5","174900","","","","0"
"2023-09","Canada","2016A000011124","Production","Fuel ethanol","Cubic metres","72","units","0","v1277885581","1.4.6","136625","","","","0"
"2023-09","Canada","2016A000011124","Production","Renewable fuels except fuel ethanol","Cubic metres","72","units","0","v1277885586","1.4.7","38275","","","","0"
"2023-09","Canada","2016A000011124","Production","Renewable fuel plant co-products, total","Metric tonnes","214","units","0","v1277885592","1.4.8","117731","","","","0"
"2023-09","Canada","2016A000011124","Production","Distillers grains, total","Metric tonnes","214","units","0","v1277885598","1.4.9","105889","","","","0"
"2023-09","Canada","2016A000011124","Production","Renewable fuel plant co-products except distillers grains","Metric tonnes","214","units","0","v1277885556","1.4.10","11842","","","","0"
"2023-09","Canada","2016A000011124","Shipments","Renewable fuels, total","Cubic metres","72","units","0","v1277885577","1.5.5","172283","","","","0"
"2023-09","Canada","2016A000011124","Shipments","Fuel ethanol","Cubic metres","72","units","0","v1277885582","1.5.6","134715","","","","0"
"2023-09","Canada","2016A000011124","Shipments","Renewable fuels except fuel ethanol","Cubic metres","72","units","0","v1277885587","1.5.7","37568","","","","0"
"2023-09","Canada","2016A000011124","Shipments","Renewable fuel plant co-products, total","Metric tonnes","214","units","0","v1277885593","1.5.8","115688","","","","0"
"2023-09","Canada","2016A000011124","Shipments","Distillers grains, total","Metric tonnes","214","units","0","v1277885599","1.5.9","103333","","","","0"
"2023-09","Canada","2016A000011124","Shipments","Renewable fuel plant co-products except distillers grains","Metric tonnes","214","units","0","v1277885557","1.5.10","12355","","","","0"
"2023-09","Canada","2016A000011124","Losses and adjustments","Renewable fuel plant feedstocks, total","Metric tonnes","214","units","0","v1277885552","1.6.1","-983","","","","0"
"2023-09","Canada","2016A000011124","Losses and adjustments","Cereal grains, total","Metric tonnes","214","units","0","v1277885563","1.6.2","-752","","","","0"
"2023-09","Canada","2016A000011124","Losses and adjustments","Vegetable oils, total","Metric tonnes","214","units","0","v1277885568","1.6.3","170","","","","0"
"2023-09","Canada","2016A000011124","Losses and adjustments","Other renewable fuel plant feedstocks, total","Metric tonnes","214","units","0","v1277885573","1.6.4","-401","","","","0"
"2023-09","Canada","2016A000011124","Losses and adjustments","Renewable fuels, total","Cubic metres","72","units","0","v1277885578","1.6.5","315","","","","0"
"2023-09","Canada","2016A000011124","Losses and adjustments","Fuel ethanol","Cubic metres","72","units","0","v1277885583","1.6.6","253","","","","0"
"2023-09","Canada","2016A000011124","Losses and adjustments","Renewable fuels except fuel ethanol","Cubic metres","72","units","0","v1277885588","1.6.7","62","","","","0"
"2023-09","Canada","2016A000011124","Losses and adjustments","Renewable fuel plant co-products, total","Metric tonnes","214","units","0","v1277885594","1.6.8","389","","","","0"
"2023-09","Canada","2016A000011124","Losses and adjustments","Distillers grains, total","Metric tonnes","214","units","0","v1277885600","1.6.9","732","","","","0"
"2023-09","Canada","2016A000011124","Losses and adjustments","Renewable fuel plant co-products except distillers grains","Metric tonnes","214","units","0","v1277885558","1.6.10","-343","","","","0"
"2023-09","Canada","2016A000011124","Ending stocks","Renewable fuel plant feedstocks, total","Metric tonnes","214","units","0","v1277885553","1.7.1","127642","","","","0"
"2023-09","Canada","2016A000011124","Ending stocks","Cereal grains, total","Metric tonnes","214","units","0","v1277885564","1.7.2","70001","","","","0"
"2023-09","Canada","2016A000011124","Ending stocks","Vegetable oils, total","Metric tonnes","214","units","0","v1277885569","1.7.3","56013","","","","0"
"2023-09","Canada","2016A000011124","Ending stocks","Other renewable fuel plant feedstocks, total","Metric tonnes","214","units","0","v1277885574","1.7.4","1628","","","","0"
"2023-09","Canada","2016A000011124","Ending stocks","Renewable fuels, total","Cubic metres","72","units","0","v1277885579","1.7.5","27839","","","","0"
"2023-09","Canada","2016A000011124","Ending stocks","Fuel ethanol","Cubic metres","72","units","0","v1277885584","1.7.6","22678","","","","0"
"2023-09","Canada","2016A000011124","Ending stocks","Renewable fuels except fuel ethanol","Cubic metres","72","units","0","v1277885589","1.7.7","5161","","","","0"
"2023-09","Canada","2016A000011124","Ending stocks","Renewable fuel plant co-products, total","Metric tonnes","214","units","0","v1277885595","1.7.8","14249","","","","0"
"2023-09","Canada","2016A000011124","Ending stocks","Distillers grains, total","Metric tonnes","214","units","0","v1277885601","1.7.9","9017","","","","0"
"2023-09","Canada","2016A000011124","Ending stocks","Renewable fuel plant co-products except distillers grains","Metric tonnes","214","units","0","v1277885559","1.7.10","5232","","","","0"
"2023-10","Canada","2016A000011124","Beginning stocks","Renewable fuel plant feedstocks, total","Metric tonnes","214","units","0","v1277885549","1.1.1","128819","","","","0"
"2023-10","Canada","2016A000011124","Beginning stocks","Cereal grains, total","Metric tonnes","214","units","0","v1277885560","1.1.2","70001","","","","0"
"2023-10","Canada","2016A000011124","Beginning stocks","Vegetable oils, total","Metric tonnes","214","units","0","v1277885565","1.1.3","56013","","","","0"
"2023-10","Canada","2016A000011124","Beginning stocks","Other renewable fuel plant feedstocks, total","Metric tonnes","214","units","0","v1277885570","1.1.4","2805","","","","0"
"2023-10","Canada","2016A000011124","Beginning stocks","Renewable fuels, total","Cubic metres","72","units","0","v1277885575","1.1.5","27774","","","","0"
"2023-10","Canada","2016A000011124","Beginning stocks","Fuel ethanol","Cubic metres","72","units","0","v1277885580","1.1.6","22678","","","","0"
"2023-10","Canada","2016A000011124","Beginning stocks","Renewable fuels except fuel ethanol","Cubic metres","72","units","0","v1277885585","1.1.7","5096","","","","0"
"2023-10","Canada","2016A000011124","Beginning stocks","Renewable fuel plant co-products, total","Metric tonnes","214","units","0","v1277885590","1.1.8","14249","","","","0"
"2023-10","Canada","2016A000011124","Beginning stocks","Distillers grains, total","Metric tonnes","214","units","0","v1277885596","1.1.9","9017","","","","0"
"2023-10","Canada","2016A000011124","Beginning stocks","Renewable fuel plant co-products except distillers grains","Metric tonnes","214","units","0","v1277885554","1.1.10","5232","","","","0"
"2023-10","Canada","2016A000011124","Receipts","Renewable fuel plant feedstocks, total","Metric tonnes","214","units","0","v1277885550","1.2.1","346764","","","","0"
"2023-10","Canada","2016A000011124","Receipts","Cereal grains, total","Metric tonnes","214","units","0","v1277885561","1.2.2","306323","","","","0"
"2023-10","Canada","2016A000011124","Receipts","Vegetable oils, total","Metric tonnes","214","units","0","v1277885566","1.2.3","36039","","","","0"
"2023-10","Canada","2016A000011124","Receipts","Other renewable fuel plant feedstocks, total","Metric tonnes","214","units","0","v1277885571","1.2.4","4402","","","","0"
"2023-10","Canada","2016A000011124","Receipts","Renewable fuel plant co-products, total","Metric tonnes","214","units","0","v1277885591","1.2.8","","..","","","0"
"2023-10","Canada","2016A000011124","Receipts","Distillers grains, total","Metric tonnes","214","units","0","v1277885597","1.2.9","","..","","","0"
"2023-10","Canada","2016A000011124","Receipts","Renewable fuel plant co-products except distillers grains","Metric tonnes","214","units","0","v1277885555","1.2.10","","..","","","0"
"2023-10","Canada","2016A000011124","Inputs","Renewable fuel plant feedstocks, total","Metric tonnes","214","units","0","v1277885551","1.3.1","352597","","","","0"
"2023-10","Canada","2016A000011124","Inputs","Cereal grains, total","Metric tonnes","214","units","0","v1277885562","1.3.2","311868","","","","0"
"2023-10","Canada","2016A000011124","Inputs","Vegetable oils, total","Metric tonnes","214","units","0","v1277885567","1.3.3","35754","","","","0"
"2023-10","Canada","2016A000011124","Inputs","Other renewable fuel plant feedstocks, total","Metric tonnes","214","units","0","v1277885572","1.3.4","4975","","","","0"
"2023-10","Canada","2016A000011124","Production","Renewable fuels, total","Cubic metres","72","units","0","v1277885576","1.4.5","170099","","","","0"
"2023-10","Canada","2016A000011124","Production","Fuel ethanol","Cubic metres","72","units","0","v1277885581","1.4.6","129366","","","","0"
"2023-10","Canada","2016A000011124","Production","Renewable fuels except fuel ethanol","Cubic metres","72","units","0","v1277885586","1.4.7","40733","","","","0"
"2023-10","Canada","2016A000011124","Production","Renewable fuel plant co-products, total","Metric tonnes","214","units","0","v1277885592","1.4.8","114461","","","","0"
"2023-10","Canada","2016A000011124","Production","Distillers grains, total","Metric tonnes","214","units","0","v1277885598","1.4.9","102886","","","","0"
"2023-10","Canada","2016A000011124","Production","Renewable fuel plant co-products except distillers grains","Metric tonnes","214","units","0","v1277885556","1.4.10","11575","","","","0"
"2023-10","Canada","2016A000011124","Shipments","Renewable fuels, total","Cubic metres","72","units","0","v1277885577","1.5.5","176690","","","","0"
"2023-10","Canada","2016A000011124","Shipments","Fuel ethanol","Cubic metres","72","units","0","v1277885582","1.5.6","132919","","","","0"
"2023-10","Canada","2016A000011124","Shipments","Renewable fuels except fuel ethanol","Cubic metres","72","units","0","v1277885587","1.5.7","43771","","","","0"
"2023-10","Canada","2016A000011124","Shipments","Renewable fuel plant co-products, total","Metric tonnes","214","units","0","v1277885593","1.5.8","112606","","","","0"
"2023-10","Canada","2016A000011124","Shipments","Distillers grains, total","Metric tonnes","214","units","0","v1277885599","1.5.9","99642","","","","0"
"2023-10","Canada","2016A000011124","Shipments","Renewable fuel plant co-products except distillers grains","Metric tonnes","214","units","0","v1277885557","1.5.10","12964","","","","0"
"2023-10","Canada","2016A000011124","Losses and adjustments","Renewable fuel plant feedstocks, total","Metric tonnes","214","units","0","v1277885552","1.6.1","-973","","","","0"
"2023-10","Canada","2016A000011124","Losses and adjustments","Cereal grains, total","Metric tonnes","214","units","0","v1277885563","1.6.2","-649","","","","0"
"2023-10","Canada","2016A000011124","Losses and adjustments","Vegetable oils, total","Metric tonnes","214","units","0","v1277885568","1.6.3","8","","","","0"
"2023-10","Canada","2016A000011124","Losses and adjustments","Other renewable fuel plant feedstocks, total","Metric tonnes","214","units","0","v1277885573","1.6.4","-332","","","","0"
"2023-10","Canada","2016A000011124","Losses and adjustments","Renewable fuels, total","Cubic metres","72","units","0","v1277885578","1.6.5","-524","","","","0"
"2023-10","Canada","2016A000011124","Losses and adjustments","Fuel ethanol","Cubic metres","72","units","0","v1277885583","1.6.6","-665","","","","0"
"2023-10","Canada","2016A000011124","Losses and adjustments","Renewable fuels except fuel ethanol","Cubic metres","72","units","0","v1277885588","1.6.7","141","","","","0"
"2023-10","Canada","2016A000011124","Losses and adjustments","Renewable fuel plant co-products, total","Metric tonnes","214","units","0","v1277885594","1.6.8","936","","","","0"
"2023-10","Canada","2016A000011124","Losses and adjustments","Distillers grains, total","Metric tonnes","214","units","0","v1277885600","1.6.9","1684","","","","0"
"2023-10","Canada","2016A000011124","Losses and adjustments","Renewable fuel plant co-products except distillers grains","Metric tonnes","214","units","0","v1277885558","1.6.10","-748","","","","0"
"2023-10","Canada","2016A000011124","Ending stocks","Renewable fuel plant feedstocks, total","Metric tonnes","214","units","0","v1277885553","1.7.1","124229","","","","0"
"2023-10","Canada","2016A000011124","Ending stocks","Cereal grains, total","Metric tonnes","214","units","0","v1277885564","1.7.2","65105","","","","0"
"2023-10","Canada","2016A000011124","Ending stocks","Vegetable oils, total","Metric tonnes","214","units","0","v1277885569","1.7.3","56290","","","","0"
"2023-10","Canada","2016A000011124","Ending stocks","Other renewable fuel plant feedstocks, total","Metric tonnes","214","units","0","v1277885574","1.7.4","2834","","","","0"
"2023-10","Canada","2016A000011124","Ending stocks","Renewable fuels, total","Cubic metres","72","units","0","v1277885579","1.7.5","23871","","","","0"
"2023-10","Canada","2016A000011124","Ending stocks","Fuel ethanol","Cubic metres","72","units","0","v1277885584","1.7.6","19825","","","","0"
"2023-10","Canada","2016A000011124","Ending stocks","Renewable fuels except fuel ethanol","Cubic metres","72","units","0","v1277885589","1.7.7","4046","","","","0"
"2023-10","Canada","2016A000011124","Ending stocks","Renewable fuel plant co-products, total","Metric tonnes","214","units","0","v1277885595","1.7.8","15491","","","","0"
"2023-10","Canada","2016A000011124","Ending stocks","Distillers grains, total","Metric tonnes","214","units","0","v1277885601","1.7.9","10577","","","","0"
"2023-10","Canada","2016A000011124","Ending stocks","Renewable fuel plant co-products except distillers grains","Metric tonnes","214","units","0","v1277885559","1.7.10","4914","","","","0"
"2023-11","Canada","2016A000011124","Beginning stocks","Renewable fuel plant feedstocks, total","Metric tonnes","214","units","0","v1277885549","1.1.1","129406","","","","0"
"2023-11","Canada","2016A000011124","Beginning stocks","Cereal grains, total","Metric tonnes","214","units","0","v1277885560","1.1.2","65414","","","","0"
"2023-11","Canada","2016A000011124","Beginning stocks","Vegetable oils, total","Metric tonnes","214","units","0","v1277885565","1.1.3","61158","","","","0"
"2023-11","Canada","2016A000011124","Beginning stocks","Other renewable fuel plant feedstocks, total","Metric tonnes","214","units","0","v1277885570","1.1.4","2834","","","","0"
"2023-11","Canada","2016A000011124","Beginning stocks","Renewable fuels, total","Cubic metres","72","units","0","v1277885575","1.1.5","23871","","","","0"
"2023-11","Canada","2016A000011124","Beginning stocks","Fuel ethanol","Cubic metres","72","units","0","v1277885580","1.1.6","19825","","","","0"
"2023-11","Canada","2016A000011124","Beginning stocks","Renewable fuels except fuel ethanol","Cubic metres","72","units","0","v1277885585","1.1.7","4046","","","","0"
"2023-11","Canada","2016A000011124","Beginning stocks","Renewable fuel plant co-products, total","Metric tonnes","214","units","0","v1277885590","1.1.8","15476","","","","0"
"2023-11","Canada","2016A000011124","Beginning stocks","Distillers grains, total","Metric tonnes","214","units","0","v1277885596","1.1.9","10565","","","","0"
"2023-11","Canada","2016A000011124","Beginning stocks","Renewable fuel plant co-products except distillers grains","Metric tonnes","214","units","0","v1277885554","1.1.10","4911","","","","0"
"2023-11","Canada","2016A000011124","Receipts","Renewable fuel plant feedstocks, total","Metric tonnes","214","units","0","v1277885550","1.2.1","474677","","","","0"
"2023-11","Canada","2016A000011124","Receipts","Cereal grains, total","Metric tonnes","214","units","0","v1277885561","1.2.2","402374","","","","0"
"2023-11","Canada","2016A000011124","Receipts","Vegetable oils, total","Metric tonnes","214","units","0","v1277885566","1.2.3","67675","","","","0"
"2023-11","Canada","2016A000011124","Receipts","Other renewable fuel plant feedstocks, total","Metric tonnes","214","units","0","v1277885571","1.2.4","4628","","","","0"
"2023-11","Canada","2016A000011124","Receipts","Renewable fuel plant co-products, total","Metric tonnes","214","units","0","v1277885591","1.2.8","","..","","","0"
"2023-11","Canada","2016A000011124","Receipts","Distillers grains, total","Metric tonnes","214","units","0","v1277885597","1.2.9","","..","","","0"
"2023-11","Canada","2016A000011124","Receipts","Renewable fuel plant co-products except distillers grains","Metric tonnes","214","units","0","v1277885555","1.2.10","","..","","","0"
"2023-11","Canada","2016A000011124","Inputs","Renewable fuel plant feedstocks, total","Metric tonnes","214","units","0","v1277885551","1.3.1","412403","","","","0"
"2023-11","Canada","2016A000011124","Inputs","Cereal grains, total","Metric tonnes","214","units","0","v1277885562","1.3.2","362961","","","","0"
"2023-11","Canada","2016A000011124","Inputs","Vegetable oils, total","Metric tonnes","214","units","0","v1277885567","1.3.3","43658","","","","0"
"2023-11","Canada","2016A000011124","Inputs","Other renewable fuel plant feedstocks, total","Metric tonnes","214","units","0","v1277885572","1.3.4","5784","","","","0"
"2023-11","Canada","2016A000011124","Production","Renewable fuels, total","Cubic metres","72","units","0","v1277885576","1.4.5","205948","","","","0"
"2023-11","Canada","2016A000011124","Production","Fuel ethanol","Cubic metres","72","units","0","v1277885581","1.4.6","152552","","","","0"
"2023-11","Canada","2016A000011124","Production","Renewable fuels except fuel ethanol","Cubic metres","72","units","0","v1277885586","1.4.7","53396","","","","0"
"2023-11","Canada","2016A000011124","Production","Renewable fuel plant co-products, total","Metric tonnes","214","units","0","v1277885592","1.4.8","124358","","","","0"
"2023-11","Canada","2016A000011124","Production","Distillers grains, total","Metric tonnes","214","units","0","v1277885598","1.4.9","112464","","","","0"
"2023-11","Canada","2016A000011124","Production","Renewable fuel plant co-products except distillers grains","Metric tonnes","214","units","0","v1277885556","1.4.10","11894","","","","0"
"2023-11","Canada","2016A000011124","Shipments","Renewable fuels, total","Cubic metres","72","units","0","v1277885577","1.5.5","201272","","","","0"
"2023-11","Canada","2016A000011124","Shipments","Fuel ethanol","Cubic metres","72","units","0","v1277885582","1.5.6","147912","","","","0"
"2023-11","Canada","2016A000011124","Shipments","Renewable fuels except fuel ethanol","Cubic metres","72","units","0","v1277885587","1.5.7","53360","","","","0"
"2023-11","Canada","2016A000011124","Shipments","Renewable fuel plant co-products, total","Metric tonnes","214","units","0","v1277885593","1.5.8","126787","","","","0"
"2023-11","Canada","2016A000011124","Shipments","Distillers grains, total","Metric tonnes","214","units","0","v1277885599","1.5.9","113922","","","","0"
"2023-11","Canada","2016A000011124","Shipments","Renewable fuel plant co-products except distillers grains","Metric tonnes","214","units","0","v1277885557","1.5.10","12865","","","","0"
"2023-11","Canada","2016A000011124","Losses and adjustments","Renewable fuel plant feedstocks, total","Metric tonnes","214","units","0","v1277885552","1.6.1","-726","","","","0"
"2023-11","Canada","2016A000011124","Losses and adjustments","Cereal grains, total","Metric tonnes","214","units","0","v1277885563","1.6.2","-786","","","","0"
"2023-11","Canada","2016A000011124","Losses and adjustments","Vegetable oils, total","Metric tonnes","214","units","0","v1277885568","1.6.3","0","","","","0"
"2023-11","Canada","2016A000011124","Losses and adjustments","Other renewable fuel plant feedstocks, total","Metric tonnes","214","units","0","v1277885573","1.6.4","60","","","","0"
"2023-11","Canada","2016A000011124","Losses and adjustments","Renewable fuels, total","Cubic metres","72","units","0","v1277885578","1.6.5","698","","","","0"
"2023-11","Canada","2016A000011124","Losses and adjustments","Fuel ethanol","Cubic metres","72","units","0","v1277885583","1.6.6","310","","","","0"
"2023-11","Canada","2016A000011124","Losses and adjustments","Renewable fuels except fuel ethanol","Cubic metres","72","units","0","v1277885588","1.6.7","388","","","","0"
"2023-11","Canada","2016A000011124","Losses and adjustments","Renewable fuel plant co-products, total","Metric tonnes","214","units","0","v1277885594","1.6.8","1171","","","","0"
"2023-11","Canada","2016A000011124","Losses and adjustments","Distillers grains, total","Metric tonnes","214","units","0","v1277885600","1.6.9","2009","","","","0"
"2023-11","Canada","2016A000011124","Losses and adjustments","Renewable fuel plant co-products except distillers grains","Metric tonnes","214","units","0","v1277885558","1.6.10","-838","","","","0"
"2023-11","Canada","2016A000011124","Ending stocks","Renewable fuel plant feedstocks, total","Metric tonnes","214","units","0","v1277885553","1.7.1","192840","","","","0"
"2023-11","Canada","2016A000011124","Ending stocks","Cereal grains, total","Metric tonnes","214","units","0","v1277885564","1.7.2","105613","","","","0"
"2023-11","Canada","2016A000011124","Ending stocks","Vegetable oils, total","Metric tonnes","214","units","0","v1277885569","1.7.3","85175","","","","0"
"2023-11","Canada","2016A000011124","Ending stocks","Other renewable fuel plant feedstocks, total","Metric tonnes","214","units","0","v1277885574","1.7.4","2052","","","","0"
"2023-11","Canada","2016A000011124","Ending stocks","Renewable fuels, total","Cubic metres","72","units","0","v1277885579","1.7.5","34579","","","","0"
"2023-11","Canada","2016A000011124","Ending stocks","Fuel ethanol","Cubic metres","72","units","0","v1277885584","1.7.6","24194","","","","0"
"2023-11","Canada","2016A000011124","Ending stocks","Renewable fuels except fuel ethanol","Cubic metres","72","units","0","v1277885589","1.7.7","10385","","","","0"
"2023-11","Canada","2016A000011124","Ending stocks","Renewable fuel plant co-products, total","Metric tonnes","214","units","0","v1277885595","1.7.8","11960","","","","0"
"2023-11","Canada","2016A000011124","Ending stocks","Distillers grains, total","Metric tonnes","214","units","0","v1277885601","1.7.9","7098","","","","0"
"2023-11","Canada","2016A000011124","Ending stocks","Renewable fuel plant co-products except distillers grains","Metric tonnes","214","units","0","v1277885559","1.7.10","4862","","","","0"
"2023-12","Canada","2016A000011124","Beginning stocks","Renewable fuel plant feedstocks, total","Metric tonnes","214","units","0","v1277885549","1.1.1","192683","","","","0"
"2023-12","Canada","2016A000011124","Beginning stocks","Cereal grains, total","Metric tonnes","214","units","0","v1277885560","1.1.2","105613","","","","0"
"2023-12","Canada","2016A000011124","Beginning stocks","Vegetable oils, total","Metric tonnes","214","units","0","v1277885565","1.1.3","85175","","","","0"
"2023-12","Canada","2016A000011124","Beginning stocks","Other renewable fuel plant feedstocks, total","Metric tonnes","214","units","0","v1277885570","1.1.4","1895","","","","0"
"2023-12","Canada","2016A000011124","Beginning stocks","Renewable fuels, total","Cubic metres","72","units","0","v1277885575","1.1.5","34525","","","","0"
"2023-12","Canada","2016A000011124","Beginning stocks","Fuel ethanol","Cubic metres","72","units","0","v1277885580","1.1.6","24194","","","","0"
"2023-12","Canada","2016A000011124","Beginning stocks","Renewable fuels except fuel ethanol","Cubic metres","72","units","0","v1277885585","1.1.7","10331","","","","0"
"2023-12","Canada","2016A000011124","Beginning stocks","Renewable fuel plant co-products, total","Metric tonnes","214","units","0","v1277885590","1.1.8","12034","","","","0"
"2023-12","Canada","2016A000011124","Beginning stocks","Distillers grains, total","Metric tonnes","214","units","0","v1277885596","1.1.9","7098","","","","0"
"2023-12","Canada","2016A000011124","Beginning stocks","Renewable fuel plant co-products except distillers grains","Metric tonnes","214","units","0","v1277885554","1.1.10","4936","","","","0"
"2023-12","Canada","2016A000011124","Receipts","Renewable fuel plant feedstocks, total","Metric tonnes","214","units","0","v1277885550","1.2.1","404214","","","","0"
"2023-12","Canada","2016A000011124","Receipts","Cereal grains, total","Metric tonnes","214","units","0","v1277885561","1.2.2","357395","","","","0"
"2023-12","Canada","2016A000011124","Receipts","Vegetable oils, total","Metric tonnes","214","units","0","v1277885566","1.2.3","41469","","","","0"
"2023-12","Canada","2016A000011124","Receipts","Other renewable fuel plant feedstocks, total","Metric tonnes","214","units","0","v1277885571","1.2.4","5350","","","","0"
"2023-12","Canada","2016A000011124","Receipts","Renewable fuel plant co-products, total","Metric tonnes","214","units","0","v1277885591","1.2.8","","..","","","0"
"2023-12","Canada","2016A000011124","Receipts","Distillers grains, total","Metric tonnes","214","units","0","v1277885597","1.2.9","","..","","","0"
"2023-12","Canada","2016A000011124","Receipts","Renewable fuel plant co-products except distillers grains","Metric tonnes","214","units","0","v1277885555","1.2.10","","..","","","0"
"2023-12","Canada","2016A000011124","Inputs","Renewable fuel plant feedstocks, total","Metric tonnes","214","units","0","v1277885551","1.3.1","410057","","","","0"
"2023-12","Canada","2016A000011124","Inputs","Cereal grains, total","Metric tonnes","214","units","0","v1277885562","1.3.2","363354","","","","0"
"2023-12","Canada","2016A000011124","Inputs","Vegetable oils, total","Metric tonnes","214","units","0","v1277885567","1.3.3","41402","","","","0"
"2023-12","Canada","2016A000011124","Inputs","Other renewable fuel plant feedstocks, total","Metric tonnes","214","units","0","v1277885572","1.3.4","5301","","","","0"
"2023-12","Canada","2016A000011124","Production","Renewable fuels, total","Cubic metres","72","units","0","v1277885576","1.4.5","198778","","","","0"
"2023-12","Canada","2016A000011124","Production","Fuel ethanol","Cubic metres","72","units","0","v1277885581","1.4.6","152162","","","","0"
"2023-12","Canada","2016A000011124","Production","Renewable fuels except fuel ethanol","Cubic metres","72","units","0","v1277885586","1.4.7","46616","","","","0"
"2023-12","Canada","2016A000011124","Production","Renewable fuel plant co-products, total","Metric tonnes","214","units","0","v1277885592","1.4.8","125164","","","","0"
"2023-12","Canada","2016A000011124","Production","Distillers grains, total","Metric tonnes","214","units","0","v1277885598","1.4.9","112601","","","","0"
"2023-12","Canada","2016A000011124","Production","Renewable fuel plant co-products except distillers grains","Metric tonnes","214","units","0","v1277885556","1.4.10","12563","","","","0"
"2023-12","Canada","2016A000011124","Shipments","Renewable fuels, total","Cubic metres","72","units","0","v1277885577","1.5.5","192968","","","","0"
"2023-12","Canada","2016A000011124","Shipments","Fuel ethanol","Cubic metres","72","units","0","v1277885582","1.5.6","147053","","","","0"
"2023-12","Canada","2016A000011124","Shipments","Renewable fuels except fuel ethanol","Cubic metres","72","units","0","v1277885587","1.5.7","45915","","","","0"
"2023-12","Canada","2016A000011124","Shipments","Renewable fuel plant co-products, total","Metric tonnes","214","units","0","v1277885593","1.5.8","117592","","","","0"
"2023-12","Canada","2016A000011124","Shipments","Distillers grains, total","Metric tonnes","214","units","0","v1277885599","1.5.9","105200","","","","0"
"2023-12","Canada","2016A000011124","Shipments","Renewable fuel plant co-products except distillers grains","Metric tonnes","214","units","0","v1277885557","1.5.10","12392","","","","0"
"2023-12","Canada","2016A000011124","Losses and adjustments","Renewable fuel plant feedstocks, total","Metric tonnes","214","units","0","v1277885552","1.6.1","-352","","","","0"
"2023-12","Canada","2016A000011124","Losses and adjustments","Cereal grains, total","Metric tonnes","214","units","0","v1277885563","1.6.2","-555","","","","0"
"2023-12","Canada","2016A000011124","Losses and adjustments","Vegetable oils, total","Metric tonnes","214","units","0","v1277885568","1.6.3","76","","","","0"
"2023-12","Canada","2016A000011124","Losses and adjustments","Other renewable fuel plant feedstocks, total","Metric tonnes","214","units","0","v1277885573","1.6.4","127","","","","0"
"2023-12","Canada","2016A000011124","Losses and adjustments","Renewable fuels, total","Cubic metres","72","units","0","v1277885578","1.6.5","1255","","","","0"
"2023-12","Canada","2016A000011124","Losses and adjustments","Fuel ethanol","Cubic metres","72","units","0","v1277885583","1.6.6","1191","","","","0"
"2023-12","Canada","2016A000011124","Losses and adjustments","Renewable fuels except fuel ethanol","Cubic metres","72","units","0","v1277885588","1.6.7","64","","","","0"
"2023-12","Canada","2016A000011124","Losses and adjustments","Renewable fuel plant co-products, total","Metric tonnes","214","units","0","v1277885594","1.6.8","845","","","","0"
"2023-12","Canada","2016A000011124","Losses and adjustments","Distillers grains, total","Metric tonnes","214","units","0","v1277885600","1.6.9","1693","","","","0"
"2023-12","Canada","2016A000011124","Losses and adjustments","Renewable fuel plant co-products except distillers grains","Metric tonnes","214","units","0","v1277885558","1.6.10","-848","","","","0"
"2023-12","Canada","2016A000011124","Ending stocks","Renewable fuel plant feedstocks, total","Metric tonnes","214","units","0","v1277885553","1.7.1","158521","","","","0"
"2023-12","Canada","2016A000011124","Ending stocks","Cereal grains, total","Metric tonnes","214","units","0","v1277885564","1.7.2","71209","","","","0"
"2023-12","Canada","2016A000011124","Ending stocks","Vegetable oils, total","Metric tonnes","214","units","0","v1277885569","1.7.3","85166","","","","0"
"2023-12","Canada","2016A000011124","Ending stocks","Other renewable fuel plant feedstocks, total","Metric tonnes","214","units","0","v1277885574","1.7.4","2146","","","","0"
"2023-12","Canada","2016A000011124","Ending stocks","Renewable fuels, total","Cubic metres","72","units","0","v1277885579","1.7.5","39289","","","","0"
"2023-12","Canada","2016A000011124","Ending stocks","Fuel ethanol","Cubic metres","72","units","0","v1277885584","1.7.6","28150","","","","0"
"2023-12","Canada","2016A000011124","Ending stocks","Renewable fuels except fuel ethanol","Cubic metres","72","units","0","v1277885589","1.7.7","11139","","","","0"
"2023-12","Canada","2016A000011124","Ending stocks","Renewable fuel plant co-products, total","Metric tonnes","214","units","0","v1277885595","1.7.8","18821","","","","0"
"2023-12","Canada","2016A000011124","Ending stocks","Distillers grains, total","Metric tonnes","214","units","0","v1277885601","1.7.9","12806","","","","0"
"2023-12","Canada","2016A000011124","Ending stocks","Renewable fuel plant co-products except distillers grains","Metric tonnes","214","units","0","v1277885559","1.7.10","6015","","","","0"
"2024-01","Canada","2016A000011124","Beginning stocks","Renewable fuel plant feedstocks, total","Metric tonnes","214","units","0","v1277885549","1.1.1","157228","","","","0"
"2024-01","Canada","2016A000011124","Beginning stocks","Cereal grains, total","Metric tonnes","214","units","0","v1277885560","1.1.2","71209","","","","0"
"2024-01","Canada","2016A000011124","Beginning stocks","Vegetable oils, total","Metric tonnes","214","units","0","v1277885565","1.1.3","85166","","","","0"
"2024-01","Canada","2016A000011124","Beginning stocks","Other renewable fuel plant feedstocks, total","Metric tonnes","214","units","0","v1277885570","1.1.4","853","","","","0"
"2024-01","Canada","2016A000011124","Beginning stocks","Renewable fuels, total","Cubic metres","72","units","0","v1277885575","1.1.5","39289","","","","0"
"2024-01","Canada","2016A000011124","Beginning stocks","Fuel ethanol","Cubic metres","72","units","0","v1277885580","1.1.6","28150","","","","0"
"2024-01","Canada","2016A000011124","Beginning stocks","Renewable fuels except fuel ethanol","Cubic metres","72","units","0","v1277885585","1.1.7","11139","","","","0"
"2024-01","Canada","2016A000011124","Beginning stocks","Renewable fuel plant co-products, total","Metric tonnes","214","units","0","v1277885590","1.1.8","18821","","","","0"
"2024-01","Canada","2016A000011124","Beginning stocks","Distillers grains, total","Metric tonnes","214","units","0","v1277885596","1.1.9","12806","","","","0"
"2024-01","Canada","2016A000011124","Beginning stocks","Renewable fuel plant co-products except distillers grains","Metric tonnes","214","units","0","v1277885554","1.1.10","6015","","","","0"
"2024-01","Canada","2016A000011124","Receipts","Renewable fuel plant feedstocks, total","Metric tonnes","214","units","0","v1277885550","1.2.1","444192","","","","0"
"2024-01","Canada","2016A000011124","Receipts","Cereal grains, total","Metric tonnes","214","units","0","v1277885561","1.2.2","365490","","","","0"
"2024-01","Canada","2016A000011124","Receipts","Vegetable oils, total","Metric tonnes","214","units","0","v1277885566","1.2.3","73487","","","","0"
"2024-01","Canada","2016A000011124","Receipts","Other renewable fuel plant feedstocks, total","Metric tonnes","214","units","0","v1277885571","1.2.4","5215","","","","0"
"2024-01","Canada","2016A000011124","Receipts","Renewable fuel plant co-products, total","Metric tonnes","214","units","0","v1277885591","1.2.8","","..","","","0"
"2024-01","Canada","2016A000011124","Receipts","Distillers grains, total","Metric tonnes","214","units","0","v1277885597","1.2.9","","..","","","0"
"2024-01","Canada","2016A000011124","Receipts","Renewable fuel plant co-products except distillers grains","Metric tonnes","214","units","0","v1277885555","1.2.10","","..","","","0"
"2024-01","Canada","2016A000011124","Inputs","Renewable fuel plant feedstocks, total","Metric tonnes","214","units","0","v1277885551","1.3.1","403504","","","","0"
"2024-01","Canada","2016A000011124","Inputs","Cereal grains, total","Metric tonnes","214","units","0","v1277885562","1.3.2","353410","","","","0"
"2024-01","Canada","2016A000011124","Inputs","Vegetable oils, total","Metric tonnes","214","units","0","v1277885567","1.3.3","45376","","","","0"
"2024-01","Canada","2016A000011124","Inputs","Other renewable fuel plant feedstocks, total","Metric tonnes","214","units","0","v1277885572","1.3.4","4718","","","","0"
"2024-01","Canada","2016A000011124","Production","Renewable fuels, total","Cubic metres","72","units","0","v1277885576","1.4.5","193761","","","","0"
"2024-01","Canada","2016A000011124","Production","Fuel ethanol","Cubic metres","72","units","0","v1277885581","1.4.6","148957","","","","0"
"2024-01","Canada","2016A000011124","Production","Renewable fuels except fuel ethanol","Cubic metres","72","units","0","v1277885586","1.4.7","44804","","","","0"
"2024-01","Canada","2016A000011124","Production","Renewable fuel plant co-products, total","Metric tonnes","214","units","0","v1277885592","1.4.8","130036","","","","0"
"2024-01","Canada","2016A000011124","Production","Distillers grains, total","Metric tonnes","214","units","0","v1277885598","1.4.9","118431","","","","0"
"2024-01","Canada","2016A000011124","Production","Renewable fuel plant co-products except distillers grains","Metric tonnes","214","units","0","v1277885556","1.4.10","11605","","","","0"
"2024-01","Canada","2016A000011124","Shipments","Renewable fuels, total","Cubic metres","72","units","0","v1277885577","1.5.5","202410","","","","0"
"2024-01","Canada","2016A000011124","Shipments","Fuel ethanol","Cubic metres","72","units","0","v1277885582","1.5.6","152491","","","","0"
"2024-01","Canada","2016A000011124","Shipments","Renewable fuels except fuel ethanol","Cubic metres","72","units","0","v1277885587","1.5.7","49919","","","","0"
"2024-01","Canada","2016A000011124","Shipments","Renewable fuel plant co-products, total","Metric tonnes","214","units","0","v1277885593","1.5.8","128032","","","","0"
"2024-01","Canada","2016A000011124","Shipments","Distillers grains, total","Metric tonnes","214","units","0","v1277885599","1.5.9","113740","","","","0"
"2024-01","Canada","2016A000011124","Shipments","Renewable fuel plant co-products except distillers grains","Metric tonnes","214","units","0","v1277885557","1.5.10","14292","","","","0"
"2024-01","Canada","2016A000011124","Losses and adjustments","Renewable fuel plant feedstocks, total","Metric tonnes","214","units","0","v1277885552","1.6.1","-441","","","","0"
"2024-01","Canada","2016A000011124","Losses and adjustments","Cereal grains, total","Metric tonnes","214","units","0","v1277885563","1.6.2","-511","","","","0"
"2024-01","Canada","2016A000011124","Losses and adjustments","Vegetable oils, total","Metric tonnes","214","units","0","v1277885568","1.6.3","277","","","","0"
"2024-01","Canada","2016A000011124","Losses and adjustments","Other renewable fuel plant feedstocks, total","Metric tonnes","214","units","0","v1277885573","1.6.4","-207","","","","0"
"2024-01","Canada","2016A000011124","Losses and adjustments","Renewable fuels, total","Cubic metres","72","units","0","v1277885578","1.6.5","2","","","","0"
"2024-01","Canada","2016A000011124","Losses and adjustments","Fuel ethanol","Cubic metres","72","units","0","v1277885583","1.6.6","-115","","","","0"
"2024-01","Canada","2016A000011124","Losses and adjustments","Renewable fuels except fuel ethanol","Cubic metres","72","units","0","v1277885588","1.6.7","117","","","","0"
"2024-01","Canada","2016A000011124","Losses and adjustments","Renewable fuel plant co-products, total","Metric tonnes","214","units","0","v1277885594","1.6.8","-156","","","","0"
"2024-01","Canada","2016A000011124","Losses and adjustments","Distillers grains, total","Metric tonnes","214","units","0","v1277885600","1.6.9","601","","","","0"
"2024-01","Canada","2016A000011124","Losses and adjustments","Renewable fuel plant co-products except distillers grains","Metric tonnes","214","units","0","v1277885558","1.6.10","-757","","","","0"
"2024-01","Canada","2016A000011124","Ending stocks","Renewable fuel plant feedstocks, total","Metric tonnes","214","units","0","v1277885553","1.7.1","198667","","","","0"
"2024-01","Canada","2016A000011124","Ending stocks","Cereal grains, total","Metric tonnes","214","units","0","v1277885564","1.7.2","83800","","","","0"
"2024-01","Canada","2016A000011124","Ending stocks","Vegetable oils, total","Metric tonnes","214","units","0","v1277885569","1.7.3","113000","","","","0"
"2024-01","Canada","2016A000011124","Ending stocks","Other renewable fuel plant feedstocks, total","Metric tonnes","214","units","0","v1277885574","1.7.4","1867","","","","0"
"2024-01","Canada","2016A000011124","Ending stocks","Renewable fuels, total","Cubic metres","72","units","0","v1277885579","1.7.5","36625","","","","0"
"2024-01","Canada","2016A000011124","Ending stocks","Fuel ethanol","Cubic metres","72","units","0","v1277885584","1.7.6","24794","","","","0"
"2024-01","Canada","2016A000011124","Ending stocks","Renewable fuels except fuel ethanol","Cubic metres","72","units","0","v1277885589","1.7.7","11831","","","","0"
"2024-01","Canada","2016A000011124","Ending stocks","Renewable fuel plant co-products, total","Metric tonnes","214","units","0","v1277885595","1.7.8","20667","","","","0"
"2024-01","Canada","2016A000011124","Ending stocks","Distillers grains, total","Metric tonnes","214","units","0","v1277885601","1.7.9","16052","","","","0"
"2024-01","Canada","2016A000011124","Ending stocks","Renewable fuel plant co-products except distillers grains","Metric tonnes","214","units","0","v1277885559","1.7.10","4615","","","","0"
"2024-02","Canada","2016A000011124","Beginning stocks","Renewable fuel plant feedstocks, total","Metric tonnes","214","units","0","v1277885549","1.1.1","198667","","","","0"
"2024-02","Canada","2016A000011124","Beginning stocks","Cereal grains, total","Metric tonnes","214","units","0","v1277885560","1.1.2","83800","","","","0"
"2024-02","Canada","2016A000011124","Beginning stocks","Vegetable oils, total","Metric tonnes","214","units","0","v1277885565","1.1.3","113000","","","","0"
"2024-02","Canada","2016A000011124","Beginning stocks","Other renewable fuel plant feedstocks, total","Metric tonnes","214","units","0","v1277885570","1.1.4","1867","","","","0"
"2024-02","Canada","2016A000011124","Beginning stocks","Renewable fuels, total","Cubic metres","72","units","0","v1277885575","1.1.5","36625","","","","0"
"2024-02","Canada","2016A000011124","Beginning stocks","Fuel ethanol","Cubic metres","72","units","0","v1277885580","1.1.6","24794","","","","0"
"2024-02","Canada","2016A000011124","Beginning stocks","Renewable fuels except fuel ethanol","Cubic metres","72","units","0","v1277885585","1.1.7","11831","","","","0"
"2024-02","Canada","2016A000011124","Beginning stocks","Renewable fuel plant co-products, total","Metric tonnes","214","units","0","v1277885590","1.1.8","20667","","","","0"
"2024-02","Canada","2016A000011124","Beginning stocks","Distillers grains, total","Metric tonnes","214","units","0","v1277885596","1.1.9","16052","","","","0"
"2024-02","Canada","2016A000011124","Beginning stocks","Renewable fuel plant co-products except distillers grains","Metric tonnes","214","units","0","v1277885554","1.1.10","4615","","","","0"
"2024-02","Canada","2016A000011124","Receipts","Renewable fuel plant feedstocks, total","Metric tonnes","214","units","0","v1277885550","1.2.1","389048","","","","0"
"2024-02","Canada","2016A000011124","Receipts","Cereal grains, total","Metric tonnes","214","units","0","v1277885561","1.2.2","341239","","","","0"
"2024-02","Canada","2016A000011124","Receipts","Vegetable oils, total","Metric tonnes","214","units","0","v1277885566","1.2.3","42938","","","","0"
"2024-02","Canada","2016A000011124","Receipts","Other renewable fuel plant feedstocks, total","Metric tonnes","214","units","0","v1277885571","1.2.4","4871","","","","0"
"2024-02","Canada","2016A000011124","Receipts","Renewable fuel plant co-products, total","Metric tonnes","214","units","0","v1277885591","1.2.8","","..","","","0"
"2024-02","Canada","2016A000011124","Receipts","Distillers grains, total","Metric tonnes","214","units","0","v1277885597","1.2.9","","..","","","0"
"2024-02","Canada","2016A000011124","Receipts","Renewable fuel plant co-products except distillers grains","Metric tonnes","214","units","0","v1277885555","1.2.10","","..","","","0"
"2024-02","Canada","2016A000011124","Inputs","Renewable fuel plant feedstocks, total","Metric tonnes","214","units","0","v1277885551","1.3.1","412486","","","","0"
"2024-02","Canada","2016A000011124","Inputs","Cereal grains, total","Metric tonnes","214","units","0","v1277885562","1.3.2","347905","","","","0"
"2024-02","Canada","2016A000011124","Inputs","Vegetable oils, total","Metric tonnes","214","units","0","v1277885567","1.3.3","60472","","","","0"
"2024-02","Canada","2016A000011124","Inputs","Other renewable fuel plant feedstocks, total","Metric tonnes","214","units","0","v1277885572","1.3.4","4109","","","","0"
"2024-02","Canada","2016A000011124","Production","Renewable fuels, total","Cubic metres","72","units","0","v1277885576","1.4.5","207087","","","","0"
"2024-02","Canada","2016A000011124","Production","Fuel ethanol","Cubic metres","72","units","0","v1277885581","1.4.6","142598","","","","0"
"2024-02","Canada","2016A000011124","Production","Renewable fuels except fuel ethanol","Cubic metres","72","units","0","v1277885586","1.4.7","64489","","","","0"
"2024-02","Canada","2016A000011124","Production","Renewable fuel plant co-products, total","Metric tonnes","214","units","0","v1277885592","1.4.8","120364","","","","0"
"2024-02","Canada","2016A000011124","Production","Distillers grains, total","Metric tonnes","214","units","0","v1277885598","1.4.9","109074","","","","0"
"2024-02","Canada","2016A000011124","Production","Renewable fuel plant co-products except distillers grains","Metric tonnes","214","units","0","v1277885556","1.4.10","11290","","","","0"
"2024-02","Canada","2016A000011124","Shipments","Renewable fuels, total","Cubic metres","72","units","0","v1277885577","1.5.5","189922","","","","0"
"2024-02","Canada","2016A000011124","Shipments","Fuel ethanol","Cubic metres","72","units","0","v1277885582","1.5.6","141256","","","","0"
"2024-02","Canada","2016A000011124","Shipments","Renewable fuels except fuel ethanol","Cubic metres","72","units","0","v1277885587","1.5.7","48666","","","","0"
"2024-02","Canada","2016A000011124","Shipments","Renewable fuel plant co-products, total","Metric tonnes","214","units","0","v1277885593","1.5.8","117204","","","","0"
"2024-02","Canada","2016A000011124","Shipments","Distillers grains, total","Metric tonnes","214","units","0","v1277885599","1.5.9","104710","","","","0"
"2024-02","Canada","2016A000011124","Shipments","Renewable fuel plant co-products except distillers grains","Metric tonnes","214","units","0","v1277885557","1.5.10","12494","","","","0"
"2024-02","Canada","2016A000011124","Losses and adjustments","Renewable fuel plant feedstocks, total","Metric tonnes","214","units","0","v1277885552","1.6.1","-137","","","","0"
"2024-02","Canada","2016A000011124","Losses and adjustments","Cereal grains, total","Metric tonnes","214","units","0","v1277885563","1.6.2","-284","","","","0"
"2024-02","Canada","2016A000011124","Losses and adjustments","Vegetable oils, total","Metric tonnes","214","units","0","v1277885568","1.6.3","-2","","","","0"
"2024-02","Canada","2016A000011124","Losses and adjustments","Other renewable fuel plant feedstocks, total","Metric tonnes","214","units","0","v1277885573","1.6.4","149","","","","0"
"2024-02","Canada","2016A000011124","Losses and adjustments","Renewable fuels, total","Cubic metres","72","units","0","v1277885578","1.6.5","685","","","","0"
"2024-02","Canada","2016A000011124","Losses and adjustments","Fuel ethanol","Cubic metres","72","units","0","v1277885583","1.6.6","280","","","","0"
"2024-02","Canada","2016A000011124","Losses and adjustments","Renewable fuels except fuel ethanol","Cubic metres","72","units","0","v1277885588","1.6.7","405","","","","0"
"2024-02","Canada","2016A000011124","Losses and adjustments","Renewable fuel plant co-products, total","Metric tonnes","214","units","0","v1277885594","1.6.8","6315","","","","0"
"2024-02","Canada","2016A000011124","Losses and adjustments","Distillers grains, total","Metric tonnes","214","units","0","v1277885600","1.6.9","7204","","","","0"
"2024-02","Canada","2016A000011124","Losses and adjustments","Renewable fuel plant co-products except distillers grains","Metric tonnes","214","units","0","v1277885558","1.6.10","-889","","","","0"
"2024-02","Canada","2016A000011124","Ending stocks","Renewable fuel plant feedstocks, total","Metric tonnes","214","units","0","v1277885553","1.7.1","175631","","","","0"
"2024-02","Canada","2016A000011124","Ending stocks","Cereal grains, total","Metric tonnes","214","units","0","v1277885564","1.7.2","77418","","","","0"
"2024-02","Canada","2016A000011124","Ending stocks","Vegetable oils, total","Metric tonnes","214","units","0","v1277885569","1.7.3","95468","","","","0"
"2024-02","Canada","2016A000011124","Ending stocks","Other renewable fuel plant feedstocks, total","Metric tonnes","214","units","0","v1277885574","1.7.4","2745","","","","0"
"2024-02","Canada","2016A000011124","Ending stocks","Renewable fuels, total","Cubic metres","72","units","0","v1277885579","1.7.5","53192","","","","0"
"2024-02","Canada","2016A000011124","Ending stocks","Fuel ethanol","Cubic metres","72","units","0","v1277885584","1.7.6","25953","","","","0"
"2024-02","Canada","2016A000011124","Ending stocks","Renewable fuels except fuel ethanol","Cubic metres","72","units","0","v1277885589","1.7.7","27239","","","","0"
"2024-02","Canada","2016A000011124","Ending stocks","Renewable fuel plant co-products, total","Metric tonnes","214","units","0","v1277885595","1.7.8","17224","","","","0"
"2024-02","Canada","2016A000011124","Ending stocks","Distillers grains, total","Metric tonnes","214","units","0","v1277885601","1.7.9","12387","","","","0"
"2024-02","Canada","2016A000011124","Ending stocks","Renewable fuel plant co-products except distillers grains","Metric tonnes","214","units","0","v1277885559","1.7.10","4837","","","","0"
"2024-03","Canada","2016A000011124","Beginning stocks","Renewable fuel plant feedstocks, total","Metric tonnes","214","units","0","v1277885549","1.1.1","175631","","","","0"
"2024-03","Canada","2016A000011124","Beginning stocks","Cereal grains, total","Metric tonnes","214","units","0","v1277885560","1.1.2","77418","","","","0"
"2024-03","Canada","2016A000011124","Beginning stocks","Vegetable oils, total","Metric tonnes","214","units","0","v1277885565","1.1.3","95468","","","","0"
"2024-03","Canada","2016A000011124","Beginning stocks","Other renewable fuel plant feedstocks, total","Metric tonnes","214","units","0","v1277885570","1.1.4","2745","","","","0"
"2024-03","Canada","2016A000011124","Beginning stocks","Renewable fuels, total","Cubic metres","72","units","0","v1277885575","1.1.5","53192","","","","0"
"2024-03","Canada","2016A000011124","Beginning stocks","Fuel ethanol","Cubic metres","72","units","0","v1277885580","1.1.6","25953","","","","0"
"2024-03","Canada","2016A000011124","Beginning stocks","Renewable fuels except fuel ethanol","Cubic metres","72","units","0","v1277885585","1.1.7","27239","","","","0"
"2024-03","Canada","2016A000011124","Beginning stocks","Renewable fuel plant co-products, total","Metric tonnes","214","units","0","v1277885590","1.1.8","17224","","","","0"
"2024-03","Canada","2016A000011124","Beginning stocks","Distillers grains, total","Metric tonnes","214","units","0","v1277885596","1.1.9","12387","","","","0"
"2024-03","Canada","2016A000011124","Beginning stocks","Renewable fuel plant co-products except distillers grains","Metric tonnes","214","units","0","v1277885554","1.1.10","4837","","","","0"
"2024-03","Canada","2016A000011124","Receipts","Renewable fuel plant feedstocks, total","Metric tonnes","214","units","0","v1277885550","1.2.1","437070","","","","0"
"2024-03","Canada","2016A000011124","Receipts","Cereal grains, total","Metric tonnes","214","units","0","v1277885561","1.2.2","345778","","","","0"
"2024-03","Canada","2016A000011124","Receipts","Vegetable oils, total","Metric tonnes","214","units","0","v1277885566","1.2.3","86786","","","","0"
"2024-03","Canada","2016A000011124","Receipts","Other renewable fuel plant feedstocks, total","Metric tonnes","214","units","0","v1277885571","1.2.4","4506","","","","0"
"2024-03","Canada","2016A000011124","Receipts","Renewable fuel plant co-products, total","Metric tonnes","214","units","0","v1277885591","1.2.8","","..","","","0"
"2024-03","Canada","2016A000011124","Receipts","Distillers grains, total","Metric tonnes","214","units","0","v1277885597","1.2.9","","..","","","0"
"2024-03","Canada","2016A000011124","Receipts","Renewable fuel plant co-products except distillers grains","Metric tonnes","214","units","0","v1277885555","1.2.10","","..","","","0"
"2024-03","Canada","2016A000011124","Inputs","Renewable fuel plant feedstocks, total","Metric tonnes","214","units","0","v1277885551","1.3.1","482837","","","","0"
"2024-03","Canada","2016A000011124","Inputs","Cereal grains, total","Metric tonnes","214","units","0","v1277885562","1.3.2","371867","","","","0"
"2024-03","Canada","2016A000011124","Inputs","Vegetable oils, total","Metric tonnes","214","units","0","v1277885567","1.3.3","105602","","","","0"
"2024-03","Canada","2016A000011124","Inputs","Other renewable fuel plant feedstocks, total","Metric tonnes","214","units","0","v1277885572","1.3.4","5368","","","","0"
"2024-03","Canada","2016A000011124","Production","Renewable fuels, total","Cubic metres","72","units","0","v1277885576","1.4.5","264096","","","","0"
"2024-03","Canada","2016A000011124","Production","Fuel ethanol","Cubic metres","72","units","0","v1277885581","1.4.6","153372","","","","0"
"2024-03","Canada","2016A000011124","Production","Renewable fuels except fuel ethanol","Cubic metres","72","units","0","v1277885586","1.4.7","110724","","","","0"
"2024-03","Canada","2016A000011124","Production","Renewable fuel plant co-products, total","Metric tonnes","214","units","0","v1277885592","1.4.8","121180","","","","0"
"2024-03","Canada","2016A000011124","Production","Distillers grains, total","Metric tonnes","214","units","0","v1277885598","1.4.9","108285","","","","0"
"2024-03","Canada","2016A000011124","Production","Renewable fuel plant co-products except distillers grains","Metric tonnes","214","units","0","v1277885556","1.4.10","12895","","","","0"
"2024-03","Canada","2016A000011124","Shipments","Renewable fuels, total","Cubic metres","72","units","0","v1277885577","1.5.5","258112","","","","0"
"2024-03","Canada","2016A000011124","Shipments","Fuel ethanol","Cubic metres","72","units","0","v1277885582","1.5.6","150427","","","","0"
"2024-03","Canada","2016A000011124","Shipments","Renewable fuels except fuel ethanol","Cubic metres","72","units","0","v1277885587","1.5.7","107685","","","","0"
"2024-03","Canada","2016A000011124","Shipments","Renewable fuel plant co-products, total","Metric tonnes","214","units","0","v1277885593","1.5.8","122636","","","","0"
"2024-03","Canada","2016A000011124","Shipments","Distillers grains, total","Metric tonnes","214","units","0","v1277885599","1.5.9","108747","","","","0"
"2024-03","Canada","2016A000011124","Shipments","Renewable fuel plant co-products except distillers grains","Metric tonnes","214","units","0","v1277885557","1.5.10","13889","","","","0"
"2024-03","Canada","2016A000011124","Losses and adjustments","Renewable fuel plant feedstocks, total","Metric tonnes","214","units","0","v1277885552","1.6.1","-336","","","","0"
"2024-03","Canada","2016A000011124","Losses and adjustments","Cereal grains, total","Metric tonnes","214","units","0","v1277885563","1.6.2","-326","","","","0"
"2024-03","Canada","2016A000011124","Losses and adjustments","Vegetable oils, total","Metric tonnes","214","units","0","v1277885568","1.6.3","-22","","","","0"
"2024-03","Canada","2016A000011124","Losses and adjustments","Other renewable fuel plant feedstocks, total","Metric tonnes","214","units","0","v1277885573","1.6.4","12","","","","0"
"2024-03","Canada","2016A000011124","Losses and adjustments","Renewable fuels, total","Cubic metres","72","units","0","v1277885578","1.6.5","607","","","","0"
"2024-03","Canada","2016A000011124","Losses and adjustments","Fuel ethanol","Cubic metres","72","units","0","v1277885583","1.6.6","503","","","","0"
"2024-03","Canada","2016A000011124","Losses and adjustments","Renewable fuels except fuel ethanol","Cubic metres","72","units","0","v1277885588","1.6.7","104","","","","0"
"2024-03","Canada","2016A000011124","Losses and adjustments","Renewable fuel plant co-products, total","Metric tonnes","214","units","0","v1277885594","1.6.8","-277","","","","0"
"2024-03","Canada","2016A000011124","Losses and adjustments","Distillers grains, total","Metric tonnes","214","units","0","v1277885600","1.6.9","600","","","","0"
"2024-03","Canada","2016A000011124","Losses and adjustments","Renewable fuel plant co-products except distillers grains","Metric tonnes","214","units","0","v1277885558","1.6.10","-877","","","","0"
"2024-03","Canada","2016A000011124","Ending stocks","Renewable fuel plant feedstocks, total","Metric tonnes","214","units","0","v1277885553","1.7.1","130460","","","","0"
"2024-03","Canada","2016A000011124","Ending stocks","Cereal grains, total","Metric tonnes","214","units","0","v1277885564","1.7.2","51655","","","","0"
"2024-03","Canada","2016A000011124","Ending stocks","Vegetable oils, total","Metric tonnes","214","units","0","v1277885569","1.7.3","76674","","","","0"
"2024-03","Canada","2016A000011124","Ending stocks","Other renewable fuel plant feedstocks, total","Metric tonnes","214","units","0","v1277885574","1.7.4","2131","","","","0"
"2024-03","Canada","2016A000011124","Ending stocks","Renewable fuels, total","Cubic metres","72","units","0","v1277885579","1.7.5","58603","","","","0"
"2024-03","Canada","2016A000011124","Ending stocks","Fuel ethanol","Cubic metres","72","units","0","v1277885584","1.7.6","28439","","","","0"
"2024-03","Canada","2016A000011124","Ending stocks","Renewable fuels except fuel ethanol","Cubic metres","72","units","0","v1277885589","1.7.7","30164","","","","0"
"2024-03","Canada","2016A000011124","Ending stocks","Renewable fuel plant co-products, total","Metric tonnes","214","units","0","v1277885595","1.7.8","15650","","","","0"
"2024-03","Canada","2016A000011124","Ending stocks","Distillers grains, total","Metric tonnes","214","units","0","v1277885601","1.7.9","10451","","","","0"
"2024-03","Canada","2016A000011124","Ending stocks","Renewable fuel plant co-products except distillers grains","Metric tonnes","214","units","0","v1277885559","1.7.10","5199","","","","0"
"2024-04","Canada","2016A000011124","Beginning stocks","Renewable fuel plant feedstocks, total","Metric tonnes","214","units","0","v1277885549","1.1.1","130460","","","","0"
"2024-04","Canada","2016A000011124","Beginning stocks","Cereal grains, total","Metric tonnes","214","units","0","v1277885560","1.1.2","51655","","","","0"
"2024-04","Canada","2016A000011124","Beginning stocks","Vegetable oils, total","Metric tonnes","214","units","0","v1277885565","1.1.3","76674","","","","0"
"2024-04","Canada","2016A000011124","Beginning stocks","Other renewable fuel plant feedstocks, total","Metric tonnes","214","units","0","v1277885570","1.1.4","2131","","","","0"
"2024-04","Canada","2016A000011124","Beginning stocks","Renewable fuels, total","Cubic metres","72","units","0","v1277885575","1.1.5","58603","","","","0"
"2024-04","Canada","2016A000011124","Beginning stocks","Fuel ethanol","Cubic metres","72","units","0","v1277885580","1.1.6","28439","","","","0"
"2024-04","Canada","2016A000011124","Beginning stocks","Renewable fuels except fuel ethanol","Cubic metres","72","units","0","v1277885585","1.1.7","30164","","","","0"
"2024-04","Canada","2016A000011124","Beginning stocks","Renewable fuel plant co-products, total","Metric tonnes","214","units","0","v1277885590","1.1.8","15650","","","","0"
"2024-04","Canada","2016A000011124","Beginning stocks","Distillers grains, total","Metric tonnes","214","units","0","v1277885596","1.1.9","10451","","","","0"
"2024-04","Canada","2016A000011124","Beginning stocks","Renewable fuel plant co-products except distillers grains","Metric tonnes","214","units","0","v1277885554","1.1.10","5199","","","","0"
"2024-04","Canada","2016A000011124","Receipts","Renewable fuel plant feedstocks, total","Metric tonnes","214","units","0","v1277885550","1.2.1","414812","","","","0"
"2024-04","Canada","2016A000011124","Receipts","Cereal grains, total","Metric tonnes","214","units","0","v1277885561","1.2.2","346389","","","","0"
"2024-04","Canada","2016A000011124","Receipts","Vegetable oils, total","Metric tonnes","214","units","0","v1277885566","1.2.3","62480","","","","0"
"2024-04","Canada","2016A000011124","Receipts","Other renewable fuel plant feedstocks, total","Metric tonnes","214","units","0","v1277885571","1.2.4","5943","","","","0"
"2024-04","Canada","2016A000011124","Receipts","Renewable fuel plant co-products, total","Metric tonnes","214","units","0","v1277885591","1.2.8","","..","","","0"
"2024-04","Canada","2016A000011124","Receipts","Distillers grains, total","Metric tonnes","214","units","0","v1277885597","1.2.9","","..","","","0"
"2024-04","Canada","2016A000011124","Receipts","Renewable fuel plant co-products except distillers grains","Metric tonnes","214","units","0","v1277885555","1.2.10","","..","","","0"
"2024-04","Canada","2016A000011124","Inputs","Renewable fuel plant feedstocks, total","Metric tonnes","214","units","0","v1277885551","1.3.1","427227","","","","0"
"2024-04","Canada","2016A000011124","Inputs","Cereal grains, total","Metric tonnes","214","units","0","v1277885562","1.3.2","335534","","","","0"
"2024-04","Canada","2016A000011124","Inputs","Vegetable oils, total","Metric tonnes","214","units","0","v1277885567","1.3.3","85286","","","","0"
"2024-04","Canada","2016A000011124","Inputs","Other renewable fuel plant feedstocks, total","Metric tonnes","214","units","0","v1277885572","1.3.4","6407","","","","0"
"2024-04","Canada","2016A000011124","Production","Renewable fuels, total","Cubic metres","72","units","0","v1277885576","1.4.5","232420","","","","0"
"2024-04","Canada","2016A000011124","Production","Fuel ethanol","Cubic metres","72","units","0","v1277885581","1.4.6","140027","","","","0"
"2024-04","Canada","2016A000011124","Production","Renewable fuels except fuel ethanol","Cubic metres","72","units","0","v1277885586","1.4.7","92393","","","","0"
"2024-04","Canada","2016A000011124","Production","Renewable fuel plant co-products, total","Metric tonnes","214","units","0","v1277885592","1.4.8","117709","","","","0"
"2024-04","Canada","2016A000011124","Production","Distillers grains, total","Metric tonnes","214","units","0","v1277885598","1.4.9","104764","","","","0"
"2024-04","Canada","2016A000011124","Production","Renewable fuel plant co-products except distillers grains","Metric tonnes","214","units","0","v1277885556","1.4.10","12945","","","","0"
"2024-04","Canada","2016A000011124","Shipments","Renewable fuels, total","Cubic metres","72","units","0","v1277885577","1.5.5","198512","","","","0"
"2024-04","Canada","2016A000011124","Shipments","Fuel ethanol","Cubic metres","72","units","0","v1277885582","1.5.6","141478","","","","0"
"2024-04","Canada","2016A000011124","Shipments","Renewable fuels except fuel ethanol","Cubic metres","72","units","0","v1277885587","1.5.7","57034","","","","0"
"2024-04","Canada","2016A000011124","Shipments","Renewable fuel plant co-products, total","Metric tonnes","214","units","0","v1277885593","1.5.8","120002","","","","0"
"2024-04","Canada","2016A000011124","Shipments","Distillers grains, total","Metric tonnes","214","units","0","v1277885599","1.5.9","105962","","","","0"
"2024-04","Canada","2016A000011124","Shipments","Renewable fuel plant co-products except distillers grains","Metric tonnes","214","units","0","v1277885557","1.5.10","14040","","","","0"
"2024-04","Canada","2016A000011124","Losses and adjustments","Renewable fuel plant feedstocks, total","Metric tonnes","214","units","0","v1277885552","1.6.1","-18","","","","0"
"2024-04","Canada","2016A000011124","Losses and adjustments","Cereal grains, total","Metric tonnes","214","units","0","v1277885563","1.6.2","-13","","","","0"
"2024-04","Canada","2016A000011124","Losses and adjustments","Vegetable oils, total","Metric tonnes","214","units","0","v1277885568","1.6.3","55","","","","0"
"2024-04","Canada","2016A000011124","Losses and adjustments","Other renewable fuel plant feedstocks, total","Metric tonnes","214","units","0","v1277885573","1.6.4","-60","","","","0"
"2024-04","Canada","2016A000011124","Losses and adjustments","Renewable fuels, total","Cubic metres","72","units","0","v1277885578","1.6.5","-498","","","","0"
"2024-04","Canada","2016A000011124","Losses and adjustments","Fuel ethanol","Cubic metres","72","units","0","v1277885583","1.6.6","-302","","","","0"
"2024-04","Canada","2016A000011124","Losses and adjustments","Renewable fuels except fuel ethanol","Cubic metres","72","units","0","v1277885588","1.6.7","-196","","","","0"
"2024-04","Canada","2016A000011124","Losses and adjustments","Renewable fuel plant co-products, total","Metric tonnes","214","units","0","v1277885594","1.6.8","623","","","","0"
"2024-04","Canada","2016A000011124","Losses and adjustments","Distillers grains, total","Metric tonnes","214","units","0","v1277885600","1.6.9","1067","","","","0"
"2024-04","Canada","2016A000011124","Losses and adjustments","Renewable fuel plant co-products except distillers grains","Metric tonnes","214","units","0","v1277885558","1.6.10","-444","","","","0"
"2024-04","Canada","2016A000011124","Ending stocks","Renewable fuel plant feedstocks, total","Metric tonnes","214","units","0","v1277885553","1.7.1","118389","","","","0"
"2024-04","Canada","2016A000011124","Ending stocks","Cereal grains, total","Metric tonnes","214","units","0","v1277885564","1.7.2","62523","","","","0"
"2024-04","Canada","2016A000011124","Ending stocks","Vegetable oils, total","Metric tonnes","214","units","0","v1277885569","1.7.3","53813","","","","0"
"2024-04","Canada","2016A000011124","Ending stocks","Other renewable fuel plant feedstocks, total","Metric tonnes","214","units","0","v1277885574","1.7.4","2053","","","","0"
"2024-04","Canada","2016A000011124","Ending stocks","Renewable fuels, total","Cubic metres","72","units","0","v1277885579","1.7.5","92859","","","","0"
"2024-04","Canada","2016A000011124","Ending stocks","Fuel ethanol","Cubic metres","72","units","0","v1277885584","1.7.6","27328","","","","0"
"2024-04","Canada","2016A000011124","Ending stocks","Renewable fuels except fuel ethanol","Cubic metres","72","units","0","v1277885589","1.7.7","65531","","","","0"
"2024-04","Canada","2016A000011124","Ending stocks","Renewable fuel plant co-products, total","Metric tonnes","214","units","0","v1277885595","1.7.8","12397","","","","0"
"2024-04","Canada","2016A000011124","Ending stocks","Distillers grains, total","Metric tonnes","214","units","0","v1277885601","1.7.9","7345","","","","0"
"2024-04","Canada","2016A000011124","Ending stocks","Renewable fuel plant co-products except distillers grains","Metric tonnes","214","units","0","v1277885559","1.7.10","5052","","","","0"
"2024-05","Canada","2016A000011124","Beginning stocks","Renewable fuel plant feedstocks, total","Metric tonnes","214","units","0","v1277885549","1.1.1","118389","","","","0"
"2024-05","Canada","2016A000011124","Beginning stocks","Cereal grains, total","Metric tonnes","214","units","0","v1277885560","1.1.2","62523","","","","0"
"2024-05","Canada","2016A000011124","Beginning stocks","Vegetable oils, total","Metric tonnes","214","units","0","v1277885565","1.1.3","53813","","","","0"
"2024-05","Canada","2016A000011124","Beginning stocks","Other renewable fuel plant feedstocks, total","Metric tonnes","214","units","0","v1277885570","1.1.4","2053","","","","0"
"2024-05","Canada","2016A000011124","Beginning stocks","Renewable fuels, total","Cubic metres","72","units","0","v1277885575","1.1.5","92859","","","","0"
"2024-05","Canada","2016A000011124","Beginning stocks","Fuel ethanol","Cubic metres","72","units","0","v1277885580","1.1.6","27328","","","","0"
"2024-05","Canada","2016A000011124","Beginning stocks","Renewable fuels except fuel ethanol","Cubic metres","72","units","0","v1277885585","1.1.7","65531","","","","0"
"2024-05","Canada","2016A000011124","Beginning stocks","Renewable fuel plant co-products, total","Metric tonnes","214","units","0","v1277885590","1.1.8","12397","","","","0"
"2024-05","Canada","2016A000011124","Beginning stocks","Distillers grains, total","Metric tonnes","214","units","0","v1277885596","1.1.9","7345","","","","0"
"2024-05","Canada","2016A000011124","Beginning stocks","Renewable fuel plant co-products except distillers grains","Metric tonnes","214","units","0","v1277885554","1.1.10","5052","","","","0"
"2024-05","Canada","2016A000011124","Receipts","Renewable fuel plant feedstocks, total","Metric tonnes","214","units","0","v1277885550","1.2.1","438419","","","","0"
"2024-05","Canada","2016A000011124","Receipts","Cereal grains, total","Metric tonnes","214","units","0","v1277885561","1.2.2","341611","","","","0"
"2024-05","Canada","2016A000011124","Receipts","Vegetable oils, total","Metric tonnes","214","units","0","v1277885566","1.2.3","90524","","","","0"
"2024-05","Canada","2016A000011124","Receipts","Other renewable fuel plant feedstocks, total","Metric tonnes","214","units","0","v1277885571","1.2.4","6284","","","","0"
"2024-05","Canada","2016A000011124","Receipts","Renewable fuel plant co-products, total","Metric tonnes","214","units","0","v1277885591","1.2.8","","..","","","0"
"2024-05","Canada","2016A000011124","Receipts","Distillers grains, total","Metric tonnes","214","units","0","v1277885597","1.2.9","","..","","","0"
"2024-05","Canada","2016A000011124","Receipts","Renewable fuel plant co-products except distillers grains","Metric tonnes","214","units","0","v1277885555","1.2.10","","..","","","0"
"2024-05","Canada","2016A000011124","Inputs","Renewable fuel plant feedstocks, total","Metric tonnes","214","units","0","v1277885551","1.3.1","433935","","","","0"
"2024-05","Canada","2016A000011124","Inputs","Cereal grains, total","Metric tonnes","214","units","0","v1277885562","1.3.2","335979","","","","0"
"2024-05","Canada","2016A000011124","Inputs","Vegetable oils, total","Metric tonnes","214","units","0","v1277885567","1.3.3","91367","","","","0"
"2024-05","Canada","2016A000011124","Inputs","Other renewable fuel plant feedstocks, total","Metric tonnes","214","units","0","v1277885572","1.3.4","6589","","","","0"
"2024-05","Canada","2016A000011124","Production","Renewable fuels, total","Cubic metres","72","units","0","v1277885576","1.4.5","243770","","","","0"
"2024-05","Canada","2016A000011124","Production","Fuel ethanol","Cubic metres","72","units","0","v1277885581","1.4.6","144909","","","","0"
"2024-05","Canada","2016A000011124","Production","Renewable fuels except fuel ethanol","Cubic metres","72","units","0","v1277885586","1.4.7","98861","","","","0"
"2024-05","Canada","2016A000011124","Production","Renewable fuel plant co-products, total","Metric tonnes","214","units","0","v1277885592","1.4.8","121412","","","","0"
"2024-05","Canada","2016A000011124","Production","Distillers grains, total","Metric tonnes","214","units","0","v1277885598","1.4.9","108197","","","","0"
"2024-05","Canada","2016A000011124","Production","Renewable fuel plant co-products except distillers grains","Metric tonnes","214","units","0","v1277885556","1.4.10","13215","","","","0"
"2024-05","Canada","2016A000011124","Shipments","Renewable fuels, total","Cubic metres","72","units","0","v1277885577","1.5.5","252000","","","","0"
"2024-05","Canada","2016A000011124","Shipments","Fuel ethanol","Cubic metres","72","units","0","v1277885582","1.5.6","148605","","","","0"
"2024-05","Canada","2016A000011124","Shipments","Renewable fuels except fuel ethanol","Cubic metres","72","units","0","v1277885587","1.5.7","103395","","","","0"
"2024-05","Canada","2016A000011124","Shipments","Renewable fuel plant co-products, total","Metric tonnes","214","units","0","v1277885593","1.5.8","118650","","","","0"
"2024-05","Canada","2016A000011124","Shipments","Distillers grains, total","Metric tonnes","214","units","0","v1277885599","1.5.9","104832","","","","0"
"2024-05","Canada","2016A000011124","Shipments","Renewable fuel plant co-products except distillers grains","Metric tonnes","214","units","0","v1277885557","1.5.10","13818","","","","0"
"2024-05","Canada","2016A000011124","Losses and adjustments","Renewable fuel plant feedstocks, total","Metric tonnes","214","units","0","v1277885552","1.6.1","-60","","","","0"
"2024-05","Canada","2016A000011124","Losses and adjustments","Cereal grains, total","Metric tonnes","214","units","0","v1277885563","1.6.2","10","","","","0"
"2024-05","Canada","2016A000011124","Losses and adjustments","Vegetable oils, total","Metric tonnes","214","units","0","v1277885568","1.6.3","-22","","","","0"
"2024-05","Canada","2016A000011124","Losses and adjustments","Other renewable fuel plant feedstocks, total","Metric tonnes","214","units","0","v1277885573","1.6.4","-48","","","","0"
"2024-05","Canada","2016A000011124","Losses and adjustments","Renewable fuels, total","Cubic metres","72","units","0","v1277885578","1.6.5","190","","","","0"
"2024-05","Canada","2016A000011124","Losses and adjustments","Fuel ethanol","Cubic metres","72","units","0","v1277885583","1.6.6","153","","","","0"
"2024-05","Canada","2016A000011124","Losses and adjustments","Renewable fuels except fuel ethanol","Cubic metres","72","units","0","v1277885588","1.6.7","37","","","","0"
"2024-05","Canada","2016A000011124","Losses and adjustments","Renewable fuel plant co-products, total","Metric tonnes","214","units","0","v1277885594","1.6.8","392","","","","0"
"2024-05","Canada","2016A000011124","Losses and adjustments","Distillers grains, total","Metric tonnes","214","units","0","v1277885600","1.6.9","444","","","","0"
"2024-05","Canada","2016A000011124","Losses and adjustments","Renewable fuel plant co-products except distillers grains","Metric tonnes","214","units","0","v1277885558","1.6.10","-52","","","","0"
"2024-05","Canada","2016A000011124","Ending stocks","Renewable fuel plant feedstocks, total","Metric tonnes","214","units","0","v1277885553","1.7.1","123198","","","","0"
"2024-05","Canada","2016A000011124","Ending stocks","Cereal grains, total","Metric tonnes","214","units","0","v1277885564","1.7.2","68145","","","","0"
"2024-05","Canada","2016A000011124","Ending stocks","Vegetable oils, total","Metric tonnes","214","units","0","v1277885569","1.7.3","52992","","","","0"
"2024-05","Canada","2016A000011124","Ending stocks","Other renewable fuel plant feedstocks, total","Metric tonnes","214","units","0","v1277885574","1.7.4","2061","","","","0"
"2024-05","Canada","2016A000011124","Ending stocks","Renewable fuels, total","Cubic metres","72","units","0","v1277885579","1.7.5","85822","","","","0"
"2024-05","Canada","2016A000011124","Ending stocks","Fuel ethanol","Cubic metres","72","units","0","v1277885584","1.7.6","23553","","","","0"
"2024-05","Canada","2016A000011124","Ending stocks","Renewable fuels except fuel ethanol","Cubic metres","72","units","0","v1277885589","1.7.7","62269","","","","0"
"2024-05","Canada","2016A000011124","Ending stocks","Renewable fuel plant co-products, total","Metric tonnes","214","units","0","v1277885595","1.7.8","14122","","","","0"
"2024-05","Canada","2016A000011124","Ending stocks","Distillers grains, total","Metric tonnes","214","units","0","v1277885601","1.7.9","9198","","","","0"
"2024-05","Canada","2016A000011124","Ending stocks","Renewable fuel plant co-products except distillers grains","Metric tonnes","214","units","0","v1277885559","1.7.10","4924","","","","0"
"2024-06","Canada","2016A000011124","Beginning stocks","Renewable fuel plant feedstocks, total","Metric tonnes","214","units","0","v1277885549","1.1.1","123198","","","","0"
"2024-06","Canada","2016A000011124","Beginning stocks","Cereal grains, total","Metric tonnes","214","units","0","v1277885560","1.1.2","68145","","","","0"
"2024-06","Canada","2016A000011124","Beginning stocks","Vegetable oils, total","Metric tonnes","214","units","0","v1277885565","1.1.3","52992","","","","0"
"2024-06","Canada","2016A000011124","Beginning stocks","Other renewable fuel plant feedstocks, total","Metric tonnes","214","units","0","v1277885570","1.1.4","2061","","","","0"
"2024-06","Canada","2016A000011124","Beginning stocks","Renewable fuels, total","Cubic metres","72","units","0","v1277885575","1.1.5","85822","","","","0"
"2024-06","Canada","2016A000011124","Beginning stocks","Fuel ethanol","Cubic metres","72","units","0","v1277885580","1.1.6","23553","","","","0"
"2024-06","Canada","2016A000011124","Beginning stocks","Renewable fuels except fuel ethanol","Cubic metres","72","units","0","v1277885585","1.1.7","62269","","","","0"
"2024-06","Canada","2016A000011124","Beginning stocks","Renewable fuel plant co-products, total","Metric tonnes","214","units","0","v1277885590","1.1.8","14122","","","","0"
"2024-06","Canada","2016A000011124","Beginning stocks","Distillers grains, total","Metric tonnes","214","units","0","v1277885596","1.1.9","9198","","","","0"
"2024-06","Canada","2016A000011124","Beginning stocks","Renewable fuel plant co-products except distillers grains","Metric tonnes","214","units","0","v1277885554","1.1.10","4924","","","","0"
"2024-06","Canada","2016A000011124","Receipts","Renewable fuel plant feedstocks, total","Metric tonnes","214","units","0","v1277885550","1.2.1","463680","","","","0"
"2024-06","Canada","2016A000011124","Receipts","Cereal grains, total","Metric tonnes","214","units","0","v1277885561","1.2.2","323759","","","","0"
"2024-06","Canada","2016A000011124","Receipts","Vegetable oils, total","Metric tonnes","214","units","0","v1277885566","1.2.3","134162","","","","0"
"2024-06","Canada","2016A000011124","Receipts","Other renewable fuel plant feedstocks, total","Metric tonnes","214","units","0","v1277885571","1.2.4","5759","","","","0"
"2024-06","Canada","2016A000011124","Receipts","Renewable fuel plant co-products, total","Metric tonnes","214","units","0","v1277885591","1.2.8","","..","","","0"
"2024-06","Canada","2016A000011124","Receipts","Distillers grains, total","Metric tonnes","214","units","0","v1277885597","1.2.9","","..","","","0"
"2024-06","Canada","2016A000011124","Receipts","Renewable fuel plant co-products except distillers grains","Metric tonnes","214","units","0","v1277885555","1.2.10","","..","","","0"
"2024-06","Canada","2016A000011124","Inputs","Renewable fuel plant feedstocks, total","Metric tonnes","214","units","0","v1277885551","1.3.1","468650","","","","0"
"2024-06","Canada","2016A000011124","Inputs","Cereal grains, total","Metric tonnes","214","units","0","v1277885562","1.3.2","335862","","","","0"
"2024-06","Canada","2016A000011124","Inputs","Vegetable oils, total","Metric tonnes","214","units","0","v1277885567","1.3.3","126445","","","","0"
"2024-06","Canada","2016A000011124","Inputs","Other renewable fuel plant feedstocks, total","Metric tonnes","214","units","0","v1277885572","1.3.4","6343","","","","0"
"2024-06","Canada","2016A000011124","Production","Renewable fuels, total","Cubic metres","72","units","0","v1277885576","1.4.5","274627","","","","0"
"2024-06","Canada","2016A000011124","Production","Fuel ethanol","Cubic metres","72","units","0","v1277885581","1.4.6","142682","","","","0"
"2024-06","Canada","2016A000011124","Production","Renewable fuels except fuel ethanol","Cubic metres","72","units","0","v1277885586","1.4.7","131945","","","","0"
"2024-06","Canada","2016A000011124","Production","Renewable fuel plant co-products, total","Metric tonnes","214","units","0","v1277885592","1.4.8","113596","","","","0"
"2024-06","Canada","2016A000011124","Production","Distillers grains, total","Metric tonnes","214","units","0","v1277885598","1.4.9","101597","","","","0"
"2024-06","Canada","2016A000011124","Production","Renewable fuel plant co-products except distillers grains","Metric tonnes","214","units","0","v1277885556","1.4.10","11999","","","","0"
"2024-06","Canada","2016A000011124","Shipments","Renewable fuels, total","Cubic metres","72","units","0","v1277885577","1.5.5","289832","","","","0"
"2024-06","Canada","2016A000011124","Shipments","Fuel ethanol","Cubic metres","72","units","0","v1277885582","1.5.6","141183","","","","0"
"2024-06","Canada","2016A000011124","Shipments","Renewable fuels except fuel ethanol","Cubic metres","72","units","0","v1277885587","1.5.7","148649","","","","0"
"2024-06","Canada","2016A000011124","Shipments","Renewable fuel plant co-products, total","Metric tonnes","214","units","0","v1277885593","1.5.8","109867","","","","0"
"2024-06","Canada","2016A000011124","Shipments","Distillers grains, total","Metric tonnes","214","units","0","v1277885599","1.5.9","96763","","","","0"
"2024-06","Canada","2016A000011124","Shipments","Renewable fuel plant co-products except distillers grains","Metric tonnes","214","units","0","v1277885557","1.5.10","13104","","","","0"
"2024-06","Canada","2016A000011124","Losses and adjustments","Renewable fuel plant feedstocks, total","Metric tonnes","214","units","0","v1277885552","1.6.1","-36","","","","0"
"2024-06","Canada","2016A000011124","Losses and adjustments","Cereal grains, total","Metric tonnes","214","units","0","v1277885563","1.6.2","-105","","","","0"
"2024-06","Canada","2016A000011124","Losses and adjustments","Vegetable oils, total","Metric tonnes","214","units","0","v1277885568","1.6.3","8","","","","0"
"2024-06","Canada","2016A000011124","Losses and adjustments","Other renewable fuel plant feedstocks, total","Metric tonnes","214","units","0","v1277885573","1.6.4","61","","","","0"
"2024-06","Canada","2016A000011124","Losses and adjustments","Renewable fuels, total","Cubic metres","72","units","0","v1277885578","1.6.5","209","","","","0"
"2024-06","Canada","2016A000011124","Losses and adjustments","Fuel ethanol","Cubic metres","72","units","0","v1277885583","1.6.6","186","","","","0"
"2024-06","Canada","2016A000011124","Losses and adjustments","Renewable fuels except fuel ethanol","Cubic metres","72","units","0","v1277885588","1.6.7","23","","","","0"
"2024-06","Canada","2016A000011124","Losses and adjustments","Renewable fuel plant co-products, total","Metric tonnes","214","units","0","v1277885594","1.6.8","432","","","","0"
"2024-06","Canada","2016A000011124","Losses and adjustments","Distillers grains, total","Metric tonnes","214","units","0","v1277885600","1.6.9","599","","","","0"
"2024-06","Canada","2016A000011124","Losses and adjustments","Renewable fuel plant co-products except distillers grains","Metric tonnes","214","units","0","v1277885558","1.6.10","-167","","","","0"
"2024-06","Canada","2016A000011124","Ending stocks","Renewable fuel plant feedstocks, total","Metric tonnes","214","units","0","v1277885553","1.7.1","118561","","","","0"
"2024-06","Canada","2016A000011124","Ending stocks","Cereal grains, total","Metric tonnes","214","units","0","v1277885564","1.7.2","56147","","","","0"
"2024-06","Canada","2016A000011124","Ending stocks","Vegetable oils, total","Metric tonnes","214","units","0","v1277885569","1.7.3","60701","","","","0"
"2024-06","Canada","2016A000011124","Ending stocks","Other renewable fuel plant feedstocks, total","Metric tonnes","214","units","0","v1277885574","1.7.4","1713","","","","0"
"2024-06","Canada","2016A000011124","Ending stocks","Renewable fuels, total","Cubic metres","72","units","0","v1277885579","1.7.5","72665","","","","0"
"2024-06","Canada","2016A000011124","Ending stocks","Fuel ethanol","Cubic metres","72","units","0","v1277885584","1.7.6","24868","","","","0"
"2024-06","Canada","2016A000011124","Ending stocks","Renewable fuels except fuel ethanol","Cubic metres","72","units","0","v1277885589","1.7.7","47797","","","","0"
"2024-06","Canada","2016A000011124","Ending stocks","Renewable fuel plant co-products, total","Metric tonnes","214","units","0","v1277885595","1.7.8","17733","","","","0"
"2024-06","Canada","2016A000011124","Ending stocks","Distillers grains, total","Metric tonnes","214","units","0","v1277885601","1.7.9","12326","","","","0"
"2024-06","Canada","2016A000011124","Ending stocks","Renewable fuel plant co-products except distillers grains","Metric tonnes","214","units","0","v1277885559","1.7.10","5407","","","","0"
"2024-07","Canada","2016A000011124","Beginning stocks","Renewable fuel plant feedstocks, total","Metric tonnes","214","units","0","v1277885549","1.1.1","118561","","","","0"
"2024-07","Canada","2016A000011124","Beginning stocks","Cereal grains, total","Metric tonnes","214","units","0","v1277885560","1.1.2","56147","","","","0"
"2024-07","Canada","2016A000011124","Beginning stocks","Vegetable oils, total","Metric tonnes","214","units","0","v1277885565","1.1.3","60701","","","","0"
"2024-07","Canada","2016A000011124","Beginning stocks","Other renewable fuel plant feedstocks, total","Metric tonnes","214","units","0","v1277885570","1.1.4","1713","","","","0"
"2024-07","Canada","2016A000011124","Beginning stocks","Renewable fuels, total","Cubic metres","72","units","0","v1277885575","1.1.5","72665","","","","0"
"2024-07","Canada","2016A000011124","Beginning stocks","Fuel ethanol","Cubic metres","72","units","0","v1277885580","1.1.6","24868","","","","0"
"2024-07","Canada","2016A000011124","Beginning stocks","Renewable fuels except fuel ethanol","Cubic metres","72","units","0","v1277885585","1.1.7","47797","","","","0"
"2024-07","Canada","2016A000011124","Beginning stocks","Renewable fuel plant co-products, total","Metric tonnes","214","units","0","v1277885590","1.1.8","17733","","","","0"
"2024-07","Canada","2016A000011124","Beginning stocks","Distillers grains, total","Metric tonnes","214","units","0","v1277885596","1.1.9","12326","","","","0"
"2024-07","Canada","2016A000011124","Beginning stocks","Renewable fuel plant co-products except distillers grains","Metric tonnes","214","units","0","v1277885554","1.1.10","5407","","","","0"
"2024-07","Canada","2016A000011124","Receipts","Renewable fuel plant feedstocks, total","Metric tonnes","214","units","0","v1277885550","1.2.1","489845","","","","0"
"2024-07","Canada","2016A000011124","Receipts","Cereal grains, total","Metric tonnes","214","units","0","v1277885561","1.2.2","392796","","","","0"
"2024-07","Canada","2016A000011124","Receipts","Vegetable oils, total","Metric tonnes","214","units","0","v1277885566","1.2.3","90339","","","","0"
"2024-07","Canada","2016A000011124","Receipts","Other renewable fuel plant feedstocks, total","Metric tonnes","214","units","0","v1277885571","1.2.4","6710","","","","0"
"2024-07","Canada","2016A000011124","Receipts","Renewable fuel plant co-products, total","Metric tonnes","214","units","0","v1277885591","1.2.8","","..","","","0"
"2024-07","Canada","2016A000011124","Receipts","Distillers grains, total","Metric tonnes","214","units","0","v1277885597","1.2.9","","..","","","0"
"2024-07","Canada","2016A000011124","Receipts","Renewable fuel plant co-products except distillers grains","Metric tonnes","214","units","0","v1277885555","1.2.10","","..","","","0"
"2024-07","Canada","2016A000011124","Inputs","Renewable fuel plant feedstocks, total","Metric tonnes","214","units","0","v1277885551","1.3.1","486932","","","","0"
"2024-07","Canada","2016A000011124","Inputs","Cereal grains, total","Metric tonnes","214","units","0","v1277885562","1.3.2","381749","","","","0"
"2024-07","Canada","2016A000011124","Inputs","Vegetable oils, total","Metric tonnes","214","units","0","v1277885567","1.3.3","99216","","","","0"
"2024-07","Canada","2016A000011124","Inputs","Other renewable fuel plant feedstocks, total","Metric tonnes","214","units","0","v1277885572","1.3.4","5967","","","","0"
"2024-07","Canada","2016A000011124","Production","Renewable fuels, total","Cubic metres","72","units","0","v1277885576","1.4.5","261637","","","","0"
"2024-07","Canada","2016A000011124","Production","Fuel ethanol","Cubic metres","72","units","0","v1277885581","1.4.6","154666","","","","0"
"2024-07","Canada","2016A000011124","Production","Renewable fuels except fuel ethanol","Cubic metres","72","units","0","v1277885586","1.4.7","106971","","","","0"
"2024-07","Canada","2016A000011124","Production","Renewable fuel plant co-products, total","Metric tonnes","214","units","0","v1277885592","1.4.8","130747","","","","0"
"2024-07","Canada","2016A000011124","Production","Distillers grains, total","Metric tonnes","214","units","0","v1277885598","1.4.9","115356","","","","0"
"2024-07","Canada","2016A000011124","Production","Renewable fuel plant co-products except distillers grains","Metric tonnes","214","units","0","v1277885556","1.4.10","15391","","","","0"
"2024-07","Canada","2016A000011124","Shipments","Renewable fuels, total","Cubic metres","72","units","0","v1277885577","1.5.5","272513","","","","0"
"2024-07","Canada","2016A000011124","Shipments","Fuel ethanol","Cubic metres","72","units","0","v1277885582","1.5.6","158358","","","","0"
"2024-07","Canada","2016A000011124","Shipments","Renewable fuels except fuel ethanol","Cubic metres","72","units","0","v1277885587","1.5.7","114155","","","","0"
"2024-07","Canada","2016A000011124","Shipments","Renewable fuel plant co-products, total","Metric tonnes","214","units","0","v1277885593","1.5.8","135587","","","","0"
"2024-07","Canada","2016A000011124","Shipments","Distillers grains, total","Metric tonnes","214","units","0","v1277885599","1.5.9","118999","","","","0"
"2024-07","Canada","2016A000011124","Shipments","Renewable fuel plant co-products except distillers grains","Metric tonnes","214","units","0","v1277885557","1.5.10","16588","","","","0"
"2024-07","Canada","2016A000011124","Losses and adjustments","Renewable fuel plant feedstocks, total","Metric tonnes","214","units","0","v1277885552","1.6.1","-162","","","","0"
"2024-07","Canada","2016A000011124","Losses and adjustments","Cereal grains, total","Metric tonnes","214","units","0","v1277885563","1.6.2","-168","","","","0"
"2024-07","Canada","2016A000011124","Losses and adjustments","Vegetable oils, total","Metric tonnes","214","units","0","v1277885568","1.6.3","15","","","","0"
"2024-07","Canada","2016A000011124","Losses and adjustments","Other renewable fuel plant feedstocks, total","Metric tonnes","214","units","0","v1277885573","1.6.4","-9","","","","0"
"2024-07","Canada","2016A000011124","Losses and adjustments","Renewable fuels, total","Cubic metres","72","units","0","v1277885578","1.6.5","437","","","","0"
"2024-07","Canada","2016A000011124","Losses and adjustments","Fuel ethanol","Cubic metres","72","units","0","v1277885583","1.6.6","532","","","","0"
"2024-07","Canada","2016A000011124","Losses and adjustments","Renewable fuels except fuel ethanol","Cubic metres","72","units","0","v1277885588","1.6.7","-95","","","","0"
"2024-07","Canada","2016A000011124","Losses and adjustments","Renewable fuel plant co-products, total","Metric tonnes","214","units","0","v1277885594","1.6.8","-757","","","","0"
"2024-07","Canada","2016A000011124","Losses and adjustments","Distillers grains, total","Metric tonnes","214","units","0","v1277885600","1.6.9","-157","","","","0"
"2024-07","Canada","2016A000011124","Losses and adjustments","Renewable fuel plant co-products except distillers grains","Metric tonnes","214","units","0","v1277885558","1.6.10","-600","","","","0"
"2024-07","Canada","2016A000011124","Ending stocks","Renewable fuel plant feedstocks, total","Metric tonnes","214","units","0","v1277885553","1.7.1","121940","","","","0"
"2024-07","Canada","2016A000011124","Ending stocks","Cereal grains, total","Metric tonnes","214","units","0","v1277885564","1.7.2","67362","","","","0"
"2024-07","Canada","2016A000011124","Ending stocks","Vegetable oils, total","Metric tonnes","214","units","0","v1277885569","1.7.3","51799","","","","0"
"2024-07","Canada","2016A000011124","Ending stocks","Other renewable fuel plant feedstocks, total","Metric tonnes","214","units","0","v1277885574","1.7.4","2779","","","","0"
"2024-07","Canada","2016A000011124","Ending stocks","Renewable fuels, total","Cubic metres","72","units","0","v1277885579","1.7.5","64217","","","","0"
"2024-07","Canada","2016A000011124","Ending stocks","Fuel ethanol","Cubic metres","72","units","0","v1277885584","1.7.6","20805","","","","0"
"2024-07","Canada","2016A000011124","Ending stocks","Renewable fuels except fuel ethanol","Cubic metres","72","units","0","v1277885589","1.7.7","43412","","","","0"
"2024-07","Canada","2016A000011124","Ending stocks","Renewable fuel plant co-products, total","Metric tonnes","214","units","0","v1277885595","1.7.8","12787","","","","0"
"2024-07","Canada","2016A000011124","Ending stocks","Distillers grains, total","Metric tonnes","214","units","0","v1277885601","1.7.9","7703","","","","0"
"2024-07","Canada","2016A000011124","Ending stocks","Renewable fuel plant co-products except distillers grains","Metric tonnes","214","units","0","v1277885559","1.7.10","5084","","","","0"
"2024-08","Canada","2016A000011124","Beginning stocks","Renewable fuel plant feedstocks, total","Metric tonnes","214","units","0","v1277885549","1.1.1","121940","","","","0"
"2024-08","Canada","2016A000011124","Beginning stocks","Cereal grains, total","Metric tonnes","214","units","0","v1277885560","1.1.2","67362","","","","0"
"2024-08","Canada","2016A000011124","Beginning stocks","Vegetable oils, total","Metric tonnes","214","units","0","v1277885565","1.1.3","51799","","","","0"
"2024-08","Canada","2016A000011124","Beginning stocks","Other renewable fuel plant feedstocks, total","Metric tonnes","214","units","0","v1277885570","1.1.4","2779","","","","0"
"2024-08","Canada","2016A000011124","Beginning stocks","Renewable fuels, total","Cubic metres","72","units","0","v1277885575","1.1.5","64217","","","","0"
"2024-08","Canada","2016A000011124","Beginning stocks","Fuel ethanol","Cubic metres","72","units","0","v1277885580","1.1.6","20805","","","","0"
"2024-08","Canada","2016A000011124","Beginning stocks","Renewable fuels except fuel ethanol","Cubic metres","72","units","0","v1277885585","1.1.7","43412","","","","0"
"2024-08","Canada","2016A000011124","Beginning stocks","Renewable fuel plant co-products, total","Metric tonnes","214","units","0","v1277885590","1.1.8","12787","","","","0"
"2024-08","Canada","2016A000011124","Beginning stocks","Distillers grains, total","Metric tonnes","214","units","0","v1277885596","1.1.9","7703","","","","0"
"2024-08","Canada","2016A000011124","Beginning stocks","Renewable fuel plant co-products except distillers grains","Metric tonnes","214","units","0","v1277885554","1.1.10","5084","","","","0"
"2024-08","Canada","2016A000011124","Receipts","Renewable fuel plant feedstocks, total","Metric tonnes","214","units","0","v1277885550","1.2.1","531873","","","","0"
"2024-08","Canada","2016A000011124","Receipts","Cereal grains, total","Metric tonnes","214","units","0","v1277885561","1.2.2","391281","","","","0"
"2024-08","Canada","2016A000011124","Receipts","Vegetable oils, total","Metric tonnes","214","units","0","v1277885566","1.2.3","135219","","","","0"
"2024-08","Canada","2016A000011124","Receipts","Other renewable fuel plant feedstocks, total","Metric tonnes","214","units","0","v1277885571","1.2.4","5373","","","","0"
"2024-08","Canada","2016A000011124","Receipts","Renewable fuel plant co-products, total","Metric tonnes","214","units","0","v1277885591","1.2.8","","..","","","0"
"2024-08","Canada","2016A000011124","Receipts","Distillers grains, total","Metric tonnes","214","units","0","v1277885597","1.2.9","","..","","","0"
"2024-08","Canada","2016A000011124","Receipts","Renewable fuel plant co-products except distillers grains","Metric tonnes","214","units","0","v1277885555","1.2.10","","..","","","0"
"2024-08","Canada","2016A000011124","Inputs","Renewable fuel plant feedstocks, total","Metric tonnes","214","units","0","v1277885551","1.3.1","484398","","","","0"
"2024-08","Canada","2016A000011124","Inputs","Cereal grains, total","Metric tonnes","214","units","0","v1277885562","1.3.2","392334","","","","0"
"2024-08","Canada","2016A000011124","Inputs","Vegetable oils, total","Metric tonnes","214","units","0","v1277885567","1.3.3","85292","","","","0"
"2024-08","Canada","2016A000011124","Inputs","Other renewable fuel plant feedstocks, total","Metric tonnes","214","units","0","v1277885572","1.3.4","6772","","","","0"
"2024-08","Canada","2016A000011124","Production","Renewable fuels, total","Cubic metres","72","units","0","v1277885576","1.4.5","252024","","","","0"
"2024-08","Canada","2016A000011124","Production","Fuel ethanol","Cubic metres","72","units","0","v1277885581","1.4.6","160518","","","","0"
"2024-08","Canada","2016A000011124","Production","Renewable fuels except fuel ethanol","Cubic metres","72","units","0","v1277885586","1.4.7","91506","","","","0"
"2024-08","Canada","2016A000011124","Production","Renewable fuel plant co-products, total","Metric tonnes","214","units","0","v1277885592","1.4.8","132769","","","","0"
"2024-08","Canada","2016A000011124","Production","Distillers grains, total","Metric tonnes","214","units","0","v1277885598","1.4.9","119890","","","","0"
"2024-08","Canada","2016A000011124","Production","Renewable fuel plant co-products except distillers grains","Metric tonnes","214","units","0","v1277885556","1.4.10","12879","","","","0"
"2024-08","Canada","2016A000011124","Shipments","Renewable fuels, total","Cubic metres","72","units","0","v1277885577","1.5.5","230587","","","","0"
"2024-08","Canada","2016A000011124","Shipments","Fuel ethanol","Cubic metres","72","units","0","v1277885582","1.5.6","155169","","","","0"
"2024-08","Canada","2016A000011124","Shipments","Renewable fuels except fuel ethanol","Cubic metres","72","units","0","v1277885587","1.5.7","75418","","","","0"
"2024-08","Canada","2016A000011124","Shipments","Renewable fuel plant co-products, total","Metric tonnes","214","units","0","v1277885593","1.5.8","132207","","","","0"
"2024-08","Canada","2016A000011124","Shipments","Distillers grains, total","Metric tonnes","214","units","0","v1277885599","1.5.9","117997","","","","0"
"2024-08","Canada","2016A000011124","Shipments","Renewable fuel plant co-products except distillers grains","Metric tonnes","214","units","0","v1277885557","1.5.10","14210","","","","0"
"2024-08","Canada","2016A000011124","Losses and adjustments","Renewable fuel plant feedstocks, total","Metric tonnes","214","units","0","v1277885552","1.6.1","304","","","","0"
"2024-08","Canada","2016A000011124","Losses and adjustments","Cereal grains, total","Metric tonnes","214","units","0","v1277885563","1.6.2","264","","","","0"
"2024-08","Canada","2016A000011124","Losses and adjustments","Vegetable oils, total","Metric tonnes","214","units","0","v1277885568","1.6.3","9","","","","0"
"2024-08","Canada","2016A000011124","Losses and adjustments","Other renewable fuel plant feedstocks, total","Metric tonnes","214","units","0","v1277885573","1.6.4","31","","","","0"
"2024-08","Canada","2016A000011124","Losses and adjustments","Renewable fuels, total","Cubic metres","72","units","0","v1277885578","1.6.5","659","","","","0"
"2024-08","Canada","2016A000011124","Losses and adjustments","Fuel ethanol","Cubic metres","72","units","0","v1277885583","1.6.6","601","","","","0"
"2024-08","Canada","2016A000011124","Losses and adjustments","Renewable fuels except fuel ethanol","Cubic metres","72","units","0","v1277885588","1.6.7","58","","","","0"
"2024-08","Canada","2016A000011124","Losses and adjustments","Renewable fuel plant co-products, total","Metric tonnes","214","units","0","v1277885594","1.6.8","-1426","","","","0"
"2024-08","Canada","2016A000011124","Losses and adjustments","Distillers grains, total","Metric tonnes","214","units","0","v1277885600","1.6.9","-517","","","","0"
"2024-08","Canada","2016A000011124","Losses and adjustments","Renewable fuel plant co-products except distillers grains","Metric tonnes","214","units","0","v1277885558","1.6.10","-909","","","","0"
"2024-08","Canada","2016A000011124","Ending stocks","Renewable fuel plant feedstocks, total","Metric tonnes","214","units","0","v1277885553","1.7.1","169376","","","","0"
"2024-08","Canada","2016A000011124","Ending stocks","Cereal grains, total","Metric tonnes","214","units","0","v1277885564","1.7.2","66045","","","","0"
"2024-08","Canada","2016A000011124","Ending stocks","Vegetable oils, total","Metric tonnes","214","units","0","v1277885569","1.7.3","101725","","","","0"
"2024-08","Canada","2016A000011124","Ending stocks","Other renewable fuel plant feedstocks, total","Metric tonnes","214","units","0","v1277885574","1.7.4","1606","","","","0"
"2024-08","Canada","2016A000011124","Ending stocks","Renewable fuels, total","Cubic metres","72","units","0","v1277885579","1.7.5","86732","","","","0"
"2024-08","Canada","2016A000011124","Ending stocks","Fuel ethanol","Cubic metres","72","units","0","v1277885584","1.7.6","25553","","","","0"
"2024-08","Canada","2016A000011124","Ending stocks","Renewable fuels except fuel ethanol","Cubic metres","72","units","0","v1277885589","1.7.7","61179","","","","0"
"2024-08","Canada","2016A000011124","Ending stocks","Renewable fuel plant co-products, total","Metric tonnes","214","units","0","v1277885595","1.7.8","14412","","","","0"
"2024-08","Canada","2016A000011124","Ending stocks","Distillers grains, total","Metric tonnes","214","units","0","v1277885601","1.7.9","9189","","","","0"
"2024-08","Canada","2016A000011124","Ending stocks","Renewable fuel plant co-products except distillers grains","Metric tonnes","214","units","0","v1277885559","1.7.10","5223","","","","0"
"2024-09","Canada","2016A000011124","Beginning stocks","Renewable fuel plant feedstocks, total","Metric tonnes","214","units","0","v1277885549","1.1.1","169376","","","","0"
"2024-09","Canada","2016A000011124","Beginning stocks","Cereal grains, total","Metric tonnes","214","units","0","v1277885560","1.1.2","66045","","","","0"
"2024-09","Canada","2016A000011124","Beginning stocks","Vegetable oils, total","Metric tonnes","214","units","0","v1277885565","1.1.3","101725","","","","0"
"2024-09","Canada","2016A000011124","Beginning stocks","Other renewable fuel plant feedstocks, total","Metric tonnes","214","units","0","v1277885570","1.1.4","1606","","","","0"
"2024-09","Canada","2016A000011124","Beginning stocks","Renewable fuels, total","Cubic metres","72","units","0","v1277885575","1.1.5","86732","","","","0"
"2024-09","Canada","2016A000011124","Beginning stocks","Fuel ethanol","Cubic metres","72","units","0","v1277885580","1.1.6","25553","","","","0"
"2024-09","Canada","2016A000011124","Beginning stocks","Renewable fuels except fuel ethanol","Cubic metres","72","units","0","v1277885585","1.1.7","61179","","","","0"
"2024-09","Canada","2016A000011124","Beginning stocks","Renewable fuel plant co-products, total","Metric tonnes","214","units","0","v1277885590","1.1.8","14412","","","","0"
"2024-09","Canada","2016A000011124","Beginning stocks","Distillers grains, total","Metric tonnes","214","units","0","v1277885596","1.1.9","9189","","","","0"
"2024-09","Canada","2016A000011124","Beginning stocks","Renewable fuel plant co-products except distillers grains","Metric tonnes","214","units","0","v1277885554","1.1.10","5223","","","","0"
"2024-09","Canada","2016A000011124","Receipts","Renewable fuel plant feedstocks, total","Metric tonnes","214","units","0","v1277885550","1.2.1","420841","","","","0"
"2024-09","Canada","2016A000011124","Receipts","Cereal grains, total","Metric tonnes","214","units","0","v1277885561","1.2.2","332984","","","","0"
"2024-09","Canada","2016A000011124","Receipts","Vegetable oils, total","Metric tonnes","214","units","0","v1277885566","1.2.3","82516","","","","0"
"2024-09","Canada","2016A000011124","Receipts","Other renewable fuel plant feedstocks, total","Metric tonnes","214","units","0","v1277885571","1.2.4","5341","","","","0"
"2024-09","Canada","2016A000011124","Receipts","Renewable fuel plant co-products, total","Metric tonnes","214","units","0","v1277885591","1.2.8","","..","","","0"
"2024-09","Canada","2016A000011124","Receipts","Distillers grains, total","Metric tonnes","214","units","0","v1277885597","1.2.9","","..","","","0"
"2024-09","Canada","2016A000011124","Receipts","Renewable fuel plant co-products except distillers grains","Metric tonnes","214","units","0","v1277885555","1.2.10","","..","","","0"
"2024-09","Canada","2016A000011124","Inputs","Renewable fuel plant feedstocks, total","Metric tonnes","214","units","0","v1277885551","1.3.1","435652","","","","0"
"2024-09","Canada","2016A000011124","Inputs","Cereal grains, total","Metric tonnes","214","units","0","v1277885562","1.3.2","330767","","","","0"
"2024-09","Canada","2016A000011124","Inputs","Vegetable oils, total","Metric tonnes","214","units","0","v1277885567","1.3.3","98746","","","","0"
"2024-09","Canada","2016A000011124","Inputs","Other renewable fuel plant feedstocks, total","Metric tonnes","214","units","0","v1277885572","1.3.4","6139","","","","0"
"2024-09","Canada","2016A000011124","Production","Renewable fuels, total","Cubic metres","72","units","0","v1277885576","1.4.5","242104","","","","0"
"2024-09","Canada","2016A000011124","Production","Fuel ethanol","Cubic metres","72","units","0","v1277885581","1.4.6","136191","","","","0"
"2024-09","Canada","2016A000011124","Production","Renewable fuels except fuel ethanol","Cubic metres","72","units","0","v1277885586","1.4.7","105913","","","","0"
"2024-09","Canada","2016A000011124","Production","Renewable fuel plant co-products, total","Metric tonnes","214","units","0","v1277885592","1.4.8","115667","","","","0"
"2024-09","Canada","2016A000011124","Production","Distillers grains, total","Metric tonnes","214","units","0","v1277885598","1.4.9","102005","","","","0"
"2024-09","Canada","2016A000011124","Production","Renewable fuel plant co-products except distillers grains","Metric tonnes","214","units","0","v1277885556","1.4.10","13662","","","","0"
"2024-09","Canada","2016A000011124","Shipments","Renewable fuels, total","Cubic metres","72","units","0","v1277885577","1.5.5","281101","","","","0"
"2024-09","Canada","2016A000011124","Shipments","Fuel ethanol","Cubic metres","72","units","0","v1277885582","1.5.6","140755","","","","0"
"2024-09","Canada","2016A000011124","Shipments","Renewable fuels except fuel ethanol","Cubic metres","72","units","0","v1277885587","1.5.7","140346","","","","0"
"2024-09","Canada","2016A000011124","Shipments","Renewable fuel plant co-products, total","Metric tonnes","214","units","0","v1277885593","1.5.8","113465","","","","0"
"2024-09","Canada","2016A000011124","Shipments","Distillers grains, total","Metric tonnes","214","units","0","v1277885599","1.5.9","98690","","","","0"
"2024-09","Canada","2016A000011124","Shipments","Renewable fuel plant co-products except distillers grains","Metric tonnes","214","units","0","v1277885557","1.5.10","14775","","","","0"
"2024-09","Canada","2016A000011124","Losses and adjustments","Renewable fuel plant feedstocks, total","Metric tonnes","214","units","0","v1277885552","1.6.1","182","","","","0"
"2024-09","Canada","2016A000011124","Losses and adjustments","Cereal grains, total","Metric tonnes","214","units","0","v1277885563","1.6.2","163","","","","0"
"2024-09","Canada","2016A000011124","Losses and adjustments","Vegetable oils, total","Metric tonnes","214","units","0","v1277885568","1.6.3","2","","","","0"
"2024-09","Canada","2016A000011124","Losses and adjustments","Other renewable fuel plant feedstocks, total","Metric tonnes","214","units","0","v1277885573","1.6.4","17","","","","0"
"2024-09","Canada","2016A000011124","Losses and adjustments","Renewable fuels, total","Cubic metres","72","units","0","v1277885578","1.6.5","38","","","","0"
"2024-09","Canada","2016A000011124","Losses and adjustments","Fuel ethanol","Cubic metres","72","units","0","v1277885583","1.6.6","-276","","","","0"
"2024-09","Canada","2016A000011124","Losses and adjustments","Renewable fuels except fuel ethanol","Cubic metres","72","units","0","v1277885588","1.6.7","314","","","","0"
"2024-09","Canada","2016A000011124","Losses and adjustments","Renewable fuel plant co-products, total","Metric tonnes","214","units","0","v1277885594","1.6.8","-998","","","","0"
"2024-09","Canada","2016A000011124","Losses and adjustments","Distillers grains, total","Metric tonnes","214","units","0","v1277885600","1.6.9","-466","","","","0"
"2024-09","Canada","2016A000011124","Losses and adjustments","Renewable fuel plant co-products except distillers grains","Metric tonnes","214","units","0","v1277885558","1.6.10","-532","","","","0"
"2024-09","Canada","2016A000011124","Ending stocks","Renewable fuel plant feedstocks, total","Metric tonnes","214","units","0","v1277885553","1.7.1","154704","","","","0"
"2024-09","Canada","2016A000011124","Ending stocks","Cereal grains, total","Metric tonnes","214","units","0","v1277885564","1.7.2","68099","","","","0"
"2024-09","Canada","2016A000011124","Ending stocks","Vegetable oils, total","Metric tonnes","214","units","0","v1277885569","1.7.3","85486","","","","0"
"2024-09","Canada","2016A000011124","Ending stocks","Other renewable fuel plant feedstocks, total","Metric tonnes","214","units","0","v1277885574","1.7.4","1119","","","","0"
"2024-09","Canada","2016A000011124","Ending stocks","Renewable fuels, total","Cubic metres","72","units","0","v1277885579","1.7.5","49955","","","","0"
"2024-09","Canada","2016A000011124","Ending stocks","Fuel ethanol","Cubic metres","72","units","0","v1277885584","1.7.6","21300","","","","0"
"2024-09","Canada","2016A000011124","Ending stocks","Renewable fuels except fuel ethanol","Cubic metres","72","units","0","v1277885589","1.7.7","28655","","","","0"
"2024-09","Canada","2016A000011124","Ending stocks","Renewable fuel plant co-products, total","Metric tonnes","214","units","0","v1277885595","1.7.8","17477","","","","0"
"2024-09","Canada","2016A000011124","Ending stocks","Distillers grains, total","Metric tonnes","214","units","0","v1277885601","1.7.9","12315","","","","0"
"2024-09","Canada","2016A000011124","Ending stocks","Renewable fuel plant co-products except distillers grains","Metric tonnes","214","units","0","v1277885559","1.7.10","5162","","","","0"
"2024-10","Canada","2016A000011124","Beginning stocks","Renewable fuel plant feedstocks, total","Metric tonnes","214","units","0","v1277885549","1.1.1","154704","","","","0"
"2024-10","Canada","2016A000011124","Beginning stocks","Cereal grains, total","Metric tonnes","214","units","0","v1277885560","1.1.2","68099","","","","0"
"2024-10","Canada","2016A000011124","Beginning stocks","Vegetable oils, total","Metric tonnes","214","units","0","v1277885565","1.1.3","85486","","","","0"
"2024-10","Canada","2016A000011124","Beginning stocks","Other renewable fuel plant feedstocks, total","Metric tonnes","214","units","0","v1277885570","1.1.4","1119","","","","0"
"2024-10","Canada","2016A000011124","Beginning stocks","Renewable fuels, total","Cubic metres","72","units","0","v1277885575","1.1.5","49955","","","","0"
"2024-10","Canada","2016A000011124","Beginning stocks","Fuel ethanol","Cubic metres","72","units","0","v1277885580","1.1.6","21300","","","","0"
"2024-10","Canada","2016A000011124","Beginning stocks","Renewable fuels except fuel ethanol","Cubic metres","72","units","0","v1277885585","1.1.7","28655","","","","0"
"2024-10","Canada","2016A000011124","Beginning stocks","Renewable fuel plant co-products, total","Metric tonnes","214","units","0","v1277885590","1.1.8","17477","","","","0"
"2024-10","Canada","2016A000011124","Beginning stocks","Distillers grains, total","Metric tonnes","214","units","0","v1277885596","1.1.9","12315","","","","0"
"2024-10","Canada","2016A000011124","Beginning stocks","Renewable fuel plant co-products except distillers grains","Metric tonnes","214","units","0","v1277885554","1.1.10","5162","","","","0"
"2024-10","Canada","2016A000011124","Receipts","Renewable fuel plant feedstocks, total","Metric tonnes","214","units","0","v1277885550","1.2.1","424706","","","","0"
"2024-10","Canada","2016A000011124","Receipts","Cereal grains, total","Metric tonnes","214","units","0","v1277885561","1.2.2","335106","","","","0"
"2024-10","Canada","2016A000011124","Receipts","Vegetable oils, total","Metric tonnes","214","units","0","v1277885566","1.2.3","84384","","","","0"
"2024-10","Canada","2016A000011124","Receipts","Other renewable fuel plant feedstocks, total","Metric tonnes","214","units","0","v1277885571","1.2.4","5216","","","","0"
"2024-10","Canada","2016A000011124","Receipts","Renewable fuel plant co-products, total","Metric tonnes","214","units","0","v1277885591","1.2.8","","..","","","0"
"2024-10","Canada","2016A000011124","Receipts","Distillers grains, total","Metric tonnes","214","units","0","v1277885597","1.2.9","","..","","","0"
"2024-10","Canada","2016A000011124","Receipts","Renewable fuel plant co-products except distillers grains","Metric tonnes","214","units","0","v1277885555","1.2.10","","..","","","0"
"2024-10","Canada","2016A000011124","Inputs","Renewable fuel plant feedstocks, total","Metric tonnes","214","units","0","v1277885551","1.3.1","392218","","","","0"
"2024-10","Canada","2016A000011124","Inputs","Cereal grains, total","Metric tonnes","214","units","0","v1277885562","1.3.2","324108","","","","0"
"2024-10","Canada","2016A000011124","Inputs","Vegetable oils, total","Metric tonnes","214","units","0","v1277885567","1.3.3","62994","","","","0"
"2024-10","Canada","2016A000011124","Inputs","Other renewable fuel plant feedstocks, total","Metric tonnes","214","units","0","v1277885572","1.3.4","5116","","","","0"
"2024-10","Canada","2016A000011124","Production","Renewable fuels, total","Cubic metres","72","units","0","v1277885576","1.4.5","206582","","","","0"
"2024-10","Canada","2016A000011124","Production","Fuel ethanol","Cubic metres","72","units","0","v1277885581","1.4.6","138422","","","","0"
"2024-10","Canada","2016A000011124","Production","Renewable fuels except fuel ethanol","Cubic metres","72","units","0","v1277885586","1.4.7","68160","","","","0"
"2024-10","Canada","2016A000011124","Production","Renewable fuel plant co-products, total","Metric tonnes","214","units","0","v1277885592","1.4.8","112634","","","","0"
"2024-10","Canada","2016A000011124","Production","Distillers grains, total","Metric tonnes","214","units","0","v1277885598","1.4.9","99587","","","","0"
"2024-10","Canada","2016A000011124","Production","Renewable fuel plant co-products except distillers grains","Metric tonnes","214","units","0","v1277885556","1.4.10","13047","","","","0"
"2024-10","Canada","2016A000011124","Shipments","Renewable fuels, total","Cubic metres","72","units","0","v1277885577","1.5.5","194590","","","","0"
"2024-10","Canada","2016A000011124","Shipments","Fuel ethanol","Cubic metres","72","units","0","v1277885582","1.5.6","133108","","","","0"
"2024-10","Canada","2016A000011124","Shipments","Renewable fuels except fuel ethanol","Cubic metres","72","units","0","v1277885587","1.5.7","61482","","","","0"
"2024-10","Canada","2016A000011124","Shipments","Renewable fuel plant co-products, total","Metric tonnes","214","units","0","v1277885593","1.5.8","120857","","","","0"
"2024-10","Canada","2016A000011124","Shipments","Distillers grains, total","Metric tonnes","214","units","0","v1277885599","1.5.9","104916","","","","0"
"2024-10","Canada","2016A000011124","Shipments","Renewable fuel plant co-products except distillers grains","Metric tonnes","214","units","0","v1277885557","1.5.10","15941","","","","0"
"2024-10","Canada","2016A000011124","Losses and adjustments","Renewable fuel plant feedstocks, total","Metric tonnes","214","units","0","v1277885552","1.6.1","686","","","","0"
"2024-10","Canada","2016A000011124","Losses and adjustments","Cereal grains, total","Metric tonnes","214","units","0","v1277885563","1.6.2","259","","","","0"
"2024-10","Canada","2016A000011124","Losses and adjustments","Vegetable oils, total","Metric tonnes","214","units","0","v1277885568","1.6.3","515","","","","0"
"2024-10","Canada","2016A000011124","Losses and adjustments","Other renewable fuel plant feedstocks, total","Metric tonnes","214","units","0","v1277885573","1.6.4","-88","","","","0"
"2024-10","Canada","2016A000011124","Losses and adjustments","Renewable fuels, total","Cubic metres","72","units","0","v1277885578","1.6.5","193","","","","0"
"2024-10","Canada","2016A000011124","Losses and adjustments","Fuel ethanol","Cubic metres","72","units","0","v1277885583","1.6.6","95","","","","0"
"2024-10","Canada","2016A000011124","Losses and adjustments","Renewable fuels except fuel ethanol","Cubic metres","72","units","0","v1277885588","1.6.7","98","","","","0"
"2024-10","Canada","2016A000011124","Losses and adjustments","Renewable fuel plant co-products, total","Metric tonnes","214","units","0","v1277885594","1.6.8","-713","","","","0"
"2024-10","Canada","2016A000011124","Losses and adjustments","Distillers grains, total","Metric tonnes","214","units","0","v1277885600","1.6.9","-359","","","","0"
"2024-10","Canada","2016A000011124","Losses and adjustments","Renewable fuel plant co-products except distillers grains","Metric tonnes","214","units","0","v1277885558","1.6.10","-354","","","","0"
"2024-10","Canada","2016A000011124","Ending stocks","Renewable fuel plant feedstocks, total","Metric tonnes","214","units","0","v1277885553","1.7.1","186874","","","","0"
"2024-10","Canada","2016A000011124","Ending stocks","Cereal grains, total","Metric tonnes","214","units","0","v1277885564","1.7.2","78838","","","","0"
"2024-10","Canada","2016A000011124","Ending stocks","Vegetable oils, total","Metric tonnes","214","units","0","v1277885569","1.7.3","106361","","","","0"
"2024-10","Canada","2016A000011124","Ending stocks","Other renewable fuel plant feedstocks, total","Metric tonnes","214","units","0","v1277885574","1.7.4","1675","","","","0"
"2024-10","Canada","2016A000011124","Ending stocks","Renewable fuels, total","Cubic metres","72","units","0","v1277885579","1.7.5","63348","","","","0"
"2024-10","Canada","2016A000011124","Ending stocks","Fuel ethanol","Cubic metres","72","units","0","v1277885584","1.7.6","26596","","","","0"
"2024-10","Canada","2016A000011124","Ending stocks","Renewable fuels except fuel ethanol","Cubic metres","72","units","0","v1277885589","1.7.7","36752","","","","0"
"2024-10","Canada","2016A000011124","Ending stocks","Renewable fuel plant co-products, total","Metric tonnes","214","units","0","v1277885595","1.7.8","9476","","","","0"
"2024-10","Canada","2016A000011124","Ending stocks","Distillers grains, total","Metric tonnes","214","units","0","v1277885601","1.7.9","6568","","","","0"
"2024-10","Canada","2016A000011124","Ending stocks","Renewable fuel plant co-products except distillers grains","Metric tonnes","214","units","0","v1277885559","1.7.10","2908","","","","0"
"2024-11","Canada","2016A000011124","Beginning stocks","Renewable fuel plant feedstocks, total","Metric tonnes","214","units","0","v1277885549","1.1.1","186874","","","","0"
"2024-11","Canada","2016A000011124","Beginning stocks","Cereal grains, total","Metric tonnes","214","units","0","v1277885560","1.1.2","78838","","","","0"
"2024-11","Canada","2016A000011124","Beginning stocks","Vegetable oils, total","Metric tonnes","214","units","0","v1277885565","1.1.3","106361","","","","0"
"2024-11","Canada","2016A000011124","Beginning stocks","Other renewable fuel plant feedstocks, total","Metric tonnes","214","units","0","v1277885570","1.1.4","1675","","","","0"
"2024-11","Canada","2016A000011124","Beginning stocks","Renewable fuels, total","Cubic metres","72","units","0","v1277885575","1.1.5","63348","","","","0"
"2024-11","Canada","2016A000011124","Beginning stocks","Fuel ethanol","Cubic metres","72","units","0","v1277885580","1.1.6","26596","","","","0"
"2024-11","Canada","2016A000011124","Beginning stocks","Renewable fuels except fuel ethanol","Cubic metres","72","units","0","v1277885585","1.1.7","36752","","","","0"
"2024-11","Canada","2016A000011124","Beginning stocks","Renewable fuel plant co-products, total","Metric tonnes","214","units","0","v1277885590","1.1.8","9476","","","","0"
"2024-11","Canada","2016A000011124","Beginning stocks","Distillers grains, total","Metric tonnes","214","units","0","v1277885596","1.1.9","6568","","","","0"
"2024-11","Canada","2016A000011124","Beginning stocks","Renewable fuel plant co-products except distillers grains","Metric tonnes","214","units","0","v1277885554","1.1.10","2908","","","","0"
"2024-11","Canada","2016A000011124","Receipts","Renewable fuel plant feedstocks, total","Metric tonnes","214","units","0","v1277885550","1.2.1","460311","","","","0"
"2024-11","Canada","2016A000011124","Receipts","Cereal grains, total","Metric tonnes","214","units","0","v1277885561","1.2.2","372095","","","","0"
"2024-11","Canada","2016A000011124","Receipts","Vegetable oils, total","Metric tonnes","214","units","0","v1277885566","1.2.3","83549","","","","0"
"2024-11","Canada","2016A000011124","Receipts","Other renewable fuel plant feedstocks, total","Metric tonnes","214","units","0","v1277885571","1.2.4","4667","","","","0"
"2024-11","Canada","2016A000011124","Receipts","Renewable fuel plant co-products, total","Metric tonnes","214","units","0","v1277885591","1.2.8","","..","","","0"
"2024-11","Canada","2016A000011124","Receipts","Distillers grains, total","Metric tonnes","214","units","0","v1277885597","1.2.9","","..","","","0"
"2024-11","Canada","2016A000011124","Receipts","Renewable fuel plant co-products except distillers grains","Metric tonnes","214","units","0","v1277885555","1.2.10","","..","","","0"
"2024-11","Canada","2016A000011124","Inputs","Renewable fuel plant feedstocks, total","Metric tonnes","214","units","0","v1277885551","1.3.1","450182","","","","0"
"2024-11","Canada","2016A000011124","Inputs","Cereal grains, total","Metric tonnes","214","units","0","v1277885562","1.3.2","355651","","","","0"
"2024-11","Canada","2016A000011124","Inputs","Vegetable oils, total","Metric tonnes","214","units","0","v1277885567","1.3.3","88945","","","","0"
"2024-11","Canada","2016A000011124","Inputs","Other renewable fuel plant feedstocks, total","Metric tonnes","214","units","0","v1277885572","1.3.4","5586","","","","0"
"2024-11","Canada","2016A000011124","Production","Renewable fuels, total","Cubic metres","72","units","0","v1277885576","1.4.5","242612","","","","0"
"2024-11","Canada","2016A000011124","Production","Fuel ethanol","Cubic metres","72","units","0","v1277885581","1.4.6","148534","","","","0"
"2024-11","Canada","2016A000011124","Production","Renewable fuels except fuel ethanol","Cubic metres","72","units","0","v1277885586","1.4.7","94078","","","","0"
"2024-11","Canada","2016A000011124","Production","Renewable fuel plant co-products, total","Metric tonnes","214","units","0","v1277885592","1.4.8","120836","","","","0"
"2024-11","Canada","2016A000011124","Production","Distillers grains, total","Metric tonnes","214","units","0","v1277885598","1.4.9","107091","","","","0"
"2024-11","Canada","2016A000011124","Production","Renewable fuel plant co-products except distillers grains","Metric tonnes","214","units","0","v1277885556","1.4.10","13745","","","","0"
"2024-11","Canada","2016A000011124","Shipments","Renewable fuels, total","Cubic metres","72","units","0","v1277885577","1.5.5","243817","","","","0"
"2024-11","Canada","2016A000011124","Shipments","Fuel ethanol","Cubic metres","72","units","0","v1277885582","1.5.6","145507","","","","0"
"2024-11","Canada","2016A000011124","Shipments","Renewable fuels except fuel ethanol","Cubic metres","72","units","0","v1277885587","1.5.7","98310","","","","0"
"2024-11","Canada","2016A000011124","Shipments","Renewable fuel plant co-products, total","Metric tonnes","214","units","0","v1277885593","1.5.8","118654","","","","0"
"2024-11","Canada","2016A000011124","Shipments","Distillers grains, total","Metric tonnes","214","units","0","v1277885599","1.5.9","105039","","","","0"
"2024-11","Canada","2016A000011124","Shipments","Renewable fuel plant co-products except distillers grains","Metric tonnes","214","units","0","v1277885557","1.5.10","13615","","","","0"
"2024-11","Canada","2016A000011124","Losses and adjustments","Renewable fuel plant feedstocks, total","Metric tonnes","214","units","0","v1277885552","1.6.1","42","","","","0"
"2024-11","Canada","2016A000011124","Losses and adjustments","Cereal grains, total","Metric tonnes","214","units","0","v1277885563","1.6.2","-31","","","","0"
"2024-11","Canada","2016A000011124","Losses and adjustments","Vegetable oils, total","Metric tonnes","214","units","0","v1277885568","1.6.3","3","","","","0"
"2024-11","Canada","2016A000011124","Losses and adjustments","Other renewable fuel plant feedstocks, total","Metric tonnes","214","units","0","v1277885573","1.6.4","70","","","","0"
"2024-11","Canada","2016A000011124","Losses and adjustments","Renewable fuels, total","Cubic metres","72","units","0","v1277885578","1.6.5","-60","","","","0"
"2024-11","Canada","2016A000011124","Losses and adjustments","Fuel ethanol","Cubic metres","72","units","0","v1277885583","1.6.6","-102","","","","0"
"2024-11","Canada","2016A000011124","Losses and adjustments","Renewable fuels except fuel ethanol","Cubic metres","72","units","0","v1277885588","1.6.7","42","","","","0"
"2024-11","Canada","2016A000011124","Losses and adjustments","Renewable fuel plant co-products, total","Metric tonnes","214","units","0","v1277885594","1.6.8","-360","","","","0"
"2024-11","Canada","2016A000011124","Losses and adjustments","Distillers grains, total","Metric tonnes","214","units","0","v1277885600","1.6.9","0","","","","0"
"2024-11","Canada","2016A000011124","Losses and adjustments","Renewable fuel plant co-products except distillers grains","Metric tonnes","214","units","0","v1277885558","1.6.10","-360","","","","0"
"2024-11","Canada","2016A000011124","Ending stocks","Renewable fuel plant feedstocks, total","Metric tonnes","214","units","0","v1277885553","1.7.1","197263","","","","0"
"2024-11","Canada","2016A000011124","Ending stocks","Cereal grains, total","Metric tonnes","214","units","0","v1277885564","1.7.2","95313","","","","0"
"2024-11","Canada","2016A000011124","Ending stocks","Vegetable oils, total","Metric tonnes","214","units","0","v1277885569","1.7.3","100956","","","","0"
"2024-11","Canada","2016A000011124","Ending stocks","Other renewable fuel plant feedstocks, total","Metric tonnes","214","units","0","v1277885574","1.7.4","994","","","","0"
"2024-11","Canada","2016A000011124","Ending stocks","Renewable fuels, total","Cubic metres","72","units","0","v1277885579","1.7.5","62226","","","","0"
"2024-11","Canada","2016A000011124","Ending stocks","Fuel ethanol","Cubic metres","72","units","0","v1277885584","1.7.6","29763","","","","0"
"2024-11","Canada","2016A000011124","Ending stocks","Renewable fuels except fuel ethanol","Cubic metres","72","units","0","v1277885589","1.7.7","32463","","","","0"
"2024-11","Canada","2016A000011124","Ending stocks","Renewable fuel plant co-products, total","Metric tonnes","214","units","0","v1277885595","1.7.8","11928","","","","0"
"2024-11","Canada","2016A000011124","Ending stocks","Distillers grains, total","Metric tonnes","214","units","0","v1277885601","1.7.9","7897","","","","0"
"2024-11","Canada","2016A000011124","Ending stocks","Renewable fuel plant co-products except distillers grains","Metric tonnes","214","units","0","v1277885559","1.7.10","4031","","","","0"
"2024-12","Canada","2016A000011124","Beginning stocks","Renewable fuel plant feedstocks, total","Metric tonnes","214","units","0","v1277885549","1.1.1","197263","","","","0"
"2024-12","Canada","2016A000011124","Beginning stocks","Cereal grains, total","Metric tonnes","214","units","0","v1277885560","1.1.2","95313","","","","0"
"2024-12","Canada","2016A000011124","Beginning stocks","Vegetable oils, total","Metric tonnes","214","units","0","v1277885565","1.1.3","100956","","","","0"
"2024-12","Canada","2016A000011124","Beginning stocks","Other renewable fuel plant feedstocks, total","Metric tonnes","214","units","0","v1277885570","1.1.4","994","","","","0"
"2024-12","Canada","2016A000011124","Beginning stocks","Renewable fuels, total","Cubic metres","72","units","0","v1277885575","1.1.5","62226","","","","0"
"2024-12","Canada","2016A000011124","Beginning stocks","Fuel ethanol","Cubic metres","72","units","0","v1277885580","1.1.6","29763","","","","0"
"2024-12","Canada","2016A000011124","Beginning stocks","Renewable fuels except fuel ethanol","Cubic metres","72","units","0","v1277885585","1.1.7","32463","","","","0"
"2024-12","Canada","2016A000011124","Beginning stocks","Renewable fuel plant co-products, total","Metric tonnes","214","units","0","v1277885590","1.1.8","11928","","","","0"
"2024-12","Canada","2016A000011124","Beginning stocks","Distillers grains, total","Metric tonnes","214","units","0","v1277885596","1.1.9","7897","","","","0"
"2024-12","Canada","2016A000011124","Beginning stocks","Renewable fuel plant co-products except distillers grains","Metric tonnes","214","units","0","v1277885554","1.1.10","4031","","","","0"
"2024-12","Canada","2016A000011124","Receipts","Renewable fuel plant feedstocks, total","Metric tonnes","214","units","0","v1277885550","1.2.1","444188","","","","0"
"2024-12","Canada","2016A000011124","Receipts","Cereal grains, total","Metric tonnes","214","units","0","v1277885561","1.2.2","350880","","","","0"
"2024-12","Canada","2016A000011124","Receipts","Vegetable oils, total","Metric tonnes","214","units","0","v1277885566","1.2.3","91113","","","","0"
"2024-12","Canada","2016A000011124","Receipts","Other renewable fuel plant feedstocks, total","Metric tonnes","214","units","0","v1277885571","1.2.4","2195","","","","0"
"2024-12","Canada","2016A000011124","Receipts","Renewable fuel plant co-products, total","Metric tonnes","214","units","0","v1277885591","1.2.8","","..","","","0"
"2024-12","Canada","2016A000011124","Receipts","Distillers grains, total","Metric tonnes","214","units","0","v1277885597","1.2.9","","..","","","0"
"2024-12","Canada","2016A000011124","Receipts","Renewable fuel plant co-products except distillers grains","Metric tonnes","214","units","0","v1277885555","1.2.10","","..","","","0"
"2024-12","Canada","2016A000011124","Inputs","Renewable fuel plant feedstocks, total","Metric tonnes","214","units","0","v1277885551","1.3.1","454820","","","","0"
"2024-12","Canada","2016A000011124","Inputs","Cereal grains, total","Metric tonnes","214","units","0","v1277885562","1.3.2","346717","","","","0"
"2024-12","Canada","2016A000011124","Inputs","Vegetable oils, total","Metric tonnes","214","units","0","v1277885567","1.3.3","105743","","","","0"
"2024-12","Canada","2016A000011124","Inputs","Other renewable fuel plant feedstocks, total","Metric tonnes","214","units","0","v1277885572","1.3.4","2360","","","","0"
"2024-12","Canada","2016A000011124","Production","Renewable fuels, total","Cubic metres","72","units","0","v1277885576","1.4.5","253650","","","","0"
"2024-12","Canada","2016A000011124","Production","Fuel ethanol","Cubic metres","72","units","0","v1277885581","1.4.6","144974","","","","0"
"2024-12","Canada","2016A000011124","Production","Renewable fuels except fuel ethanol","Cubic metres","72","units","0","v1277885586","1.4.7","108676","","","","0"
"2024-12","Canada","2016A000011124","Production","Renewable fuel plant co-products, total","Metric tonnes","214","units","0","v1277885592","1.4.8","114956","","","","0"
"2024-12","Canada","2016A000011124","Production","Distillers grains, total","Metric tonnes","214","units","0","v1277885598","1.4.9","102789","","","","0"
"2024-12","Canada","2016A000011124","Production","Renewable fuel plant co-products except distillers grains","Metric tonnes","214","units","0","v1277885556","1.4.10","12167","","","","0"
"2024-12","Canada","2016A000011124","Shipments","Renewable fuels, total","Cubic metres","72","units","0","v1277885577","1.5.5","235366","","","","0"
"2024-12","Canada","2016A000011124","Shipments","Fuel ethanol","Cubic metres","72","units","0","v1277885582","1.5.6","145317","","","","0"
"2024-12","Canada","2016A000011124","Shipments","Renewable fuels except fuel ethanol","Cubic metres","72","units","0","v1277885587","1.5.7","90049","","","","0"
"2024-12","Canada","2016A000011124","Shipments","Renewable fuel plant co-products, total","Metric tonnes","214","units","0","v1277885593","1.5.8","113391","","","","0"
"2024-12","Canada","2016A000011124","Shipments","Distillers grains, total","Metric tonnes","214","units","0","v1277885599","1.5.9","101210","","","","0"
"2024-12","Canada","2016A000011124","Shipments","Renewable fuel plant co-products except distillers grains","Metric tonnes","214","units","0","v1277885557","1.5.10","12181","","","","0"
"2024-12","Canada","2016A000011124","Losses and adjustments","Renewable fuel plant feedstocks, total","Metric tonnes","214","units","0","v1277885552","1.6.1","149","","","","0"
"2024-12","Canada","2016A000011124","Losses and adjustments","Cereal grains, total","Metric tonnes","214","units","0","v1277885563","1.6.2","152","","","","0"
"2024-12","Canada","2016A000011124","Losses and adjustments","Vegetable oils, total","Metric tonnes","214","units","0","v1277885568","1.6.3","1","","","","0"
"2024-12","Canada","2016A000011124","Losses and adjustments","Other renewable fuel plant feedstocks, total","Metric tonnes","214","units","0","v1277885573","1.6.4","-4","","","","0"
"2024-12","Canada","2016A000011124","Losses and adjustments","Renewable fuels, total","Cubic metres","72","units","0","v1277885578","1.6.5","-119","","","","0"
"2024-12","Canada","2016A000011124","Losses and adjustments","Fuel ethanol","Cubic metres","72","units","0","v1277885583","1.6.6","-148","","","","0"
"2024-12","Canada","2016A000011124","Losses and adjustments","Renewable fuels except fuel ethanol","Cubic metres","72","units","0","v1277885588","1.6.7","29","","","","0"
"2024-12","Canada","2016A000011124","Losses and adjustments","Renewable fuel plant co-products, total","Metric tonnes","214","units","0","v1277885594","1.6.8","-172","","","","0"
"2024-12","Canada","2016A000011124","Losses and adjustments","Distillers grains, total","Metric tonnes","214","units","0","v1277885600","1.6.9","10","","","","0"
"2024-12","Canada","2016A000011124","Losses and adjustments","Renewable fuel plant co-products except distillers grains","Metric tonnes","214","units","0","v1277885558","1.6.10","-182","","","","0"
"2024-12","Canada","2016A000011124","Ending stocks","Renewable fuel plant feedstocks, total","Metric tonnes","214","units","0","v1277885553","1.7.1","161667","","","","0"
"2024-12","Canada","2016A000011124","Ending stocks","Cereal grains, total","Metric tonnes","214","units","0","v1277885564","1.7.2","74324","","","","0"
"2024-12","Canada","2016A000011124","Ending stocks","Vegetable oils, total","Metric tonnes","214","units","0","v1277885569","1.7.3","86321","","","","0"
"2024-12","Canada","2016A000011124","Ending stocks","Other renewable fuel plant feedstocks, total","Metric tonnes","214","units","0","v1277885574","1.7.4","1022","","","","0"
"2024-12","Canada","2016A000011124","Ending stocks","Renewable fuels, total","Cubic metres","72","units","0","v1277885579","1.7.5","80654","","","","0"
"2024-12","Canada","2016A000011124","Ending stocks","Fuel ethanol","Cubic metres","72","units","0","v1277885584","1.7.6","29605","","","","0"
"2024-12","Canada","2016A000011124","Ending stocks","Renewable fuels except fuel ethanol","Cubic metres","72","units","0","v1277885589","1.7.7","51049","","","","0"
"2024-12","Canada","2016A000011124","Ending stocks","Renewable fuel plant co-products, total","Metric tonnes","214","units","0","v1277885595","1.7.8","13191","","","","0"
"2024-12","Canada","2016A000011124","Ending stocks","Distillers grains, total","Metric tonnes","214","units","0","v1277885601","1.7.9","8584","","","","0"
"2024-12","Canada","2016A000011124","Ending stocks","Renewable fuel plant co-products except distillers grains","Metric tonnes","214","units","0","v1277885559","1.7.10","4607","","","","0"
"2025-01","Canada","2016A000011124","Beginning stocks","Renewable fuel plant feedstocks, total","Metric tonnes","214","units","0","v1277885549","1.1.1","161667","","","","0"
"2025-01","Canada","2016A000011124","Beginning stocks","Cereal grains, total","Metric tonnes","214","units","0","v1277885560","1.1.2","74324","","","","0"
"2025-01","Canada","2016A000011124","Beginning stocks","Vegetable oils, total","Metric tonnes","214","units","0","v1277885565","1.1.3","86321","","","","0"
"2025-01","Canada","2016A000011124","Beginning stocks","Other renewable fuel plant feedstocks, total","Metric tonnes","214","units","0","v1277885570","1.1.4","1022","","","","0"
"2025-01","Canada","2016A000011124","Beginning stocks","Renewable fuels, total","Cubic metres","72","units","0","v1277885575","1.1.5","80654","","","","0"
"2025-01","Canada","2016A000011124","Beginning stocks","Fuel ethanol","Cubic metres","72","units","0","v1277885580","1.1.6","29605","","","","0"
"2025-01","Canada","2016A000011124","Beginning stocks","Renewable fuels except fuel ethanol","Cubic metres","72","units","0","v1277885585","1.1.7","51049","","","","0"
"2025-01","Canada","2016A000011124","Beginning stocks","Renewable fuel plant co-products, total","Metric tonnes","214","units","0","v1277885590","1.1.8","13191","","","","0"
"2025-01","Canada","2016A000011124","Beginning stocks","Distillers grains, total","Metric tonnes","214","units","0","v1277885596","1.1.9","8584","","","","0"
"2025-01","Canada","2016A000011124","Beginning stocks","Renewable fuel plant co-products except distillers grains","Metric tonnes","214","units","0","v1277885554","1.1.10","4607","","","","0"
"2025-01","Canada","2016A000011124","Receipts","Renewable fuel plant feedstocks, total","Metric tonnes","214","units","0","v1277885550","1.2.1","389236","","","","0"
"2025-01","Canada","2016A000011124","Receipts","Cereal grains, total","Metric tonnes","214","units","0","v1277885561","1.2.2","366712","","","","0"
"2025-01","Canada","2016A000011124","Receipts","Vegetable oils, total","Metric tonnes","214","units","0","v1277885566","1.2.3","20715","","","","0"
"2025-01","Canada","2016A000011124","Receipts","Other renewable fuel plant feedstocks, total","Metric tonnes","214","units","0","v1277885571","1.2.4","1809","","","","0"
"2025-01","Canada","2016A000011124","Receipts","Renewable fuel plant co-products, total","Metric tonnes","214","units","0","v1277885591","1.2.8","","..","","","0"
"2025-01","Canada","2016A000011124","Receipts","Distillers grains, total","Metric tonnes","214","units","0","v1277885597","1.2.9","","..","","","0"
"2025-01","Canada","2016A000011124","Receipts","Renewable fuel plant co-products except distillers grains","Metric tonnes","214","units","0","v1277885555","1.2.10","","..","","","0"
"2025-01","Canada","2016A000011124","Inputs","Renewable fuel plant feedstocks, total","Metric tonnes","214","units","0","v1277885551","1.3.1","379784","","","","0"
"2025-01","Canada","2016A000011124","Inputs","Cereal grains, total","Metric tonnes","214","units","0","v1277885562","1.3.2","341215","","","","0"
"2025-01","Canada","2016A000011124","Inputs","Vegetable oils, total","Metric tonnes","214","units","0","v1277885567","1.3.3","36588","","","","0"
"2025-01","Canada","2016A000011124","Inputs","Other renewable fuel plant feedstocks, total","Metric tonnes","214","units","0","v1277885572","1.3.4","1981","","","","0"
"2025-01","Canada","2016A000011124","Production","Renewable fuels, total","Cubic metres","72","units","0","v1277885576","1.4.5","180806","","","","0"
"2025-01","Canada","2016A000011124","Production","Fuel ethanol","Cubic metres","72","units","0","v1277885581","1.4.6","142978","","","","0"
"2025-01","Canada","2016A000011124","Production","Renewable fuels except fuel ethanol","Cubic metres","72","units","0","v1277885586","1.4.7","37828","","","","0"
"2025-01","Canada","2016A000011124","Production","Renewable fuel plant co-products, total","Metric tonnes","214","units","0","v1277885592","1.4.8","110582","","","","0"
"2025-01","Canada","2016A000011124","Production","Distillers grains, total","Metric tonnes","214","units","0","v1277885598","1.4.9","100473","","","","0"
"2025-01","Canada","2016A000011124","Production","Renewable fuel plant co-products except distillers grains","Metric tonnes","214","units","0","v1277885556","1.4.10","10109","","","","0"
"2025-01","Canada","2016A000011124","Shipments","Renewable fuels, total","Cubic metres","72","units","0","v1277885577","1.5.5","211824","","","","0"
"2025-01","Canada","2016A000011124","Shipments","Fuel ethanol","Cubic metres","72","units","0","v1277885582","1.5.6","145635","","","","0"
"2025-01","Canada","2016A000011124","Shipments","Renewable fuels except fuel ethanol","Cubic metres","72","units","0","v1277885587","1.5.7","66189","","","","0"
"2025-01","Canada","2016A000011124","Shipments","Renewable fuel plant co-products, total","Metric tonnes","214","units","0","v1277885593","1.5.8","113031","","","","0"
"2025-01","Canada","2016A000011124","Shipments","Distillers grains, total","Metric tonnes","214","units","0","v1277885599","1.5.9","101331","","","","0"
"2025-01","Canada","2016A000011124","Shipments","Renewable fuel plant co-products except distillers grains","Metric tonnes","214","units","0","v1277885557","1.5.10","11700","","","","0"
"2025-01","Canada","2016A000011124","Losses and adjustments","Renewable fuel plant feedstocks, total","Metric tonnes","214","units","0","v1277885552","1.6.1","71","","","","0"
"2025-01","Canada","2016A000011124","Losses and adjustments","Cereal grains, total","Metric tonnes","214","units","0","v1277885563","1.6.2","-229","","","","0"
"2025-01","Canada","2016A000011124","Losses and adjustments","Vegetable oils, total","Metric tonnes","214","units","0","v1277885568","1.6.3","334","","","","0"
"2025-01","Canada","2016A000011124","Losses and adjustments","Other renewable fuel plant feedstocks, total","Metric tonnes","214","units","0","v1277885573","1.6.4","-34","","","","0"
"2025-01","Canada","2016A000011124","Losses and adjustments","Renewable fuels, total","Cubic metres","72","units","0","v1277885578","1.6.5","-11","","","","0"
"2025-01","Canada","2016A000011124","Losses and adjustments","Fuel ethanol","Cubic metres","72","units","0","v1277885583","1.6.6","-28","","","","0"
"2025-01","Canada","2016A000011124","Losses and adjustments","Renewable fuels except fuel ethanol","Cubic metres","72","units","0","v1277885588","1.6.7","17","","","","0"
"2025-01","Canada","2016A000011124","Losses and adjustments","Renewable fuel plant co-products, total","Metric tonnes","214","units","0","v1277885594","1.6.8","-72","","","","0"
"2025-01","Canada","2016A000011124","Losses and adjustments","Distillers grains, total","Metric tonnes","214","units","0","v1277885600","1.6.9","-21","","","","0"
"2025-01","Canada","2016A000011124","Losses and adjustments","Renewable fuel plant co-products except distillers grains","Metric tonnes","214","units","0","v1277885558","1.6.10","-51","","","","0"
"2025-01","Canada","2016A000011124","Ending stocks","Renewable fuel plant feedstocks, total","Metric tonnes","214","units","0","v1277885553","1.7.1","171188","","","","0"
"2025-01","Canada","2016A000011124","Ending stocks","Cereal grains, total","Metric tonnes","214","units","0","v1277885564","1.7.2","100050","","","","0"
"2025-01","Canada","2016A000011124","Ending stocks","Vegetable oils, total","Metric tonnes","214","units","0","v1277885569","1.7.3","70114","","","","0"
"2025-01","Canada","2016A000011124","Ending stocks","Other renewable fuel plant feedstocks, total","Metric tonnes","214","units","0","v1277885574","1.7.4","1024","","","","0"
"2025-01","Canada","2016A000011124","Ending stocks","Renewable fuels, total","Cubic metres","72","units","0","v1277885579","1.7.5","49662","","","","0"
"2025-01","Canada","2016A000011124","Ending stocks","Fuel ethanol","Cubic metres","72","units","0","v1277885584","1.7.6","27005","","","","0"
"2025-01","Canada","2016A000011124","Ending stocks","Renewable fuels except fuel ethanol","Cubic metres","72","units","0","v1277885589","1.7.7","22657","","","","0"
"2025-01","Canada","2016A000011124","Ending stocks","Renewable fuel plant co-products, total","Metric tonnes","214","units","0","v1277885595","1.7.8","10858","","","","0"
"2025-01","Canada","2016A000011124","Ending stocks","Distillers grains, total","Metric tonnes","214","units","0","v1277885601","1.7.9","6792","","","","0"
"2025-01","Canada","2016A000011124","Ending stocks","Renewable fuel plant co-products except distillers grains","Metric tonnes","214","units","0","v1277885559","1.7.10","4066","","","","0"
"2025-02","Canada","2016A000011124","Beginning stocks","Renewable fuel plant feedstocks, total","Metric tonnes","214","units","0","v1277885549","1.1.1","171188","","","","0"
"2025-02","Canada","2016A000011124","Beginning stocks","Cereal grains, total","Metric tonnes","214","units","0","v1277885560","1.1.2","100050","","","","0"
"2025-02","Canada","2016A000011124","Beginning stocks","Vegetable oils, total","Metric tonnes","214","units","0","v1277885565","1.1.3","70114","","","","0"
"2025-02","Canada","2016A000011124","Beginning stocks","Other renewable fuel plant feedstocks, total","Metric tonnes","214","units","0","v1277885570","1.1.4","1024","","","","0"
"2025-02","Canada","2016A000011124","Beginning stocks","Renewable fuels, total","Cubic metres","72","units","0","v1277885575","1.1.5","49662","","","","0"
"2025-02","Canada","2016A000011124","Beginning stocks","Fuel ethanol","Cubic metres","72","units","0","v1277885580","1.1.6","27005","","","","0"
"2025-02","Canada","2016A000011124","Beginning stocks","Renewable fuels except fuel ethanol","Cubic metres","72","units","0","v1277885585","1.1.7","22657","","","","0"
"2025-02","Canada","2016A000011124","Beginning stocks","Renewable fuel plant co-products, total","Metric tonnes","214","units","0","v1277885590","1.1.8","10858","","","","0"
"2025-02","Canada","2016A000011124","Beginning stocks","Distillers grains, total","Metric tonnes","214","units","0","v1277885596","1.1.9","6792","","","","0"
"2025-02","Canada","2016A000011124","Beginning stocks","Renewable fuel plant co-products except distillers grains","Metric tonnes","214","units","0","v1277885554","1.1.10","4066","","","","0"
"2025-02","Canada","2016A000011124","Receipts","Renewable fuel plant feedstocks, total","Metric tonnes","214","units","0","v1277885550","1.2.1","375446","","","","0"
"2025-02","Canada","2016A000011124","Receipts","Cereal grains, total","Metric tonnes","214","units","0","v1277885561","1.2.2","343135","","","","0"
"2025-02","Canada","2016A000011124","Receipts","Vegetable oils, total","Metric tonnes","214","units","0","v1277885566","1.2.3","29067","","","","0"
"2025-02","Canada","2016A000011124","Receipts","Other renewable fuel plant feedstocks, total","Metric tonnes","214","units","0","v1277885571","1.2.4","3244","","","","0"
"2025-02","Canada","2016A000011124","Receipts","Renewable fuel plant co-products, total","Metric tonnes","214","units","0","v1277885591","1.2.8","","..","","","0"
"2025-02","Canada","2016A000011124","Receipts","Distillers grains, total","Metric tonnes","214","units","0","v1277885597","1.2.9","","..","","","0"
"2025-02","Canada","2016A000011124","Receipts","Renewable fuel plant co-products except distillers grains","Metric tonnes","214","units","0","v1277885555","1.2.10","","..","","","0"
"2025-02","Canada","2016A000011124","Inputs","Renewable fuel plant feedstocks, total","Metric tonnes","214","units","0","v1277885551","1.3.1","374002","","","","0"
"2025-02","Canada","2016A000011124","Inputs","Cereal grains, total","Metric tonnes","214","units","0","v1277885562","1.3.2","337221","","","","0"
"2025-02","Canada","2016A000011124","Inputs","Vegetable oils, total","Metric tonnes","214","units","0","v1277885567","1.3.3","33556","","","","0"
"2025-02","Canada","2016A000011124","Inputs","Other renewable fuel plant feedstocks, total","Metric tonnes","214","units","0","v1277885572","1.3.4","3225","","","","0"
"2025-02","Canada","2016A000011124","Production","Renewable fuels, total","Cubic metres","72","units","0","v1277885576","1.4.5","177320","","","","0"
"2025-02","Canada","2016A000011124","Production","Fuel ethanol","Cubic metres","72","units","0","v1277885581","1.4.6","139170","","","","0"
"2025-02","Canada","2016A000011124","Production","Renewable fuels except fuel ethanol","Cubic metres","72","units","0","v1277885586","1.4.7","38150","","","","0"
"2025-02","Canada","2016A000011124","Production","Renewable fuel plant co-products, total","Metric tonnes","214","units","0","v1277885592","1.4.8","110638","","","","0"
"2025-02","Canada","2016A000011124","Production","Distillers grains, total","Metric tonnes","214","units","0","v1277885598","1.4.9","98935","","","","0"
"2025-02","Canada","2016A000011124","Production","Renewable fuel plant co-products except distillers grains","Metric tonnes","214","units","0","v1277885556","1.4.10","11703","","","","0"
"2025-02","Canada","2016A000011124","Shipments","Renewable fuels, total","Cubic metres","72","units","0","v1277885577","1.5.5","170350","","","","0"
"2025-02","Canada","2016A000011124","Shipments","Fuel ethanol","Cubic metres","72","units","0","v1277885582","1.5.6","133497","","","","0"
"2025-02","Canada","2016A000011124","Shipments","Renewable fuels except fuel ethanol","Cubic metres","72","units","0","v1277885587","1.5.7","36853","","","","0"
"2025-02","Canada","2016A000011124","Shipments","Renewable fuel plant co-products, total","Metric tonnes","214","units","0","v1277885593","1.5.8","111097","","","","0"
"2025-02","Canada","2016A000011124","Shipments","Distillers grains, total","Metric tonnes","214","units","0","v1277885599","1.5.9","98365","","","","0"
"2025-02","Canada","2016A000011124","Shipments","Renewable fuel plant co-products except distillers grains","Metric tonnes","214","units","0","v1277885557","1.5.10","12732","","","","0"
"2025-02","Canada","2016A000011124","Losses and adjustments","Renewable fuel plant feedstocks, total","Metric tonnes","214","units","0","v1277885552","1.6.1","76","","","","0"
"2025-02","Canada","2016A000011124","Losses and adjustments","Cereal grains, total","Metric tonnes","214","units","0","v1277885563","1.6.2","30","","","","0"
"2025-02","Canada","2016A000011124","Losses and adjustments","Vegetable oils, total","Metric tonnes","214","units","0","v1277885568","1.6.3","-18","","","","0"
"2025-02","Canada","2016A000011124","Losses and adjustments","Other renewable fuel plant feedstocks, total","Metric tonnes","214","units","0","v1277885573","1.6.4","64","","","","0"
"2025-02","Canada","2016A000011124","Losses and adjustments","Renewable fuels, total","Cubic metres","72","units","0","v1277885578","1.6.5","598","","","","0"
"2025-02","Canada","2016A000011124","Losses and adjustments","Fuel ethanol","Cubic metres","72","units","0","v1277885583","1.6.6","561","","","","0"
"2025-02","Canada","2016A000011124","Losses and adjustments","Renewable fuels except fuel ethanol","Cubic metres","72","units","0","v1277885588","1.6.7","37","","","","0"
"2025-02","Canada","2016A000011124","Losses and adjustments","Renewable fuel plant co-products, total","Metric tonnes","214","units","0","v1277885594","1.6.8","-45","","","","0"
"2025-02","Canada","2016A000011124","Losses and adjustments","Distillers grains, total","Metric tonnes","214","units","0","v1277885600","1.6.9","340","","","","0"
"2025-02","Canada","2016A000011124","Losses and adjustments","Renewable fuel plant co-products except distillers grains","Metric tonnes","214","units","0","v1277885558","1.6.10","-385","","","","0"
"2025-02","Canada","2016A000011124","Ending stocks","Renewable fuel plant feedstocks, total","Metric tonnes","214","units","0","v1277885553","1.7.1","172836","","","","0"
"2025-02","Canada","2016A000011124","Ending stocks","Cereal grains, total","Metric tonnes","214","units","0","v1277885564","1.7.2","105934","","","","0"
"2025-02","Canada","2016A000011124","Ending stocks","Vegetable oils, total","Metric tonnes","214","units","0","v1277885569","1.7.3","65632","","","","0"
"2025-02","Canada","2016A000011124","Ending stocks","Other renewable fuel plant feedstocks, total","Metric tonnes","214","units","0","v1277885574","1.7.4","1270","","","","0"
"2025-02","Canada","2016A000011124","Ending stocks","Renewable fuels, total","Cubic metres","72","units","0","v1277885579","1.7.5","56055","","","","0"
"2025-02","Canada","2016A000011124","Ending stocks","Fuel ethanol","Cubic metres","72","units","0","v1277885584","1.7.6","32155","","","","0"
"2025-02","Canada","2016A000011124","Ending stocks","Renewable fuels except fuel ethanol","Cubic metres","72","units","0","v1277885589","1.7.7","23900","","","","0"
"2025-02","Canada","2016A000011124","Ending stocks","Renewable fuel plant co-products, total","Metric tonnes","214","units","0","v1277885595","1.7.8","10195","","","","0"
"2025-02","Canada","2016A000011124","Ending stocks","Distillers grains, total","Metric tonnes","214","units","0","v1277885601","1.7.9","6104","","","","0"
"2025-02","Canada","2016A000011124","Ending stocks","Renewable fuel plant co-products except distillers grains","Metric tonnes","214","units","0","v1277885559","1.7.10","4091","","","","0"
"2025-03","Canada","2016A000011124","Beginning stocks","Renewable fuel plant feedstocks, total","Metric tonnes","214","units","0","v1277885549","1.1.1","172836","","","","0"
"2025-03","Canada","2016A000011124","Beginning stocks","Cereal grains, total","Metric tonnes","214","units","0","v1277885560","1.1.2","105934","","","","0"
"2025-03","Canada","2016A000011124","Beginning stocks","Vegetable oils, total","Metric tonnes","214","units","0","v1277885565","1.1.3","65632","","","","0"
"2025-03","Canada","2016A000011124","Beginning stocks","Other renewable fuel plant feedstocks, total","Metric tonnes","214","units","0","v1277885570","1.1.4","1270","","","","0"
"2025-03","Canada","2016A000011124","Beginning stocks","Renewable fuels, total","Cubic metres","72","units","0","v1277885575","1.1.5","56055","","","","0"
"2025-03","Canada","2016A000011124","Beginning stocks","Fuel ethanol","Cubic metres","72","units","0","v1277885580","1.1.6","32155","","","","0"
"2025-03","Canada","2016A000011124","Beginning stocks","Renewable fuels except fuel ethanol","Cubic metres","72","units","0","v1277885585","1.1.7","23900","","","","0"
"2025-03","Canada","2016A000011124","Beginning stocks","Renewable fuel plant co-products, total","Metric tonnes","214","units","0","v1277885590","1.1.8","10195","","","","0"
"2025-03","Canada","2016A000011124","Beginning stocks","Distillers grains, total","Metric tonnes","214","units","0","v1277885596","1.1.9","6104","","","","0"
"2025-03","Canada","2016A000011124","Beginning stocks","Renewable fuel plant co-products except distillers grains","Metric tonnes","214","units","0","v1277885554","1.1.10","4091","","","","0"
"2025-03","Canada","2016A000011124","Receipts","Renewable fuel plant feedstocks, total","Metric tonnes","214","units","0","v1277885550","1.2.1","401026","","","","0"
"2025-03","Canada","2016A000011124","Receipts","Cereal grains, total","Metric tonnes","214","units","0","v1277885561","1.2.2","355779","","","","0"
"2025-03","Canada","2016A000011124","Receipts","Vegetable oils, total","Metric tonnes","214","units","0","v1277885566","1.2.3","41972","","","","0"
"2025-03","Canada","2016A000011124","Receipts","Other renewable fuel plant feedstocks, total","Metric tonnes","214","units","0","v1277885571","1.2.4","3275","","","","0"
"2025-03","Canada","2016A000011124","Receipts","Renewable fuel plant co-products, total","Metric tonnes","214","units","0","v1277885591","1.2.8","","..","","","0"
"2025-03","Canada","2016A000011124","Receipts","Distillers grains, total","Metric tonnes","214","units","0","v1277885597","1.2.9","","..","","","0"
"2025-03","Canada","2016A000011124","Receipts","Renewable fuel plant co-products except distillers grains","Metric tonnes","214","units","0","v1277885555","1.2.10","","..","","","0"
"2025-03","Canada","2016A000011124","Inputs","Renewable fuel plant feedstocks, total","Metric tonnes","214","units","0","v1277885551","1.3.1","411861","","","","0"
"2025-03","Canada","2016A000011124","Inputs","Cereal grains, total","Metric tonnes","214","units","0","v1277885562","1.3.2","370631","","","","0"
"2025-03","Canada","2016A000011124","Inputs","Vegetable oils, total","Metric tonnes","214","units","0","v1277885567","1.3.3","37940","","","","0"
"2025-03","Canada","2016A000011124","Inputs","Other renewable fuel plant feedstocks, total","Metric tonnes","214","units","0","v1277885572","1.3.4","3290","","","","0"
"2025-03","Canada","2016A000011124","Production","Renewable fuels, total","Cubic metres","72","units","0","v1277885576","1.4.5","198721","","","","0"
"2025-03","Canada","2016A000011124","Production","Fuel ethanol","Cubic metres","72","units","0","v1277885581","1.4.6","156619","","","","0"
"2025-03","Canada","2016A000011124","Production","Renewable fuels except fuel ethanol","Cubic metres","72","units","0","v1277885586","1.4.7","42102","","","","0"
"2025-03","Canada","2016A000011124","Production","Renewable fuel plant co-products, total","Metric tonnes","214","units","0","v1277885592","1.4.8","121830","","","","0"
"2025-03","Canada","2016A000011124","Production","Distillers grains, total","Metric tonnes","214","units","0","v1277885598","1.4.9","110117","","","","0"
"2025-03","Canada","2016A000011124","Production","Renewable fuel plant co-products except distillers grains","Metric tonnes","214","units","0","v1277885556","1.4.10","11713","","","","0"
"2025-03","Canada","2016A000011124","Shipments","Renewable fuels, total","Cubic metres","72","units","0","v1277885577","1.5.5","196505","","","","0"
"2025-03","Canada","2016A000011124","Shipments","Fuel ethanol","Cubic metres","72","units","0","v1277885582","1.5.6","153613","","","","0"
"2025-03","Canada","2016A000011124","Shipments","Renewable fuels except fuel ethanol","Cubic metres","72","units","0","v1277885587","1.5.7","42892","","","","0"
"2025-03","Canada","2016A000011124","Shipments","Renewable fuel plant co-products, total","Metric tonnes","214","units","0","v1277885593","1.5.8","114552","","","","0"
"2025-03","Canada","2016A000011124","Shipments","Distillers grains, total","Metric tonnes","214","units","0","v1277885599","1.5.9","101306","","","","0"
"2025-03","Canada","2016A000011124","Shipments","Renewable fuel plant co-products except distillers grains","Metric tonnes","214","units","0","v1277885557","1.5.10","13246","","","","0"
"2025-03","Canada","2016A000011124","Losses and adjustments","Renewable fuel plant feedstocks, total","Metric tonnes","214","units","0","v1277885552","1.6.1","-161","","","","0"
"2025-03","Canada","2016A000011124","Losses and adjustments","Cereal grains, total","Metric tonnes","214","units","0","v1277885563","1.6.2","-59","","","","0"
"2025-03","Canada","2016A000011124","Losses and adjustments","Vegetable oils, total","Metric tonnes","214","units","0","v1277885568","1.6.3","-129","","","","0"
"2025-03","Canada","2016A000011124","Losses and adjustments","Other renewable fuel plant feedstocks, total","Metric tonnes","214","units","0","v1277885573","1.6.4","27","","","","0"
"2025-03","Canada","2016A000011124","Losses and adjustments","Renewable fuels, total","Cubic metres","72","units","0","v1277885578","1.6.5","684","","","","0"
"2025-03","Canada","2016A000011124","Losses and adjustments","Fuel ethanol","Cubic metres","72","units","0","v1277885583","1.6.6","791","","","","0"
"2025-03","Canada","2016A000011124","Losses and adjustments","Renewable fuels except fuel ethanol","Cubic metres","72","units","0","v1277885588","1.6.7","-107","","","","0"
"2025-03","Canada","2016A000011124","Losses and adjustments","Renewable fuel plant co-products, total","Metric tonnes","214","units","0","v1277885594","1.6.8","-1118","","","","0"
"2025-03","Canada","2016A000011124","Losses and adjustments","Distillers grains, total","Metric tonnes","214","units","0","v1277885600","1.6.9","-645","","","","0"
"2025-03","Canada","2016A000011124","Losses and adjustments","Renewable fuel plant co-products except distillers grains","Metric tonnes","214","units","0","v1277885558","1.6.10","-473","","","","0"
"2025-03","Canada","2016A000011124","Ending stocks","Renewable fuel plant feedstocks, total","Metric tonnes","214","units","0","v1277885553","1.7.1","162417","","","","0"
"2025-03","Canada","2016A000011124","Ending stocks","Cereal grains, total","Metric tonnes","214","units","0","v1277885564","1.7.2","91141","","","","0"
"2025-03","Canada","2016A000011124","Ending stocks","Vegetable oils, total","Metric tonnes","214","units","0","v1277885569","1.7.3","69787","","","","0"
"2025-03","Canada","2016A000011124","Ending stocks","Other renewable fuel plant feedstocks, total","Metric tonnes","214","units","0","v1277885574","1.7.4","1489","","","","0"
"2025-03","Canada","2016A000011124","Ending stocks","Renewable fuels, total","Cubic metres","72","units","0","v1277885579","1.7.5","57558","","","","0"
"2025-03","Canada","2016A000011124","Ending stocks","Fuel ethanol","Cubic metres","72","units","0","v1277885584","1.7.6","34378","","","","0"
"2025-03","Canada","2016A000011124","Ending stocks","Renewable fuels except fuel ethanol","Cubic metres","72","units","0","v1277885589","1.7.7","23180","","","","0"
"2025-03","Canada","2016A000011124","Ending stocks","Renewable fuel plant co-products, total","Metric tonnes","214","units","0","v1277885595","1.7.8","18805","","","","0"
"2025-03","Canada","2016A000011124","Ending stocks","Distillers grains, total","Metric tonnes","214","units","0","v1277885601","1.7.9","14633","","","","0"
"2025-03","Canada","2016A000011124","Ending stocks","Renewable fuel plant co-products except distillers grains","Metric tonnes","214","units","0","v1277885559","1.7.10","4172","","","","0"
"2025-04","Canada","2016A000011124","Beginning stocks","Renewable fuel plant feedstocks, total","Metric tonnes","214","units","0","v1277885549","1.1.1","162417","","","","0"
"2025-04","Canada","2016A000011124","Beginning stocks","Cereal grains, total","Metric tonnes","214","units","0","v1277885560","1.1.2","91141","","","","0"
"2025-04","Canada","2016A000011124","Beginning stocks","Vegetable oils, total","Metric tonnes","214","units","0","v1277885565","1.1.3","69787","","","","0"
"2025-04","Canada","2016A000011124","Beginning stocks","Other renewable fuel plant feedstocks, total","Metric tonnes","214","units","0","v1277885570","1.1.4","1489","","","","0"
"2025-04","Canada","2016A000011124","Beginning stocks","Renewable fuels, total","Cubic metres","72","units","0","v1277885575","1.1.5","57558","","","","0"
"2025-04","Canada","2016A000011124","Beginning stocks","Fuel ethanol","Cubic metres","72","units","0","v1277885580","1.1.6","34378","","","","0"
"2025-04","Canada","2016A000011124","Beginning stocks","Renewable fuels except fuel ethanol","Cubic metres","72","units","0","v1277885585","1.1.7","23180","","","","0"
"2025-04","Canada","2016A000011124","Beginning stocks","Renewable fuel plant co-products, total","Metric tonnes","214","units","0","v1277885590","1.1.8","18805","","","","0"
"2025-04","Canada","2016A000011124","Beginning stocks","Distillers grains, total","Metric tonnes","214","units","0","v1277885596","1.1.9","14633","","","","0"
"2025-04","Canada","2016A000011124","Beginning stocks","Renewable fuel plant co-products except distillers grains","Metric tonnes","214","units","0","v1277885554","1.1.10","4172","","","","0"
"2025-04","Canada","2016A000011124","Receipts","Renewable fuel plant feedstocks, total","Metric tonnes","214","units","0","v1277885550","1.2.1","396210","","","","0"
"2025-04","Canada","2016A000011124","Receipts","Cereal grains, total","Metric tonnes","214","units","0","v1277885561","1.2.2","350382","","","","0"
"2025-04","Canada","2016A000011124","Receipts","Vegetable oils, total","Metric tonnes","214","units","0","v1277885566","1.2.3","41400","","","","0"
"2025-04","Canada","2016A000011124","Receipts","Other renewable fuel plant feedstocks, total","Metric tonnes","214","units","0","v1277885571","1.2.4","4428","","","","0"
"2025-04","Canada","2016A000011124","Receipts","Renewable fuel plant co-products, total","Metric tonnes","214","units","0","v1277885591","1.2.8","","..","","","0"
"2025-04","Canada","2016A000011124","Receipts","Distillers grains, total","Metric tonnes","214","units","0","v1277885597","1.2.9","","..","","","0"
"2025-04","Canada","2016A000011124","Receipts","Renewable fuel plant co-products except distillers grains","Metric tonnes","214","units","0","v1277885555","1.2.10","","..","","","0"
"2025-04","Canada","2016A000011124","Inputs","Renewable fuel plant feedstocks, total","Metric tonnes","214","units","0","v1277885551","1.3.1","387614","","","","0"
"2025-04","Canada","2016A000011124","Inputs","Cereal grains, total","Metric tonnes","214","units","0","v1277885562","1.3.2","340018","","","","0"
"2025-04","Canada","2016A000011124","Inputs","Vegetable oils, total","Metric tonnes","214","units","0","v1277885567","1.3.3","42497","","","","0"
"2025-04","Canada","2016A000011124","Inputs","Other renewable fuel plant feedstocks, total","Metric tonnes","214","units","0","v1277885572","1.3.4","5099","","","","0"
"2025-04","Canada","2016A000011124","Production","Renewable fuels, total","Cubic metres","72","units","0","v1277885576","1.4.5","189259","","","","0"
"2025-04","Canada","2016A000011124","Production","Fuel ethanol","Cubic metres","72","units","0","v1277885581","1.4.6","139072","","","","0"
"2025-04","Canada","2016A000011124","Production","Renewable fuels except fuel ethanol","Cubic metres","72","units","0","v1277885586","1.4.7","50187","","","","0"
"2025-04","Canada","2016A000011124","Production","Renewable fuel plant co-products, total","Metric tonnes","214","units","0","v1277885592","1.4.8","118422","","","","0"
"2025-04","Canada","2016A000011124","Production","Distillers grains, total","Metric tonnes","214","units","0","v1277885598","1.4.9","105496","","","","0"
"2025-04","Canada","2016A000011124","Production","Renewable fuel plant co-products except distillers grains","Metric tonnes","214","units","0","v1277885556","1.4.10","12926","","","","0"
"2025-04","Canada","2016A000011124","Shipments","Renewable fuels, total","Cubic metres","72","units","0","v1277885577","1.5.5","189790","","","","0"
"2025-04","Canada","2016A000011124","Shipments","Fuel ethanol","Cubic metres","72","units","0","v1277885582","1.5.6","143787","","","","0"
"2025-04","Canada","2016A000011124","Shipments","Renewable fuels except fuel ethanol","Cubic metres","72","units","0","v1277885587","1.5.7","46003","","","","0"
"2025-04","Canada","2016A000011124","Shipments","Renewable fuel plant co-products, total","Metric tonnes","214","units","0","v1277885593","1.5.8","122721","","","","0"
"2025-04","Canada","2016A000011124","Shipments","Distillers grains, total","Metric tonnes","214","units","0","v1277885599","1.5.9","106731","","","","0"
"2025-04","Canada","2016A000011124","Shipments","Renewable fuel plant co-products except distillers grains","Metric tonnes","214","units","0","v1277885557","1.5.10","15990","","","","0"
"2025-04","Canada","2016A000011124","Losses and adjustments","Renewable fuel plant feedstocks, total","Metric tonnes","214","units","0","v1277885552","1.6.1","86","","","","0"
"2025-04","Canada","2016A000011124","Losses and adjustments","Cereal grains, total","Metric tonnes","214","units","0","v1277885563","1.6.2","-275","","","","0"
"2025-04","Canada","2016A000011124","Losses and adjustments","Vegetable oils, total","Metric tonnes","214","units","0","v1277885568","1.6.3","342","","","","0"
"2025-04","Canada","2016A000011124","Losses and adjustments","Other renewable fuel plant feedstocks, total","Metric tonnes","214","units","0","v1277885573","1.6.4","19","","","","0"
"2025-04","Canada","2016A000011124","Losses and adjustments","Renewable fuels, total","Cubic metres","72","units","0","v1277885578","1.6.5","-373","","","","0"
"2025-04","Canada","2016A000011124","Losses and adjustments","Fuel ethanol","Cubic metres","72","units","0","v1277885583","1.6.6","-285","","","","0"
"2025-04","Canada","2016A000011124","Losses and adjustments","Renewable fuels except fuel ethanol","Cubic metres","72","units","0","v1277885588","1.6.7","-88","","","","0"
"2025-04","Canada","2016A000011124","Losses and adjustments","Renewable fuel plant co-products, total","Metric tonnes","214","units","0","v1277885594","1.6.8","-546","","","","0"
"2025-04","Canada","2016A000011124","Losses and adjustments","Distillers grains, total","Metric tonnes","214","units","0","v1277885600","1.6.9","1","","","","0"
"2025-04","Canada","2016A000011124","Losses and adjustments","Renewable fuel plant co-products except distillers grains","Metric tonnes","214","units","0","v1277885558","1.6.10","-547","","","","0"
"2025-04","Canada","2016A000011124","Ending stocks","Renewable fuel plant feedstocks, total","Metric tonnes","214","units","0","v1277885553","1.7.1","148294","","","","0"
"2025-04","Canada","2016A000011124","Ending stocks","Cereal grains, total","Metric tonnes","214","units","0","v1277885564","1.7.2","78780","","","","0"
"2025-04","Canada","2016A000011124","Ending stocks","Vegetable oils, total","Metric tonnes","214","units","0","v1277885569","1.7.3","68348","","","","0"
"2025-04","Canada","2016A000011124","Ending stocks","Other renewable fuel plant feedstocks, total","Metric tonnes","214","units","0","v1277885574","1.7.4","1166","","","","0"
"2025-04","Canada","2016A000011124","Ending stocks","Renewable fuels, total","Cubic metres","72","units","0","v1277885579","1.7.5","68129","","","","0"
"2025-04","Canada","2016A000011124","Ending stocks","Fuel ethanol","Cubic metres","72","units","0","v1277885584","1.7.6","37020","","","","0"
"2025-04","Canada","2016A000011124","Ending stocks","Renewable fuels except fuel ethanol","Cubic metres","72","units","0","v1277885589","1.7.7","31109","","","","0"
"2025-04","Canada","2016A000011124","Ending stocks","Renewable fuel plant co-products, total","Metric tonnes","214","units","0","v1277885595","1.7.8","16369","","","","0"
"2025-04","Canada","2016A000011124","Ending stocks","Distillers grains, total","Metric tonnes","214","units","0","v1277885601","1.7.9","12377","","","","0"
"2025-04","Canada","2016A000011124","Ending stocks","Renewable fuel plant co-products except distillers grains","Metric tonnes","214","units","0","v1277885559","1.7.10","3992","","","","0"
"2025-05","Canada","2016A000011124","Beginning stocks","Renewable fuel plant feedstocks, total","Metric tonnes","214","units","0","v1277885549","1.1.1","148294","","","","0"
"2025-05","Canada","2016A000011124","Beginning stocks","Cereal grains, total","Metric tonnes","214","units","0","v1277885560","1.1.2","78780","","","","0"
"2025-05","Canada","2016A000011124","Beginning stocks","Vegetable oils, total","Metric tonnes","214","units","0","v1277885565","1.1.3","68348","","","","0"
"2025-05","Canada","2016A000011124","Beginning stocks","Other renewable fuel plant feedstocks, total","Metric tonnes","214","units","0","v1277885570","1.1.4","1166","","","","0"
"2025-05","Canada","2016A000011124","Beginning stocks","Renewable fuels, total","Cubic metres","72","units","0","v1277885575","1.1.5","68125","","","","0"
"2025-05","Canada","2016A000011124","Beginning stocks","Fuel ethanol","Cubic metres","72","units","0","v1277885580","1.1.6","37020","","","","0"
"2025-05","Canada","2016A000011124","Beginning stocks","Renewable fuels except fuel ethanol","Cubic metres","72","units","0","v1277885585","1.1.7","31105","","","","0"
"2025-05","Canada","2016A000011124","Beginning stocks","Renewable fuel plant co-products, total","Metric tonnes","214","units","0","v1277885590","1.1.8","16369","","","","0"
"2025-05","Canada","2016A000011124","Beginning stocks","Distillers grains, total","Metric tonnes","214","units","0","v1277885596","1.1.9","12377","","","","0"
"2025-05","Canada","2016A000011124","Beginning stocks","Renewable fuel plant co-products except distillers grains","Metric tonnes","214","units","0","v1277885554","1.1.10","3992","","","","0"
"2025-05","Canada","2016A000011124","Receipts","Renewable fuel plant feedstocks, total","Metric tonnes","214","units","0","v1277885550","1.2.1","406799","","","","0"
"2025-05","Canada","2016A000011124","Receipts","Cereal grains, total","Metric tonnes","214","units","0","v1277885561","1.2.2","355026","","","","0"
"2025-05","Canada","2016A000011124","Receipts","Vegetable oils, total","Metric tonnes","214","units","0","v1277885566","1.2.3","47164","","","","0"
"2025-05","Canada","2016A000011124","Receipts","Other renewable fuel plant feedstocks, total","Metric tonnes","214","units","0","v1277885571","1.2.4","4609","","","","0"
"2025-05","Canada","2016A000011124","Receipts","Renewable fuel plant co-products, total","Metric tonnes","214","units","0","v1277885591","1.2.8","","..","","","0"
"2025-05","Canada","2016A000011124","Receipts","Distillers grains, total","Metric tonnes","214","units","0","v1277885597","1.2.9","","..","","","0"
"2025-05","Canada","2016A000011124","Receipts","Renewable fuel plant co-products except distillers grains","Metric tonnes","214","units","0","v1277885555","1.2.10","","..","","","0"
"2025-05","Canada","2016A000011124","Inputs","Renewable fuel plant feedstocks, total","Metric tonnes","214","units","0","v1277885551","1.3.1","402959","","","","0"
"2025-05","Canada","2016A000011124","Inputs","Cereal grains, total","Metric tonnes","214","units","0","v1277885562","1.3.2","351527","","","","0"
"2025-05","Canada","2016A000011124","Inputs","Vegetable oils, total","Metric tonnes","214","units","0","v1277885567","1.3.3","46709","","","","0"
"2025-05","Canada","2016A000011124","Inputs","Other renewable fuel plant feedstocks, total","Metric tonnes","214","units","0","v1277885572","1.3.4","4723","","","","0"
"2025-05","Canada","2016A000011124","Production","Renewable fuels, total","Cubic metres","72","units","0","v1277885576","1.4.5","198217","","","","0"
"2025-05","Canada","2016A000011124","Production","Fuel ethanol","Cubic metres","72","units","0","v1277885581","1.4.6","146110","","","","0"
"2025-05","Canada","2016A000011124","Production","Renewable fuels except fuel ethanol","Cubic metres","72","units","0","v1277885586","1.4.7","52107","","","","0"
"2025-05","Canada","2016A000011124","Production","Renewable fuel plant co-products, total","Metric tonnes","214","units","0","v1277885592","1.4.8","114423","","","","0"
"2025-05","Canada","2016A000011124","Production","Distillers grains, total","Metric tonnes","214","units","0","v1277885598","1.4.9","101392","","","","0"
"2025-05","Canada","2016A000011124","Production","Renewable fuel plant co-products except distillers grains","Metric tonnes","214","units","0","v1277885556","1.4.10","13031","","","","0"
"2025-05","Canada","2016A000011124","Shipments","Renewable fuels, total","Cubic metres","72","units","0","v1277885577","1.5.5","206229","","","","0"
"2025-05","Canada","2016A000011124","Shipments","Fuel ethanol","Cubic metres","72","units","0","v1277885582","1.5.6","152317","","","","0"
"2025-05","Canada","2016A000011124","Shipments","Renewable fuels except fuel ethanol","Cubic metres","72","units","0","v1277885587","1.5.7","53912","","","","0"
"2025-05","Canada","2016A000011124","Shipments","Renewable fuel plant co-products, total","Metric tonnes","214","units","0","v1277885593","1.5.8","119575","","","","0"
"2025-05","Canada","2016A000011124","Shipments","Distillers grains, total","Metric tonnes","214","units","0","v1277885599","1.5.9","104449","","","","0"
"2025-05","Canada","2016A000011124","Shipments","Renewable fuel plant co-products except distillers grains","Metric tonnes","214","units","0","v1277885557","1.5.10","15126","","","","0"
"2025-05","Canada","2016A000011124","Losses and adjustments","Renewable fuel plant feedstocks, total","Metric tonnes","214","units","0","v1277885552","1.6.1","607","","","","0"
"2025-05","Canada","2016A000011124","Losses and adjustments","Cereal grains, total","Metric tonnes","214","units","0","v1277885563","1.6.2","611","","","","0"
"2025-05","Canada","2016A000011124","Losses and adjustments","Vegetable oils, total","Metric tonnes","214","units","0","v1277885568","1.6.3","2","","","","0"
"2025-05","Canada","2016A000011124","Losses and adjustments","Other renewable fuel plant feedstocks, total","Metric tonnes","214","units","0","v1277885573","1.6.4","-6","","","","0"
"2025-05","Canada","2016A000011124","Losses and adjustments","Renewable fuels, total","Cubic metres","72","units","0","v1277885578","1.6.5","188","","","","0"
"2025-05","Canada","2016A000011124","Losses and adjustments","Fuel ethanol","Cubic metres","72","units","0","v1277885583","1.6.6","131","","","","0"
"2025-05","Canada","2016A000011124","Losses and adjustments","Renewable fuels except fuel ethanol","Cubic metres","72","units","0","v1277885588","1.6.7","57","","","","0"
"2025-05","Canada","2016A000011124","Losses and adjustments","Renewable fuel plant co-products, total","Metric tonnes","214","units","0","v1277885594","1.6.8","-535","","","","0"
"2025-05","Canada","2016A000011124","Losses and adjustments","Distillers grains, total","Metric tonnes","214","units","0","v1277885600","1.6.9","-202","","","","0"
"2025-05","Canada","2016A000011124","Losses and adjustments","Renewable fuel plant co-products except distillers grains","Metric tonnes","214","units","0","v1277885558","1.6.10","-333","","","","0"
"2025-05","Canada","2016A000011124","Ending stocks","Renewable fuel plant feedstocks, total","Metric tonnes","214","units","0","v1277885553","1.7.1","151852","","","","0"
"2025-05","Canada","2016A000011124","Ending stocks","Cereal grains, total","Metric tonnes","214","units","0","v1277885564","1.7.2","81668","","","","0"
"2025-05","Canada","2016A000011124","Ending stocks","Vegetable oils, total","Metric tonnes","214","units","0","v1277885569","1.7.3","68801","","","","0"
"2025-05","Canada","2016A000011124","Ending stocks","Other renewable fuel plant feedstocks, total","Metric tonnes","214","units","0","v1277885574","1.7.4","1383","","","","0"
"2025-05","Canada","2016A000011124","Ending stocks","Renewable fuels, total","Cubic metres","72","units","0","v1277885579","1.7.5","60555","","","","0"
"2025-05","Canada","2016A000011124","Ending stocks","Fuel ethanol","Cubic metres","72","units","0","v1277885584","1.7.6","30682","","","","0"
"2025-05","Canada","2016A000011124","Ending stocks","Renewable fuels except fuel ethanol","Cubic metres","72","units","0","v1277885589","1.7.7","29873","","","","0"
"2025-05","Canada","2016A000011124","Ending stocks","Renewable fuel plant co-products, total","Metric tonnes","214","units","0","v1277885595","1.7.8","12824","","","","0"
"2025-05","Canada","2016A000011124","Ending stocks","Distillers grains, total","Metric tonnes","214","units","0","v1277885601","1.7.9","8687","","","","0"
"2025-05","Canada","2016A000011124","Ending stocks","Renewable fuel plant co-products except distillers grains","Metric tonnes","214","units","0","v1277885559","1.7.10","4137","","","","0"
"2025-06","Canada","2016A000011124","Beginning stocks","Renewable fuel plant feedstocks, total","Metric tonnes","214","units","0","v1277885549","1.1.1","151852","","","","0"
"2025-06","Canada","2016A000011124","Beginning stocks","Cereal grains, total","Metric tonnes","214","units","0","v1277885560","1.1.2","81668","","","","0"
"2025-06","Canada","2016A000011124","Beginning stocks","Vegetable oils, total","Metric tonnes","214","units","0","v1277885565","1.1.3","68801","","","","0"
"2025-06","Canada","2016A000011124","Beginning stocks","Other renewable fuel plant feedstocks, total","Metric tonnes","214","units","0","v1277885570","1.1.4","1383","","","","0"
"2025-06","Canada","2016A000011124","Beginning stocks","Renewable fuels, total","Cubic metres","72","units","0","v1277885575","1.1.5","60557","","","","0"
"2025-06","Canada","2016A000011124","Beginning stocks","Fuel ethanol","Cubic metres","72","units","0","v1277885580","1.1.6","30682","","","","0"
"2025-06","Canada","2016A000011124","Beginning stocks","Renewable fuels except fuel ethanol","Cubic metres","72","units","0","v1277885585","1.1.7","29875","","","","0"
"2025-06","Canada","2016A000011124","Beginning stocks","Renewable fuel plant co-products, total","Metric tonnes","214","units","0","v1277885590","1.1.8","12824","","","","0"
"2025-06","Canada","2016A000011124","Beginning stocks","Distillers grains, total","Metric tonnes","214","units","0","v1277885596","1.1.9","8687","","","","0"
"2025-06","Canada","2016A000011124","Beginning stocks","Renewable fuel plant co-products except distillers grains","Metric tonnes","214","units","0","v1277885554","1.1.10","4137","","","","0"
"2025-06","Canada","2016A000011124","Receipts","Renewable fuel plant feedstocks, total","Metric tonnes","214","units","0","v1277885550","1.2.1","453493","","","","0"
"2025-06","Canada","2016A000011124","Receipts","Cereal grains, total","Metric tonnes","214","units","0","v1277885561","1.2.2","373819","","","","0"
"2025-06","Canada","2016A000011124","Receipts","Vegetable oils, total","Metric tonnes","214","units","0","v1277885566","1.2.3","75301","","","","0"
"2025-06","Canada","2016A000011124","Receipts","Other renewable fuel plant feedstocks, total","Metric tonnes","214","units","0","v1277885571","1.2.4","4373","","","","0"
"2025-06","Canada","2016A000011124","Receipts","Renewable fuel plant co-products, total","Metric tonnes","214","units","0","v1277885591","1.2.8","","..","","","0"
"2025-06","Canada","2016A000011124","Receipts","Distillers grains, total","Metric tonnes","214","units","0","v1277885597","1.2.9","","..","","","0"
"2025-06","Canada","2016A000011124","Receipts","Renewable fuel plant co-products except distillers grains","Metric tonnes","214","units","0","v1277885555","1.2.10","","..","","","0"
"2025-06","Canada","2016A000011124","Inputs","Renewable fuel plant feedstocks, total","Metric tonnes","214","units","0","v1277885551","1.3.1","427025","","","","0"
"2025-06","Canada","2016A000011124","Inputs","Cereal grains, total","Metric tonnes","214","units","0","v1277885562","1.3.2","370258","","","","0"
"2025-06","Canada","2016A000011124","Inputs","Vegetable oils, total","Metric tonnes","214","units","0","v1277885567","1.3.3","51976","","","","0"
"2025-06","Canada","2016A000011124","Inputs","Other renewable fuel plant feedstocks, total","Metric tonnes","214","units","0","v1277885572","1.3.4","4791","","","","0"
"2025-06","Canada","2016A000011124","Production","Renewable fuels, total","Cubic metres","72","units","0","v1277885576","1.4.5","212118","","","","0"
"2025-06","Canada","2016A000011124","Production","Fuel ethanol","Cubic metres","72","units","0","v1277885581","1.4.6","155594","","","","0"
"2025-06","Canada","2016A000011124","Production","Renewable fuels except fuel ethanol","Cubic metres","72","units","0","v1277885586","1.4.7","56524","","","","0"
"2025-06","Canada","2016A000011124","Production","Renewable fuel plant co-products, total","Metric tonnes","214","units","0","v1277885592","1.4.8","122458","","","","0"
"2025-06","Canada","2016A000011124","Production","Distillers grains, total","Metric tonnes","214","units","0","v1277885598","1.4.9","110569","","","","0"
"2025-06","Canada","2016A000011124","Production","Renewable fuel plant co-products except distillers grains","Metric tonnes","214","units","0","v1277885556","1.4.10","11889","","","","0"
"2025-06","Canada","2016A000011124","Shipments","Renewable fuels, total","Cubic metres","72","units","0","v1277885577","1.5.5","198331","","","","0"
"2025-06","Canada","2016A000011124","Shipments","Fuel ethanol","Cubic metres","72","units","0","v1277885582","1.5.6","147373","","","","0"
"2025-06","Canada","2016A000011124","Shipments","Renewable fuels except fuel ethanol","Cubic metres","72","units","0","v1277885587","1.5.7","50958","","","","0"
"2025-06","Canada","2016A000011124","Shipments","Renewable fuel plant co-products, total","Metric tonnes","214","units","0","v1277885593","1.5.8","121924","","","","0"
"2025-06","Canada","2016A000011124","Shipments","Distillers grains, total","Metric tonnes","214","units","0","v1277885599","1.5.9","107459","","","","0"
"2025-06","Canada","2016A000011124","Shipments","Renewable fuel plant co-products except distillers grains","Metric tonnes","214","units","0","v1277885557","1.5.10","14465","","","","0"
"2025-06","Canada","2016A000011124","Losses and adjustments","Renewable fuel plant feedstocks, total","Metric tonnes","214","units","0","v1277885552","1.6.1","-14","","","","0"
"2025-06","Canada","2016A000011124","Losses and adjustments","Cereal grains, total","Metric tonnes","214","units","0","v1277885563","1.6.2","-67","","","","0"
"2025-06","Canada","2016A000011124","Losses and adjustments","Vegetable oils, total","Metric tonnes","214","units","0","v1277885568","1.6.3","54","","","","0"
"2025-06","Canada","2016A000011124","Losses and adjustments","Other renewable fuel plant feedstocks, total","Metric tonnes","214","units","0","v1277885573","1.6.4","-1","","","","0"
"2025-06","Canada","2016A000011124","Losses and adjustments","Renewable fuels, total","Cubic metres","72","units","0","v1277885578","1.6.5","-451","","","","0"
"2025-06","Canada","2016A000011124","Losses and adjustments","Fuel ethanol","Cubic metres","72","units","0","v1277885583","1.6.6","-344","","","","0"
"2025-06","Canada","2016A000011124","Losses and adjustments","Renewable fuels except fuel ethanol","Cubic metres","72","units","0","v1277885588","1.6.7","-107","","","","0"
"2025-06","Canada","2016A000011124","Losses and adjustments","Renewable fuel plant co-products, total","Metric tonnes","214","units","0","v1277885594","1.6.8","-975","","","","0"
"2025-06","Canada","2016A000011124","Losses and adjustments","Distillers grains, total","Metric tonnes","214","units","0","v1277885600","1.6.9","-558","","","","0"
"2025-06","Canada","2016A000011124","Losses and adjustments","Renewable fuel plant co-products except distillers grains","Metric tonnes","214","units","0","v1277885558","1.6.10","-417","","","","0"
"2025-06","Canada","2016A000011124","Ending stocks","Renewable fuel plant feedstocks, total","Metric tonnes","214","units","0","v1277885553","1.7.1","178687","","","","0"
"2025-06","Canada","2016A000011124","Ending stocks","Cereal grains, total","Metric tonnes","214","units","0","v1277885564","1.7.2","85296","","","","0"
"2025-06","Canada","2016A000011124","Ending stocks","Vegetable oils, total","Metric tonnes","214","units","0","v1277885569","1.7.3","92072","","","","0"
"2025-06","Canada","2016A000011124","Ending stocks","Other renewable fuel plant feedstocks, total","Metric tonnes","214","units","0","v1277885574","1.7.4","1319","","","","0"
"2025-06","Canada","2016A000011124","Ending stocks","Renewable fuels, total","Cubic metres","72","units","0","v1277885579","1.7.5","74297","","","","0"
"2025-06","Canada","2016A000011124","Ending stocks","Fuel ethanol","Cubic metres","72","units","0","v1277885584","1.7.6","39247","","","","0"
"2025-06","Canada","2016A000011124","Ending stocks","Renewable fuels except fuel ethanol","Cubic metres","72","units","0","v1277885589","1.7.7","35050","","","","0"
"2025-06","Canada","2016A000011124","Ending stocks","Renewable fuel plant co-products, total","Metric tonnes","214","units","0","v1277885595","1.7.8","15469","","","","0"
"2025-06","Canada","2016A000011124","Ending stocks","Distillers grains, total","Metric tonnes","214","units","0","v1277885601","1.7.9","11443","","","","0"
"2025-06","Canada","2016A000011124","Ending stocks","Renewable fuel plant co-products except distillers grains","Metric tonnes","214","units","0","v1277885559","1.7.10","4026","","","","0"
"2025-07","Canada","2016A000011124","Beginning stocks","Renewable fuel plant feedstocks, total","Metric tonnes","214","units","0","v1277885549","1.1.1","178687","","","","0"
"2025-07","Canada","2016A000011124","Beginning stocks","Cereal grains, total","Metric tonnes","214","units","0","v1277885560","1.1.2","85296","","","","0"
"2025-07","Canada","2016A000011124","Beginning stocks","Vegetable oils, total","Metric tonnes","214","units","0","v1277885565","1.1.3","92072","","","","0"
"2025-07","Canada","2016A000011124","Beginning stocks","Other renewable fuel plant feedstocks, total","Metric tonnes","214","units","0","v1277885570","1.1.4","1319","","","","0"
"2025-07","Canada","2016A000011124","Beginning stocks","Renewable fuels, total","Cubic metres","72","units","0","v1277885575","1.1.5","66007","","","","0"
"2025-07","Canada","2016A000011124","Beginning stocks","Fuel ethanol","Cubic metres","72","units","0","v1277885580","1.1.6","39247","","","","0"
"2025-07","Canada","2016A000011124","Beginning stocks","Renewable fuels except fuel ethanol","Cubic metres","72","units","0","v1277885585","1.1.7","26760","","","","0"
"2025-07","Canada","2016A000011124","Beginning stocks","Renewable fuel plant co-products, total","Metric tonnes","214","units","0","v1277885590","1.1.8","15469","","","","0"
"2025-07","Canada","2016A000011124","Beginning stocks","Distillers grains, total","Metric tonnes","214","units","0","v1277885596","1.1.9","11443","","","","0"
"2025-07","Canada","2016A000011124","Beginning stocks","Renewable fuel plant co-products except distillers grains","Metric tonnes","214","units","0","v1277885554","1.1.10","4026","","","","0"
"2025-07","Canada","2016A000011124","Receipts","Renewable fuel plant feedstocks, total","Metric tonnes","214","units","0","v1277885550","1.2.1","489314","","","","0"
"2025-07","Canada","2016A000011124","Receipts","Cereal grains, total","Metric tonnes","214","units","0","v1277885561","1.2.2","381687","","","","0"
"2025-07","Canada","2016A000011124","Receipts","Vegetable oils, total","Metric tonnes","214","units","0","v1277885566","1.2.3","102937","","","","0"
"2025-07","Canada","2016A000011124","Receipts","Other renewable fuel plant feedstocks, total","Metric tonnes","214","units","0","v1277885571","1.2.4","4690","","","","0"
"2025-07","Canada","2016A000011124","Receipts","Renewable fuel plant co-products, total","Metric tonnes","214","units","0","v1277885591","1.2.8","","..","","","0"
"2025-07","Canada","2016A000011124","Receipts","Distillers grains, total","Metric tonnes","214","units","0","v1277885597","1.2.9","","..","","","0"
"2025-07","Canada","2016A000011124","Receipts","Renewable fuel plant co-products except distillers grains","Metric tonnes","214","units","0","v1277885555","1.2.10","","..","","","0"
"2025-07","Canada","2016A000011124","Inputs","Renewable fuel plant feedstocks, total","Metric tonnes","214","units","0","v1277885551","1.3.1","518410","","","","0"
"2025-07","Canada","2016A000011124","Inputs","Cereal grains, total","Metric tonnes","214","units","0","v1277885562","1.3.2","380878","","","","0"
"2025-07","Canada","2016A000011124","Inputs","Vegetable oils, total","Metric tonnes","214","units","0","v1277885567","1.3.3","132393","","","","0"
"2025-07","Canada","2016A000011124","Inputs","Other renewable fuel plant feedstocks, total","Metric tonnes","214","units","0","v1277885572","1.3.4","5139","","","","0"
"2025-07","Canada","2016A000011124","Production","Renewable fuels, total","Cubic metres","72","units","0","v1277885576","1.4.5","296054","","","","0"
"2025-07","Canada","2016A000011124","Production","Fuel ethanol","Cubic metres","72","units","0","v1277885581","1.4.6","155177","","","","0"
"2025-07","Canada","2016A000011124","Production","Renewable fuels except fuel ethanol","Cubic metres","72","units","0","v1277885586","1.4.7","140877","","","","0"
"2025-07","Canada","2016A000011124","Production","Renewable fuel plant co-products, total","Metric tonnes","214","units","0","v1277885592","1.4.8","130295","","","","0"
"2025-07","Canada","2016A000011124","Production","Distillers grains, total","Metric tonnes","214","units","0","v1277885598","1.4.9","113919","","","","0"
"2025-07","Canada","2016A000011124","Production","Renewable fuel plant co-products except distillers grains","Metric tonnes","214","units","0","v1277885556","1.4.10","16376","","","","0"
"2025-07","Canada","2016A000011124","Shipments","Renewable fuels, total","Cubic metres","72","units","0","v1277885577","1.5.5","277765","","","","0"
"2025-07","Canada","2016A000011124","Shipments","Fuel ethanol","Cubic metres","72","units","0","v1277885582","1.5.6","165083","","","","0"
"2025-07","Canada","2016A000011124","Shipments","Renewable fuels except fuel ethanol","Cubic metres","72","units","0","v1277885587","1.5.7","112682","","","","0"
"2025-07","Canada","2016A000011124","Shipments","Renewable fuel plant co-products, total","Metric tonnes","214","units","0","v1277885593","1.5.8","136053","","","","0"
"2025-07","Canada","2016A000011124","Shipments","Distillers grains, total","Metric tonnes","214","units","0","v1277885599","1.5.9","116489","","","","0"
"2025-07","Canada","2016A000011124","Shipments","Renewable fuel plant co-products except distillers grains","Metric tonnes","214","units","0","v1277885557","1.5.10","19564","","","","0"
"2025-07","Canada","2016A000011124","Losses and adjustments","Renewable fuel plant feedstocks, total","Metric tonnes","214","units","0","v1277885552","1.6.1","192","","","","0"
"2025-07","Canada","2016A000011124","Losses and adjustments","Cereal grains, total","Metric tonnes","214","units","0","v1277885563","1.6.2","198","","","","0"
"2025-07","Canada","2016A000011124","Losses and adjustments","Vegetable oils, total","Metric tonnes","214","units","0","v1277885568","1.6.3","0","","","","0"
"2025-07","Canada","2016A000011124","Losses and adjustments","Other renewable fuel plant feedstocks, total","Metric tonnes","214","units","0","v1277885573","1.6.4","-6","","","","0"
"2025-07","Canada","2016A000011124","Losses and adjustments","Renewable fuels, total","Cubic metres","72","units","0","v1277885578","1.6.5","-494","","","","0"
"2025-07","Canada","2016A000011124","Losses and adjustments","Fuel ethanol","Cubic metres","72","units","0","v1277885583","1.6.6","-560","","","","0"
"2025-07","Canada","2016A000011124","Losses and adjustments","Renewable fuels except fuel ethanol","Cubic metres","72","units","0","v1277885588","1.6.7","66","","","","0"
"2025-07","Canada","2016A000011124","Losses and adjustments","Renewable fuel plant co-products, total","Metric tonnes","214","units","0","v1277885594","1.6.8","-695","","","","0"
"2025-07","Canada","2016A000011124","Losses and adjustments","Distillers grains, total","Metric tonnes","214","units","0","v1277885600","1.6.9","-203","","","","0"
"2025-07","Canada","2016A000011124","Losses and adjustments","Renewable fuel plant co-products except distillers grains","Metric tonnes","214","units","0","v1277885558","1.6.10","-492","","","","0"
"2025-07","Canada","2016A000011124","Ending stocks","Renewable fuel plant feedstocks, total","Metric tonnes","214","units","0","v1277885553","1.7.1","149790","","","","0"
"2025-07","Canada","2016A000011124","Ending stocks","Cereal grains, total","Metric tonnes","214","units","0","v1277885564","1.7.2","85907","","","","0"
"2025-07","Canada","2016A000011124","Ending stocks","Vegetable oils, total","Metric tonnes","214","units","0","v1277885569","1.7.3","62615","","","","0"
"2025-07","Canada","2016A000011124","Ending stocks","Other renewable fuel plant feedstocks, total","Metric tonnes","214","units","0","v1277885574","1.7.4","1268","","","","0"
"2025-07","Canada","2016A000011124","Ending stocks","Renewable fuels, total","Cubic metres","72","units","0","v1277885579","1.7.5","84832","","","","0"
"2025-07","Canada","2016A000011124","Ending stocks","Fuel ethanol","Cubic metres","72","units","0","v1277885584","1.7.6","29943","","","","0"
"2025-07","Canada","2016A000011124","Ending stocks","Renewable fuels except fuel ethanol","Cubic metres","72","units","0","v1277885589","1.7.7","54889","","","","0"
"2025-07","Canada","2016A000011124","Ending stocks","Renewable fuel plant co-products, total","Metric tonnes","214","units","0","v1277885595","1.7.8","11395","","","","0"
"2025-07","Canada","2016A000011124","Ending stocks","Distillers grains, total","Metric tonnes","214","units","0","v1277885601","1.7.9","8142","","","","0"
"2025-07","Canada","2016A000011124","Ending stocks","Renewable fuel plant co-products except distillers grains","Metric tonnes","214","units","0","v1277885559","1.7.10","3253","","","","0"
"2025-08","Canada","2016A000011124","Beginning stocks","Renewable fuel plant feedstocks, total","Metric tonnes","214","units","0","v1277885549","1.1.1","149790","","","","0"
"2025-08","Canada","2016A000011124","Beginning stocks","Cereal grains, total","Metric tonnes","214","units","0","v1277885560","1.1.2","85907","","","","0"
"2025-08","Canada","2016A000011124","Beginning stocks","Vegetable oils, total","Metric tonnes","214","units","0","v1277885565","1.1.3","62615","","","","0"
"2025-08","Canada","2016A000011124","Beginning stocks","Other renewable fuel plant feedstocks, total","Metric tonnes","214","units","0","v1277885570","1.1.4","1268","","","","0"
"2025-08","Canada","2016A000011124","Beginning stocks","Renewable fuels, total","Cubic metres","72","units","0","v1277885575","1.1.5","84832","","","","0"
"2025-08","Canada","2016A000011124","Beginning stocks","Fuel ethanol","Cubic metres","72","units","0","v1277885580","1.1.6","29943","","","","0"
"2025-08","Canada","2016A000011124","Beginning stocks","Renewable fuels except fuel ethanol","Cubic metres","72","units","0","v1277885585","1.1.7","54889","","","","0"
"2025-08","Canada","2016A000011124","Beginning stocks","Renewable fuel plant co-products, total","Metric tonnes","214","units","0","v1277885590","1.1.8","11395","","","","0"
"2025-08","Canada","2016A000011124","Beginning stocks","Distillers grains, total","Metric tonnes","214","units","0","v1277885596","1.1.9","8142","","","","0"
"2025-08","Canada","2016A000011124","Beginning stocks","Renewable fuel plant co-products except distillers grains","Metric tonnes","214","units","0","v1277885554","1.1.10","3253","","","","0"
"2025-08","Canada","2016A000011124","Receipts","Renewable fuel plant feedstocks, total","Metric tonnes","214","units","0","v1277885550","1.2.1","515101","","","","0"
"2025-08","Canada","2016A000011124","Receipts","Cereal grains, total","Metric tonnes","214","units","0","v1277885561","1.2.2","351252","","","","0"
"2025-08","Canada","2016A000011124","Receipts","Vegetable oils, total","Metric tonnes","214","units","0","v1277885566","1.2.3","159695","","","","0"
"2025-08","Canada","2016A000011124","Receipts","Other renewable fuel plant feedstocks, total","Metric tonnes","214","units","0","v1277885571","1.2.4","4154","","","","0"
"2025-08","Canada","2016A000011124","Receipts","Renewable fuel plant co-products, total","Metric tonnes","214","units","0","v1277885591","1.2.8","","..","","","0"
"2025-08","Canada","2016A000011124","Receipts","Distillers grains, total","Metric tonnes","214","units","0","v1277885597","1.2.9","","..","","","0"
"2025-08","Canada","2016A000011124","Receipts","Renewable fuel plant co-products except distillers grains","Metric tonnes","214","units","0","v1277885555","1.2.10","","..","","","0"
"2025-08","Canada","2016A000011124","Inputs","Renewable fuel plant feedstocks, total","Metric tonnes","214","units","0","v1277885551","1.3.1","516780","","","","0"
"2025-08","Canada","2016A000011124","Inputs","Cereal grains, total","Metric tonnes","214","units","0","v1277885562","1.3.2","381179","","","","0"
"2025-08","Canada","2016A000011124","Inputs","Vegetable oils, total","Metric tonnes","214","units","0","v1277885567","1.3.3","131186","","","","0"
"2025-08","Canada","2016A000011124","Inputs","Other renewable fuel plant feedstocks, total","Metric tonnes","214","units","0","v1277885572","1.3.4","4415","","","","0"
"2025-08","Canada","2016A000011124","Production","Renewable fuels, total","Cubic metres","72","units","0","v1277885576","1.4.5","297233","","","","0"
"2025-08","Canada","2016A000011124","Production","Fuel ethanol","Cubic metres","72","units","0","v1277885581","1.4.6","160693","","","","0"
"2025-08","Canada","2016A000011124","Production","Renewable fuels except fuel ethanol","Cubic metres","72","units","0","v1277885586","1.4.7","136540","","","","0"
"2025-08","Canada","2016A000011124","Production","Renewable fuel plant co-products, total","Metric tonnes","214","units","0","v1277885592","1.4.8","128114","","","","0"
"2025-08","Canada","2016A000011124","Production","Distillers grains, total","Metric tonnes","214","units","0","v1277885598","1.4.9","112939","","","","0"
"2025-08","Canada","2016A000011124","Production","Renewable fuel plant co-products except distillers grains","Metric tonnes","214","units","0","v1277885556","1.4.10","15175","","","","0"
"2025-08","Canada","2016A000011124","Shipments","Renewable fuels, total","Cubic metres","72","units","0","v1277885577","1.5.5","271131","","","","0"
"2025-08","Canada","2016A000011124","Shipments","Fuel ethanol","Cubic metres","72","units","0","v1277885582","1.5.6","156276","","","","0"
"2025-08","Canada","2016A000011124","Shipments","Renewable fuels except fuel ethanol","Cubic metres","72","units","0","v1277885587","1.5.7","114855","","","","0"
"2025-08","Canada","2016A000011124","Shipments","Renewable fuel plant co-products, total","Metric tonnes","214","units","0","v1277885593","1.5.8","120757","","","","0"
"2025-08","Canada","2016A000011124","Shipments","Distillers grains, total","Metric tonnes","214","units","0","v1277885599","1.5.9","105203","","","","0"
"2025-08","Canada","2016A000011124","Shipments","Renewable fuel plant co-products except distillers grains","Metric tonnes","214","units","0","v1277885557","1.5.10","15554","","","","0"
"2025-08","Canada","2016A000011124","Losses and adjustments","Renewable fuel plant feedstocks, total","Metric tonnes","214","units","0","v1277885552","1.6.1","-50","","","","0"
"2025-08","Canada","2016A000011124","Losses and adjustments","Cereal grains, total","Metric tonnes","214","units","0","v1277885563","1.6.2","-148","","","","0"
"2025-08","Canada","2016A000011124","Losses and adjustments","Vegetable oils, total","Metric tonnes","214","units","0","v1277885568","1.6.3","104","","","","0"
"2025-08","Canada","2016A000011124","Losses and adjustments","Other renewable fuel plant feedstocks, total","Metric tonnes","214","units","0","v1277885573","1.6.4","-6","","","","0"
"2025-08","Canada","2016A000011124","Losses and adjustments","Renewable fuels, total","Cubic metres","72","units","0","v1277885578","1.6.5","144","","","","0"
"2025-08","Canada","2016A000011124","Losses and adjustments","Fuel ethanol","Cubic metres","72","units","0","v1277885583","1.6.6","-1","","","","0"
"2025-08","Canada","2016A000011124","Losses and adjustments","Renewable fuels except fuel ethanol","Cubic metres","72","units","0","v1277885588","1.6.7","145","","","","0"
"2025-08","Canada","2016A000011124","Losses and adjustments","Renewable fuel plant co-products, total","Metric tonnes","214","units","0","v1277885594","1.6.8","-734","","","","0"
"2025-08","Canada","2016A000011124","Losses and adjustments","Distillers grains, total","Metric tonnes","214","units","0","v1277885600","1.6.9","-255","","","","0"
"2025-08","Canada","2016A000011124","Losses and adjustments","Renewable fuel plant co-products except distillers grains","Metric tonnes","214","units","0","v1277885558","1.6.10","-479","","","","0"
"2025-08","Canada","2016A000011124","Ending stocks","Renewable fuel plant feedstocks, total","Metric tonnes","214","units","0","v1277885553","1.7.1","148438","","","","0"
"2025-08","Canada","2016A000011124","Ending stocks","Cereal grains, total","Metric tonnes","214","units","0","v1277885564","1.7.2","56128","","","","0"
"2025-08","Canada","2016A000011124","Ending stocks","Vegetable oils, total","Metric tonnes","214","units","0","v1277885569","1.7.3","91020","","","","0"
"2025-08","Canada","2016A000011124","Ending stocks","Other renewable fuel plant feedstocks, total","Metric tonnes","214","units","0","v1277885574","1.7.4","1290","","","","0"
"2025-08","Canada","2016A000011124","Ending stocks","Renewable fuels, total","Cubic metres","72","units","0","v1277885579","1.7.5","110843","","","","0"
"2025-08","Canada","2016A000011124","Ending stocks","Fuel ethanol","Cubic metres","72","units","0","v1277885584","1.7.6","34414","","","","0"
"2025-08","Canada","2016A000011124","Ending stocks","Renewable fuels except fuel ethanol","Cubic metres","72","units","0","v1277885589","1.7.7","76429","","","","0"
"2025-08","Canada","2016A000011124","Ending stocks","Renewable fuel plant co-products, total","Metric tonnes","214","units","0","v1277885595","1.7.8","19685","","","","0"
"2025-08","Canada","2016A000011124","Ending stocks","Distillers grains, total","Metric tonnes","214","units","0","v1277885601","1.7.9","15174","","","","0"
"2025-08","Canada","2016A000011124","Ending stocks","Renewable fuel plant co-products except distillers grains","Metric tonnes","214","units","0","v1277885559","1.7.10","4511","","","","0"
"2025-09","Canada","2016A000011124","Beginning stocks","Renewable fuel plant feedstocks, total","Metric tonnes","214","units","0","v1277885549","1.1.1","148438","","","","0"
"2025-09","Canada","2016A000011124","Beginning stocks","Cereal grains, total","Metric tonnes","214","units","0","v1277885560","1.1.2","56128","","","","0"
"2025-09","Canada","2016A000011124","Beginning stocks","Vegetable oils, total","Metric tonnes","214","units","0","v1277885565","1.1.3","91020","","","","0"
"2025-09","Canada","2016A000011124","Beginning stocks","Other renewable fuel plant feedstocks, total","Metric tonnes","214","units","0","v1277885570","1.1.4","1290","","","","0"
"2025-09","Canada","2016A000011124","Beginning stocks","Renewable fuels, total","Cubic metres","72","units","0","v1277885575","1.1.5","110843","","","","0"
"2025-09","Canada","2016A000011124","Beginning stocks","Fuel ethanol","Cubic metres","72","units","0","v1277885580","1.1.6","34414","","","","0"
"2025-09","Canada","2016A000011124","Beginning stocks","Renewable fuels except fuel ethanol","Cubic metres","72","units","0","v1277885585","1.1.7","76429","","","","0"
"2025-09","Canada","2016A000011124","Beginning stocks","Renewable fuel plant co-products, total","Metric tonnes","214","units","0","v1277885590","1.1.8","19685","","","","0"
"2025-09","Canada","2016A000011124","Beginning stocks","Distillers grains, total","Metric tonnes","214","units","0","v1277885596","1.1.9","15174","","","","0"
"2025-09","Canada","2016A000011124","Beginning stocks","Renewable fuel plant co-products except distillers grains","Metric tonnes","214","units","0","v1277885554","1.1.10","4511","","","","0"
"2025-09","Canada","2016A000011124","Receipts","Renewable fuel plant feedstocks, total","Metric tonnes","214","units","0","v1277885550","1.2.1","426999","","","","0"
"2025-09","Canada","2016A000011124","Receipts","Cereal grains, total","Metric tonnes","214","units","0","v1277885561","1.2.2","324007","","","","0"
"2025-09","Canada","2016A000011124","Receipts","Vegetable oils, total","Metric tonnes","214","units","0","v1277885566","1.2.3","98383","","","","0"
"2025-09","Canada","2016A000011124","Receipts","Other renewable fuel plant feedstocks, total","Metric tonnes","214","units","0","v1277885571","1.2.4","4609","","","","0"
"2025-09","Canada","2016A000011124","Receipts","Renewable fuel plant co-products, total","Metric tonnes","214","units","0","v1277885591","1.2.8","","..","","","0"
"2025-09","Canada","2016A000011124","Receipts","Distillers grains, total","Metric tonnes","214","units","0","v1277885597","1.2.9","","..","","","0"
"2025-09","Canada","2016A000011124","Receipts","Renewable fuel plant co-products except distillers grains","Metric tonnes","214","units","0","v1277885555","1.2.10","","..","","","0"
"2025-09","Canada","2016A000011124","Inputs","Renewable fuel plant feedstocks, total","Metric tonnes","214","units","0","v1277885551","1.3.1","429701","","","","0"
"2025-09","Canada","2016A000011124","Inputs","Cereal grains, total","Metric tonnes","214","units","0","v1277885562","1.3.2","316665","","","","0"
"2025-09","Canada","2016A000011124","Inputs","Vegetable oils, total","Metric tonnes","214","units","0","v1277885567","1.3.3","108067","","","","0"
"2025-09","Canada","2016A000011124","Inputs","Other renewable fuel plant feedstocks, total","Metric tonnes","214","units","0","v1277885572","1.3.4","4969","","","","0"
"2025-09","Canada","2016A000011124","Production","Renewable fuels, total","Cubic metres","72","units","0","v1277885576","1.4.5","245287","","","","0"
"2025-09","Canada","2016A000011124","Production","Fuel ethanol","Cubic metres","72","units","0","v1277885581","1.4.6","132740","","","","0"
"2025-09","Canada","2016A000011124","Production","Renewable fuels except fuel ethanol","Cubic metres","72","units","0","v1277885586","1.4.7","112547","","","","0"
"2025-09","Canada","2016A000011124","Production","Renewable fuel plant co-products, total","Metric tonnes","214","units","0","v1277885592","1.4.8","111430","","","","0"
"2025-09","Canada","2016A000011124","Production","Distillers grains, total","Metric tonnes","214","units","0","v1277885598","1.4.9","96955","","","","0"
"2025-09","Canada","2016A000011124","Production","Renewable fuel plant co-products except distillers grains","Metric tonnes","214","units","0","v1277885556","1.4.10","14475","","","","0"
"2025-09","Canada","2016A000011124","Shipments","Renewable fuels, total","Cubic metres","72","units","0","v1277885577","1.5.5","287560","","","","0"
"2025-09","Canada","2016A000011124","Shipments","Fuel ethanol","Cubic metres","72","units","0","v1277885582","1.5.6","138381","","","","0"
"2025-09","Canada","2016A000011124","Shipments","Renewable fuels except fuel ethanol","Cubic metres","72","units","0","v1277885587","1.5.7","149179","","","","0"
"2025-09","Canada","2016A000011124","Shipments","Renewable fuel plant co-products, total","Metric tonnes","214","units","0","v1277885593","1.5.8","118561","","","","0"
"2025-09","Canada","2016A000011124","Shipments","Distillers grains, total","Metric tonnes","214","units","0","v1277885599","1.5.9","102965","","","","0"
"2025-09","Canada","2016A000011124","Shipments","Renewable fuel plant co-products except distillers grains","Metric tonnes","214","units","0","v1277885557","1.5.10","15596","","","","0"
"2025-09","Canada","2016A000011124","Losses and adjustments","Renewable fuel plant feedstocks, total","Metric tonnes","214","units","0","v1277885552","1.6.1","-487","","","","0"
"2025-09","Canada","2016A000011124","Losses and adjustments","Cereal grains, total","Metric tonnes","214","units","0","v1277885563","1.6.2","-524","","","","0"
"2025-09","Canada","2016A000011124","Losses and adjustments","Vegetable oils, total","Metric tonnes","214","units","0","v1277885568","1.6.3","3","","","","0"
"2025-09","Canada","2016A000011124","Losses and adjustments","Other renewable fuel plant feedstocks, total","Metric tonnes","214","units","0","v1277885573","1.6.4","34","","","","0"
"2025-09","Canada","2016A000011124","Losses and adjustments","Renewable fuels, total","Cubic metres","72","units","0","v1277885578","1.6.5","-132","","","","0"
"2025-09","Canada","2016A000011124","Losses and adjustments","Fuel ethanol","Cubic metres","72","units","0","v1277885583","1.6.6","37","","","","0"
"2025-09","Canada","2016A000011124","Losses and adjustments","Renewable fuels except fuel ethanol","Cubic metres","72","units","0","v1277885588","1.6.7","-169","","","","0"
"2025-09","Canada","2016A000011124","Losses and adjustments","Renewable fuel plant co-products, total","Metric tonnes","214","units","0","v1277885594","1.6.8","-287","","","","0"
"2025-09","Canada","2016A000011124","Losses and adjustments","Distillers grains, total","Metric tonnes","214","units","0","v1277885600","1.6.9","204","","","","0"
"2025-09","Canada","2016A000011124","Losses and adjustments","Renewable fuel plant co-products except distillers grains","Metric tonnes","214","units","0","v1277885558","1.6.10","-491","","","","0"
"2025-09","Canada","2016A000011124","Ending stocks","Renewable fuel plant feedstocks, total","Metric tonnes","214","units","0","v1277885553","1.7.1","146614","","","","0"
"2025-09","Canada","2016A000011124","Ending stocks","Cereal grains, total","Metric tonnes","214","units","0","v1277885564","1.7.2","63994","","","","0"
"2025-09","Canada","2016A000011124","Ending stocks","Vegetable oils, total","Metric tonnes","214","units","0","v1277885569","1.7.3","81333","","","","0"
"2025-09","Canada","2016A000011124","Ending stocks","Other renewable fuel plant feedstocks, total","Metric tonnes","214","units","0","v1277885574","1.7.4","1287","","","","0"
"2025-09","Canada","2016A000011124","Ending stocks","Renewable fuels, total","Cubic metres","72","units","0","v1277885579","1.7.5","68724","","","","0"
"2025-09","Canada","2016A000011124","Ending stocks","Fuel ethanol","Cubic metres","72","units","0","v1277885584","1.7.6","28758","","","","0"
"2025-09","Canada","2016A000011124","Ending stocks","Renewable fuels except fuel ethanol","Cubic metres","72","units","0","v1277885589","1.7.7","39966","","","","0"
"2025-09","Canada","2016A000011124","Ending stocks","Renewable fuel plant co-products, total","Metric tonnes","214","units","0","v1277885595","1.7.8","12938","","","","0"
"2025-09","Canada","2016A000011124","Ending stocks","Distillers grains, total","Metric tonnes","214","units","0","v1277885601","1.7.9","8183","","","","0"
"2025-09","Canada","2016A000011124","Ending stocks","Renewable fuel plant co-products except distillers grains","Metric tonnes","214","units","0","v1277885559","1.7.10","4755","","","","0"
"2025-10","Canada","2016A000011124","Beginning stocks","Renewable fuel plant feedstocks, total","Metric tonnes","214","units","0","v1277885549","1.1.1","146614","","","","0"
"2025-10","Canada","2016A000011124","Beginning stocks","Cereal grains, total","Metric tonnes","214","units","0","v1277885560","1.1.2","63994","","","","0"
"2025-10","Canada","2016A000011124","Beginning stocks","Vegetable oils, total","Metric tonnes","214","units","0","v1277885565","1.1.3","81333","","","","0"
"2025-10","Canada","2016A000011124","Beginning stocks","Other renewable fuel plant feedstocks, total","Metric tonnes","214","units","0","v1277885570","1.1.4","1287","","","","0"
"2025-10","Canada","2016A000011124","Beginning stocks","Renewable fuels, total","Cubic metres","72","units","0","v1277885575","1.1.5","68724","","","","0"
"2025-10","Canada","2016A000011124","Beginning stocks","Fuel ethanol","Cubic metres","72","units","0","v1277885580","1.1.6","28758","","","","0"
"2025-10","Canada","2016A000011124","Beginning stocks","Renewable fuels except fuel ethanol","Cubic metres","72","units","0","v1277885585","1.1.7","39966","","","","0"
"2025-10","Canada","2016A000011124","Beginning stocks","Renewable fuel plant co-products, total","Metric tonnes","214","units","0","v1277885590","1.1.8","12938","","","","0"
"2025-10","Canada","2016A000011124","Beginning stocks","Distillers grains, total","Metric tonnes","214","units","0","v1277885596","1.1.9","8183","","","","0"
"2025-10","Canada","2016A000011124","Beginning stocks","Renewable fuel plant co-products except distillers grains","Metric tonnes","214","units","0","v1277885554","1.1.10","4755","","","","0"
"2025-10","Canada","2016A000011124","Receipts","Renewable fuel plant feedstocks, total","Metric tonnes","214","units","0","v1277885550","1.2.1","474248","","","","0"
"2025-10","Canada","2016A000011124","Receipts","Cereal grains, total","Metric tonnes","214","units","0","v1277885561","1.2.2","333335","","","","0"
"2025-10","Canada","2016A000011124","Receipts","Vegetable oils, total","Metric tonnes","214","units","0","v1277885566","1.2.3","136369","","","","0"
"2025-10","Canada","2016A000011124","Receipts","Other renewable fuel plant feedstocks, total","Metric tonnes","214","units","0","v1277885571","1.2.4","4544","","","","0"
"2025-10","Canada","2016A000011124","Receipts","Renewable fuel plant co-products, total","Metric tonnes","214","units","0","v1277885591","1.2.8","","..","","","0"
"2025-10","Canada","2016A000011124","Receipts","Distillers grains, total","Metric tonnes","214","units","0","v1277885597","1.2.9","","..","","","0"
"2025-10","Canada","2016A000011124","Receipts","Renewable fuel plant co-products except distillers grains","Metric tonnes","214","units","0","v1277885555","1.2.10","","..","","","0"
"2025-10","Canada","2016A000011124","Inputs","Renewable fuel plant feedstocks, total","Metric tonnes","214","units","0","v1277885551","1.3.1","465657","","","","0"
"2025-10","Canada","2016A000011124","Inputs","Cereal grains, total","Metric tonnes","214","units","0","v1277885562","1.3.2","327815","","","","0"
"2025-10","Canada","2016A000011124","Inputs","Vegetable oils, total","Metric tonnes","214","units","0","v1277885567","1.3.3","132819","","","","0"
"2025-10","Canada","2016A000011124","Inputs","Other renewable fuel plant feedstocks, total","Metric tonnes","214","units","0","v1277885572","1.3.4","5023","","","","0"
"2025-10","Canada","2016A000011124","Production","Renewable fuels, total","Cubic metres","72","units","0","v1277885576","1.4.5","282880","","","","0"
"2025-10","Canada","2016A000011124","Production","Fuel ethanol","Cubic metres","72","units","0","v1277885581","1.4.6","137350","","","","0"
"2025-10","Canada","2016A000011124","Production","Renewable fuels except fuel ethanol","Cubic metres","72","units","0","v1277885586","1.4.7","145530","","","","0"
"2025-10","Canada","2016A000011124","Production","Renewable fuel plant co-products, total","Metric tonnes","214","units","0","v1277885592","1.4.8","112320","","","","0"
"2025-10","Canada","2016A000011124","Production","Distillers grains, total","Metric tonnes","214","units","0","v1277885598","1.4.9","98713","","","","0"
"2025-10","Canada","2016A000011124","Production","Renewable fuel plant co-products except distillers grains","Metric tonnes","214","units","0","v1277885556","1.4.10","13607","","","","0"
"2025-10","Canada","2016A000011124","Shipments","Renewable fuels, total","Cubic metres","72","units","0","v1277885577","1.5.5","266959","","","","0"
"2025-10","Canada","2016A000011124","Shipments","Fuel ethanol","Cubic metres","72","units","0","v1277885582","1.5.6","137479","","","","0"
"2025-10","Canada","2016A000011124","Shipments","Renewable fuels except fuel ethanol","Cubic metres","72","units","0","v1277885587","1.5.7","129480","","","","0"
"2025-10","Canada","2016A000011124","Shipments","Renewable fuel plant co-products, total","Metric tonnes","214","units","0","v1277885593","1.5.8","116953","","","","0"
"2025-10","Canada","2016A000011124","Shipments","Distillers grains, total","Metric tonnes","214","units","0","v1277885599","1.5.9","101550","","","","0"
"2025-10","Canada","2016A000011124","Shipments","Renewable fuel plant co-products except distillers grains","Metric tonnes","214","units","0","v1277885557","1.5.10","15403","","","","0"
"2025-10","Canada","2016A000011124","Losses and adjustments","Renewable fuel plant feedstocks, total","Metric tonnes","214","units","0","v1277885552","1.6.1","32","","","","0"
"2025-10","Canada","2016A000011124","Losses and adjustments","Cereal grains, total","Metric tonnes","214","units","0","v1277885563","1.6.2","417","","","","0"
"2025-10","Canada","2016A000011124","Losses and adjustments","Vegetable oils, total","Metric tonnes","214","units","0","v1277885568","1.6.3","-398","","","","0"
"2025-10","Canada","2016A000011124","Losses and adjustments","Other renewable fuel plant feedstocks, total","Metric tonnes","214","units","0","v1277885573","1.6.4","13","","","","0"
"2025-10","Canada","2016A000011124","Losses and adjustments","Renewable fuels, total","Cubic metres","72","units","0","v1277885578","1.6.5","362","","","","0"
"2025-10","Canada","2016A000011124","Losses and adjustments","Fuel ethanol","Cubic metres","72","units","0","v1277885583","1.6.6","266","","","","0"
"2025-10","Canada","2016A000011124","Losses and adjustments","Renewable fuels except fuel ethanol","Cubic metres","72","units","0","v1277885588","1.6.7","96","","","","0"
"2025-10","Canada","2016A000011124","Losses and adjustments","Renewable fuel plant co-products, total","Metric tonnes","214","units","0","v1277885594","1.6.8","-1510","","","","0"
"2025-10","Canada","2016A000011124","Losses and adjustments","Distillers grains, total","Metric tonnes","214","units","0","v1277885600","1.6.9","-134","","","","0"
"2025-10","Canada","2016A000011124","Losses and adjustments","Renewable fuel plant co-products except distillers grains","Metric tonnes","214","units","0","v1277885558","1.6.10","-1376","","","","0"
"2025-10","Canada","2016A000011124","Ending stocks","Renewable fuel plant feedstocks, total","Metric tonnes","214","units","0","v1277885553","1.7.1","155568","","","","0"
"2025-10","Canada","2016A000011124","Ending stocks","Cereal grains, total","Metric tonnes","214","units","0","v1277885564","1.7.2","69097","","","","0"
"2025-10","Canada","2016A000011124","Ending stocks","Vegetable oils, total","Metric tonnes","214","units","0","v1277885569","1.7.3","85281","","","","0"
"2025-10","Canada","2016A000011124","Ending stocks","Other renewable fuel plant feedstocks, total","Metric tonnes","214","units","0","v1277885574","1.7.4","1190","","","","0"
"2025-10","Canada","2016A000011124","Ending stocks","Renewable fuels, total","Cubic metres","72","units","0","v1277885579","1.7.5","84360","","","","0"
"2025-10","Canada","2016A000011124","Ending stocks","Fuel ethanol","Cubic metres","72","units","0","v1277885584","1.7.6","28440","","","","0"
"2025-10","Canada","2016A000011124","Ending stocks","Renewable fuels except fuel ethanol","Cubic metres","72","units","0","v1277885589","1.7.7","55920","","","","0"
"2025-10","Canada","2016A000011124","Ending stocks","Renewable fuel plant co-products, total","Metric tonnes","214","units","0","v1277885595","1.7.8","9335","","","","0"
"2025-10","Canada","2016A000011124","Ending stocks","Distillers grains, total","Metric tonnes","214","units","0","v1277885601","1.7.9","4240","","","","0"
"2025-10","Canada","2016A000011124","Ending stocks","Renewable fuel plant co-products except distillers grains","Metric tonnes","214","units","0","v1277885559","1.7.10","5095","","","","0"
"2025-11","Canada","2016A000011124","Beginning stocks","Renewable fuel plant feedstocks, total","Metric tonnes","214","units","0","v1277885549","1.1.1","155568","","","","0"
"2025-11","Canada","2016A000011124","Beginning stocks","Cereal grains, total","Metric tonnes","214","units","0","v1277885560","1.1.2","69097","","","","0"
"2025-11","Canada","2016A000011124","Beginning stocks","Vegetable oils, total","Metric tonnes","214","units","0","v1277885565","1.1.3","85281","","","","0"
"2025-11","Canada","2016A000011124","Beginning stocks","Other renewable fuel plant feedstocks, total","Metric tonnes","214","units","0","v1277885570","1.1.4","1190","","","","0"
"2025-11","Canada","2016A000011124","Beginning stocks","Renewable fuels, total","Cubic metres","72","units","0","v1277885575","1.1.5","84360","","","","0"
"2025-11","Canada","2016A000011124","Beginning stocks","Fuel ethanol","Cubic metres","72","units","0","v1277885580","1.1.6","28440","","","","0"
"2025-11","Canada","2016A000011124","Beginning stocks","Renewable fuels except fuel ethanol","Cubic metres","72","units","0","v1277885585","1.1.7","55920","","","","0"
"2025-11","Canada","2016A000011124","Beginning stocks","Renewable fuel plant co-products, total","Metric tonnes","214","units","0","v1277885590","1.1.8","9335","","","","0"
"2025-11","Canada","2016A000011124","Beginning stocks","Distillers grains, total","Metric tonnes","214","units","0","v1277885596","1.1.9","4240","","","","0"
"2025-11","Canada","2016A000011124","Beginning stocks","Renewable fuel plant co-products except distillers grains","Metric tonnes","214","units","0","v1277885554","1.1.10","5095","","","","0"
"2025-11","Canada","2016A000011124","Receipts","Renewable fuel plant feedstocks, total","Metric tonnes","214","units","0","v1277885550","1.2.1","494006","","","","0"
"2025-11","Canada","2016A000011124","Receipts","Cereal grains, total","Metric tonnes","214","units","0","v1277885561","1.2.2","377348","","","","0"
"2025-11","Canada","2016A000011124","Receipts","Vegetable oils, total","Metric tonnes","214","units","0","v1277885566","1.2.3","113564","","","","0"
"2025-11","Canada","2016A000011124","Receipts","Other renewable fuel plant feedstocks, total","Metric tonnes","214","units","0","v1277885571","1.2.4","3094","","","","0"
"2025-11","Canada","2016A000011124","Receipts","Renewable fuel plant co-products, total","Metric tonnes","214","units","0","v1277885591","1.2.8","","..","","","0"
"2025-11","Canada","2016A000011124","Receipts","Distillers grains, total","Metric tonnes","214","units","0","v1277885597","1.2.9","","..","","","0"
"2025-11","Canada","2016A000011124","Receipts","Renewable fuel plant co-products except distillers grains","Metric tonnes","214","units","0","v1277885555","1.2.10","","..","","","0"
"2025-11","Canada","2016A000011124","Inputs","Renewable fuel plant feedstocks, total","Metric tonnes","214","units","0","v1277885551","1.3.1","506094","","","","0"
"2025-11","Canada","2016A000011124","Inputs","Cereal grains, total","Metric tonnes","214","units","0","v1277885562","1.3.2","373944","","","","0"
"2025-11","Canada","2016A000011124","Inputs","Vegetable oils, total","Metric tonnes","214","units","0","v1277885567","1.3.3","128629","","","","0"
"2025-11","Canada","2016A000011124","Inputs","Other renewable fuel plant feedstocks, total","Metric tonnes","214","units","0","v1277885572","1.3.4","3521","","","","0"
"2025-11","Canada","2016A000011124","Production","Renewable fuels, total","Cubic metres","72","units","0","v1277885576","1.4.5","289162","","","","0"
"2025-11","Canada","2016A000011124","Production","Fuel ethanol","Cubic metres","72","units","0","v1277885581","1.4.6","156784","","","","0"
"2025-11","Canada","2016A000011124","Production","Renewable fuels except fuel ethanol","Cubic metres","72","units","0","v1277885586","1.4.7","132378","","","","0"
"2025-11","Canada","2016A000011124","Production","Renewable fuel plant co-products, total","Metric tonnes","214","units","0","v1277885592","1.4.8","124369","","","","0"
"2025-11","Canada","2016A000011124","Production","Distillers grains, total","Metric tonnes","214","units","0","v1277885598","1.4.9","112333","","","","0"
"2025-11","Canada","2016A000011124","Production","Renewable fuel plant co-products except distillers grains","Metric tonnes","214","units","0","v1277885556","1.4.10","12036","","","","0"
"2025-11","Canada","2016A000011124","Shipments","Renewable fuels, total","Cubic metres","72","units","0","v1277885577","1.5.5","262711","","","","0"
"2025-11","Canada","2016A000011124","Shipments","Fuel ethanol","Cubic metres","72","units","0","v1277885582","1.5.6","150312","","","","0"
"2025-11","Canada","2016A000011124","Shipments","Renewable fuels except fuel ethanol","Cubic metres","72","units","0","v1277885587","1.5.7","112399","","","","0"
"2025-11","Canada","2016A000011124","Shipments","Renewable fuel plant co-products, total","Metric tonnes","214","units","0","v1277885593","1.5.8","116450","","","","0"
"2025-11","Canada","2016A000011124","Shipments","Distillers grains, total","Metric tonnes","214","units","0","v1277885599","1.5.9","103278","","","","0"
"2025-11","Canada","2016A000011124","Shipments","Renewable fuel plant co-products except distillers grains","Metric tonnes","214","units","0","v1277885557","1.5.10","13172","","","","0"
"2025-11","Canada","2016A000011124","Losses and adjustments","Renewable fuel plant feedstocks, total","Metric tonnes","214","units","0","v1277885552","1.6.1","273","","","","0"
"2025-11","Canada","2016A000011124","Losses and adjustments","Cereal grains, total","Metric tonnes","214","units","0","v1277885563","1.6.2","235","","","","0"
"2025-11","Canada","2016A000011124","Losses and adjustments","Vegetable oils, total","Metric tonnes","214","units","0","v1277885568","1.6.3","1","","","","0"
"2025-11","Canada","2016A000011124","Losses and adjustments","Other renewable fuel plant feedstocks, total","Metric tonnes","214","units","0","v1277885573","1.6.4","37","","","","0"
"2025-11","Canada","2016A000011124","Losses and adjustments","Renewable fuels, total","Cubic metres","72","units","0","v1277885578","1.6.5","402","","","","0"
"2025-11","Canada","2016A000011124","Losses and adjustments","Fuel ethanol","Cubic metres","72","units","0","v1277885583","1.6.6","304","","","","0"
"2025-11","Canada","2016A000011124","Losses and adjustments","Renewable fuels except fuel ethanol","Cubic metres","72","units","0","v1277885588","1.6.7","98","","","","0"
"2025-11","Canada","2016A000011124","Losses and adjustments","Renewable fuel plant co-products, total","Metric tonnes","214","units","0","v1277885594","1.6.8","-1406","","","","0"
"2025-11","Canada","2016A000011124","Losses and adjustments","Distillers grains, total","Metric tonnes","214","units","0","v1277885600","1.6.9","63","","","","0"
"2025-11","Canada","2016A000011124","Losses and adjustments","Renewable fuel plant co-products except distillers grains","Metric tonnes","214","units","0","v1277885558","1.6.10","-1469","","","","0"
"2025-11","Canada","2016A000011124","Ending stocks","Renewable fuel plant feedstocks, total","Metric tonnes","214","units","0","v1277885553","1.7.1","143535","","","","0"
"2025-11","Canada","2016A000011124","Ending stocks","Cereal grains, total","Metric tonnes","214","units","0","v1277885564","1.7.2","72266","","","","0"
"2025-11","Canada","2016A000011124","Ending stocks","Vegetable oils, total","Metric tonnes","214","units","0","v1277885569","1.7.3","70211","","","","0"
"2025-11","Canada","2016A000011124","Ending stocks","Other renewable fuel plant feedstocks, total","Metric tonnes","214","units","0","v1277885574","1.7.4","1058","","","","0"
"2025-11","Canada","2016A000011124","Ending stocks","Renewable fuels, total","Cubic metres","72","units","0","v1277885579","1.7.5","110445","","","","0"
"2025-11","Canada","2016A000011124","Ending stocks","Fuel ethanol","Cubic metres","72","units","0","v1277885584","1.7.6","34644","","","","0"
"2025-11","Canada","2016A000011124","Ending stocks","Renewable fuels except fuel ethanol","Cubic metres","72","units","0","v1277885589","1.7.7","75801","","","","0"
"2025-11","Canada","2016A000011124","Ending stocks","Renewable fuel plant co-products, total","Metric tonnes","214","units","0","v1277885595","1.7.8","17781","","","","0"
"2025-11","Canada","2016A000011124","Ending stocks","Distillers grains, total","Metric tonnes","214","units","0","v1277885601","1.7.9","11975","","","","0"
"2025-11","Canada","2016A000011124","Ending stocks","Renewable fuel plant co-products except distillers grains","Metric tonnes","214","units","0","v1277885559","1.7.10","5806","","","","0"
"2025-12","Canada","2016A000011124","Beginning stocks","Renewable fuel plant feedstocks, total","Metric tonnes","214","units","0","v1277885549","1.1.1","143241","","","","0"
"2025-12","Canada","2016A000011124","Beginning stocks","Cereal grains, total","Metric tonnes","214","units","0","v1277885560","1.1.2","72266","","","","0"
"2025-12","Canada","2016A000011124","Beginning stocks","Vegetable oils, total","Metric tonnes","214","units","0","v1277885565","1.1.3","70166","","","","0"
"2025-12","Canada","2016A000011124","Beginning stocks","Other renewable fuel plant feedstocks, total","Metric tonnes","214","units","0","v1277885570","1.1.4","809","","","","0"
"2025-12","Canada","2016A000011124","Beginning stocks","Renewable fuels, total","Cubic metres","72","units","0","v1277885575","1.1.5","110414","","","","0"
"2025-12","Canada","2016A000011124","Beginning stocks","Fuel ethanol","Cubic metres","72","units","0","v1277885580","1.1.6","34644","","","","0"
"2025-12","Canada","2016A000011124","Beginning stocks","Renewable fuels except fuel ethanol","Cubic metres","72","units","0","v1277885585","1.1.7","75770","","","","0"
"2025-12","Canada","2016A000011124","Beginning stocks","Renewable fuel plant co-products, total","Metric tonnes","214","units","0","v1277885590","1.1.8","17550","","","","0"
"2025-12","Canada","2016A000011124","Beginning stocks","Distillers grains, total","Metric tonnes","214","units","0","v1277885596","1.1.9","11975","","","","0"
"2025-12","Canada","2016A000011124","Beginning stocks","Renewable fuel plant co-products except distillers grains","Metric tonnes","214","units","0","v1277885554","1.1.10","5575","","","","0"
"2025-12","Canada","2016A000011124","Receipts","Renewable fuel plant feedstocks, total","Metric tonnes","214","units","0","v1277885550","1.2.1","525180","","","","0"
"2025-12","Canada","2016A000011124","Receipts","Cereal grains, total","Metric tonnes","214","units","0","v1277885561","1.2.2","394920","","","","0"
"2025-12","Canada","2016A000011124","Receipts","Vegetable oils, total","Metric tonnes","214","units","0","v1277885566","1.2.3","127277","","","","0"
"2025-12","Canada","2016A000011124","Receipts","Other renewable fuel plant feedstocks, total","Metric tonnes","214","units","0","v1277885571","1.2.4","2983","","","","0"
"2025-12","Canada","2016A000011124","Receipts","Renewable fuel plant co-products, total","Metric tonnes","214","units","0","v1277885591","1.2.8","","..","","","0"
"2025-12","Canada","2016A000011124","Receipts","Distillers grains, total","Metric tonnes","214","units","0","v1277885597","1.2.9","","..","","","0"
"2025-12","Canada","2016A000011124","Receipts","Renewable fuel plant co-products except distillers grains","Metric tonnes","214","units","0","v1277885555","1.2.10","","..","","","0"
"2025-12","Canada","2016A000011124","Inputs","Renewable fuel plant feedstocks, total","Metric tonnes","214","units","0","v1277885551","1.3.1","486565","","","","0"
"2025-12","Canada","2016A000011124","Inputs","Cereal grains, total","Metric tonnes","214","units","0","v1277885562","1.3.2","371026","","","","0"
"2025-12","Canada","2016A000011124","Inputs","Vegetable oils, total","Metric tonnes","214","units","0","v1277885567","1.3.3","112549","","","","0"
"2025-12","Canada","2016A000011124","Inputs","Other renewable fuel plant feedstocks, total","Metric tonnes","214","units","0","v1277885572","1.3.4","2990","","","","0"
"2025-12","Canada","2016A000011124","Production","Renewable fuels, total","Cubic metres","72","units","0","v1277885576","1.4.5","282955","","","","0"
"2025-12","Canada","2016A000011124","Production","Fuel ethanol","Cubic metres","72","units","0","v1277885581","1.4.6","156049","","","","0"
"2025-12","Canada","2016A000011124","Production","Renewable fuels except fuel ethanol","Cubic metres","72","units","0","v1277885586","1.4.7","126906","","","","0"
"2025-12","Canada","2016A000011124","Production","Renewable fuel plant co-products, total","Metric tonnes","214","units","0","v1277885592","1.4.8","124698","","","","0"
"2025-12","Canada","2016A000011124","Production","Distillers grains, total","Metric tonnes","214","units","0","v1277885598","1.4.9","112409","","","","0"
"2025-12","Canada","2016A000011124","Production","Renewable fuel plant co-products except distillers grains","Metric tonnes","214","units","0","v1277885556","1.4.10","12289","","","","0"
"2025-12","Canada","2016A000011124","Shipments","Renewable fuels, total","Cubic metres","72","units","0","v1277885577","1.5.5","235351","","","","0"
"2025-12","Canada","2016A000011124","Shipments","Fuel ethanol","Cubic metres","72","units","0","v1277885582","1.5.6","150514","","","","0"
"2025-12","Canada","2016A000011124","Shipments","Renewable fuels except fuel ethanol","Cubic metres","72","units","0","v1277885587","1.5.7","84837","","","","0"
"2025-12","Canada","2016A000011124","Shipments","Renewable fuel plant co-products, total","Metric tonnes","214","units","0","v1277885593","1.5.8","129662","","","","0"
"2025-12","Canada","2016A000011124","Shipments","Distillers grains, total","Metric tonnes","214","units","0","v1277885599","1.5.9","115246","","","","0"
"2025-12","Canada","2016A000011124","Shipments","Renewable fuel plant co-products except distillers grains","Metric tonnes","214","units","0","v1277885557","1.5.10","14416","","","","0"
"2025-12","Canada","2016A000011124","Losses and adjustments","Renewable fuel plant feedstocks, total","Metric tonnes","214","units","0","v1277885552","1.6.1","42","","","","0"
"2025-12","Canada","2016A000011124","Losses and adjustments","Cereal grains, total","Metric tonnes","214","units","0","v1277885563","1.6.2","77","","","","0"
"2025-12","Canada","2016A000011124","Losses and adjustments","Vegetable oils, total","Metric tonnes","214","units","0","v1277885568","1.6.3","-1","","","","0"
"2025-12","Canada","2016A000011124","Losses and adjustments","Other renewable fuel plant feedstocks, total","Metric tonnes","214","units","0","v1277885573","1.6.4","-34","","","","0"
"2025-12","Canada","2016A000011124","Losses and adjustments","Renewable fuels, total","Cubic metres","72","units","0","v1277885578","1.6.5","431","","","","0"
"2025-12","Canada","2016A000011124","Losses and adjustments","Fuel ethanol","Cubic metres","72","units","0","v1277885583","1.6.6","437","","","","0"
"2025-12","Canada","2016A000011124","Losses and adjustments","Renewable fuels except fuel ethanol","Cubic metres","72","units","0","v1277885588","1.6.7","-6","","","","0"
"2025-12","Canada","2016A000011124","Losses and adjustments","Renewable fuel plant co-products, total","Metric tonnes","214","units","0","v1277885594","1.6.8","-494","","","","0"
"2025-12","Canada","2016A000011124","Losses and adjustments","Distillers grains, total","Metric tonnes","214","units","0","v1277885600","1.6.9","374","","","","0"
"2025-12","Canada","2016A000011124","Losses and adjustments","Renewable fuel plant co-products except distillers grains","Metric tonnes","214","units","0","v1277885558","1.6.10","-868","","","","0"
"2025-12","Canada","2016A000011124","Ending stocks","Renewable fuel plant feedstocks, total","Metric tonnes","214","units","0","v1277885553","1.7.1","169040","","","","0"
"2025-12","Canada","2016A000011124","Ending stocks","Cereal grains, total","Metric tonnes","214","units","0","v1277885564","1.7.2","83083","","","","0"
"2025-12","Canada","2016A000011124","Ending stocks","Vegetable oils, total","Metric tonnes","214","units","0","v1277885569","1.7.3","84895","","","","0"
"2025-12","Canada","2016A000011124","Ending stocks","Other renewable fuel plant feedstocks, total","Metric tonnes","214","units","0","v1277885574","1.7.4","1062","","","","0"
"2025-12","Canada","2016A000011124","Ending stocks","Renewable fuels, total","Cubic metres","72","units","0","v1277885579","1.7.5","157587","","","","0"
"2025-12","Canada","2016A000011124","Ending stocks","Fuel ethanol","Cubic metres","72","units","0","v1277885584","1.7.6","39742","","","","0"
"2025-12","Canada","2016A000011124","Ending stocks","Renewable fuels except fuel ethanol","Cubic metres","72","units","0","v1277885589","1.7.7","117845","","","","0"
"2025-12","Canada","2016A000011124","Ending stocks","Renewable fuel plant co-products, total","Metric tonnes","214","units","0","v1277885595","1.7.8","12121","","","","0"
"2025-12","Canada","2016A000011124","Ending stocks","Distillers grains, total","Metric tonnes","214","units","0","v1277885601","1.7.9","7354","","","","0"
"2025-12","Canada","2016A000011124","Ending stocks","Renewable fuel plant co-products except distillers grains","Metric tonnes","214","units","0","v1277885559","1.7.10","4767","","","","0"
"2026-01","Canada","2016A000011124","Beginning stocks","Renewable fuel plant feedstocks, total","Metric tonnes","214","units","0","v1277885549","1.1.1","168775","","","","0"
"2026-01","Canada","2016A000011124","Beginning stocks","Cereal grains, total","Metric tonnes","214","units","0","v1277885560","1.1.2","83052","","","","0"
"2026-01","Canada","2016A000011124","Beginning stocks","Vegetable oils, total","Metric tonnes","214","units","0","v1277885565","1.1.3","84894","","","","0"
"2026-01","Canada","2016A000011124","Beginning stocks","Other renewable fuel plant feedstocks, total","Metric tonnes","214","units","0","v1277885570","1.1.4","829","","","","0"
"2026-01","Canada","2016A000011124","Beginning stocks","Renewable fuels, total","Cubic metres","72","units","0","v1277885575","1.1.5","157467","","","","0"
"2026-01","Canada","2016A000011124","Beginning stocks","Fuel ethanol","Cubic metres","72","units","0","v1277885580","1.1.6","39742","","","","0"
"2026-01","Canada","2016A000011124","Beginning stocks","Renewable fuels except fuel ethanol","Cubic metres","72","units","0","v1277885585","1.1.7","117725","","","","0"
"2026-01","Canada","2016A000011124","Beginning stocks","Renewable fuel plant co-products, total","Metric tonnes","214","units","0","v1277885590","1.1.8","12003","","","","0"
"2026-01","Canada","2016A000011124","Beginning stocks","Distillers grains, total","Metric tonnes","214","units","0","v1277885596","1.1.9","7354","","","","0"
"2026-01","Canada","2016A000011124","Beginning stocks","Renewable fuel plant co-products except distillers grains","Metric tonnes","214","units","0","v1277885554","1.1.10","4649","","","","0"
"2026-01","Canada","2016A000011124","Receipts","Renewable fuel plant feedstocks, total","Metric tonnes","214","units","0","v1277885550","1.2.1","470449","","","","0"
"2026-01","Canada","2016A000011124","Receipts","Cereal grains, total","Metric tonnes","214","units","0","v1277885561","1.2.2","378935","","","","0"
"2026-01","Canada","2016A000011124","Receipts","Vegetable oils, total","Metric tonnes","214","units","0","v1277885566","1.2.3","89643","","","","0"
"2026-01","Canada","2016A000011124","Receipts","Other renewable fuel plant feedstocks, total","Metric tonnes","214","units","0","v1277885571","1.2.4","1871","","","","0"
"2026-01","Canada","2016A000011124","Receipts","Renewable fuel plant co-products, total","Metric tonnes","214","units","0","v1277885591","1.2.8","","..","","","0"
"2026-01","Canada","2016A000011124","Receipts","Distillers grains, total","Metric tonnes","214","units","0","v1277885597","1.2.9","","..","","","0"
"2026-01","Canada","2016A000011124","Receipts","Renewable fuel plant co-products except distillers grains","Metric tonnes","214","units","0","v1277885555","1.2.10","","..","","","0"
"2026-01","Canada","2016A000011124","Inputs","Renewable fuel plant feedstocks, total","Metric tonnes","214","units","0","v1277885551","1.3.1","510134","","","","0"
"2026-01","Canada","2016A000011124","Inputs","Cereal grains, total","Metric tonnes","214","units","0","v1277885562","1.3.2","382493","","","","0"
"2026-01","Canada","2016A000011124","Inputs","Vegetable oils, total","Metric tonnes","214","units","0","v1277885567","1.3.3","125415","","","","0"
"2026-01","Canada","2016A000011124","Inputs","Other renewable fuel plant feedstocks, total","Metric tonnes","214","units","0","v1277885572","1.3.4","2226","","","","0"
"2026-01","Canada","2016A000011124","Production","Renewable fuels, total","Cubic metres","72","units","0","v1277885576","1.4.5","280535","","","","0"
"2026-01","Canada","2016A000011124","Production","Fuel ethanol","Cubic metres","72","units","0","v1277885581","1.4.6","157190","","","","0"
"2026-01","Canada","2016A000011124","Production","Renewable fuels except fuel ethanol","Cubic metres","72","units","0","v1277885586","1.4.7","123345","","","","0"
"2026-01","Canada","2016A000011124","Production","Renewable fuel plant co-products, total","Metric tonnes","214","units","0","v1277885592","1.4.8","125737","","","","0"
"2026-01","Canada","2016A000011124","Production","Distillers grains, total","Metric tonnes","214","units","0","v1277885598","1.4.9","114709","","","","0"
"2026-01","Canada","2016A000011124","Production","Renewable fuel plant co-products except distillers grains","Metric tonnes","214","units","0","v1277885556","1.4.10","11028","","","","0"
"2026-01","Canada","2016A000011124","Shipments","Renewable fuels, total","Cubic metres","72","units","0","v1277885577","1.5.5","282195","","","","0"
"2026-01","Canada","2016A000011124","Shipments","Fuel ethanol","Cubic metres","72","units","0","v1277885582","1.5.6","155525","","","","0"
"2026-01","Canada","2016A000011124","Shipments","Renewable fuels except fuel ethanol","Cubic metres","72","units","0","v1277885587","1.5.7","126670","","","","0"
"2026-01","Canada","2016A000011124","Shipments","Renewable fuel plant co-products, total","Metric tonnes","214","units","0","v1277885593","1.5.8","122748","","","","0"
"2026-01","Canada","2016A000011124","Shipments","Distillers grains, total","Metric tonnes","214","units","0","v1277885599","1.5.9","110991","","","","0"
"2026-01","Canada","2016A000011124","Shipments","Renewable fuel plant co-products except distillers grains","Metric tonnes","214","units","0","v1277885557","1.5.10","11757","","","","0"
"2026-01","Canada","2016A000011124","Losses and adjustments","Renewable fuel plant feedstocks, total","Metric tonnes","214","units","0","v1277885552","1.6.1","117","","","","0"
"2026-01","Canada","2016A000011124","Losses and adjustments","Cereal grains, total","Metric tonnes","214","units","0","v1277885563","1.6.2","121","","","","0"
"2026-01","Canada","2016A000011124","Losses and adjustments","Vegetable oils, total","Metric tonnes","214","units","0","v1277885568","1.6.3","1","","","","0"
"2026-01","Canada","2016A000011124","Losses and adjustments","Other renewable fuel plant feedstocks, total","Metric tonnes","214","units","0","v1277885573","1.6.4","-5","","","","0"
"2026-01","Canada","2016A000011124","Losses and adjustments","Renewable fuels, total","Cubic metres","72","units","0","v1277885578","1.6.5","241","","","","0"
"2026-01","Canada","2016A000011124","Losses and adjustments","Fuel ethanol","Cubic metres","72","units","0","v1277885583","1.6.6","67","","","","0"
"2026-01","Canada","2016A000011124","Losses and adjustments","Renewable fuels except fuel ethanol","Cubic metres","72","units","0","v1277885588","1.6.7","174","","","","0"
"2026-01","Canada","2016A000011124","Losses and adjustments","Renewable fuel plant co-products, total","Metric tonnes","214","units","0","v1277885594","1.6.8","-8","","","","0"
"2026-01","Canada","2016A000011124","Losses and adjustments","Distillers grains, total","Metric tonnes","214","units","0","v1277885600","1.6.9","363","","","","0"
"2026-01","Canada","2016A000011124","Losses and adjustments","Renewable fuel plant co-products except distillers grains","Metric tonnes","214","units","0","v1277885558","1.6.10","-371","","","","0"
"2026-01","Canada","2016A000011124","Ending stocks","Renewable fuel plant feedstocks, total","Metric tonnes","214","units","0","v1277885553","1.7.1","129097","","","","0"
"2026-01","Canada","2016A000011124","Ending stocks","Cereal grains, total","Metric tonnes","214","units","0","v1277885564","1.7.2","79373","","","","0"
"2026-01","Canada","2016A000011124","Ending stocks","Vegetable oils, total","Metric tonnes","214","units","0","v1277885569","1.7.3","49121","","","","0"
"2026-01","Canada","2016A000011124","Ending stocks","Other renewable fuel plant feedstocks, total","Metric tonnes","214","units","0","v1277885574","1.7.4","603","","","","0"
"2026-01","Canada","2016A000011124","Ending stocks","Renewable fuels, total","Cubic metres","72","units","0","v1277885579","1.7.5","155566","","","","0"
"2026-01","Canada","2016A000011124","Ending stocks","Fuel ethanol","Cubic metres","72","units","0","v1277885584","1.7.6","41340","","","","0"
"2026-01","Canada","2016A000011124","Ending stocks","Renewable fuels except fuel ethanol","Cubic metres","72","units","0","v1277885589","1.7.7","114226","","","","0"
"2026-01","Canada","2016A000011124","Ending stocks","Renewable fuel plant co-products, total","Metric tonnes","214","units","0","v1277885595","1.7.8","13816","","","","0"
"2026-01","Canada","2016A000011124","Ending stocks","Distillers grains, total","Metric tonnes","214","units","0","v1277885601","1.7.9","8963","","","","0"
"2026-01","Canada","2016A000011124","Ending stocks","Renewable fuel plant co-products except distillers grains","Metric tonnes","214","units","0","v1277885559","1.7.10","4853","","","","0"
"2026-02","Canada","2016A000011124","Beginning stocks","Renewable fuel plant feedstocks, total","Metric tonnes","214","units","0","v1277885549","1.1.1","129097","","","","0"
"2026-02","Canada","2016A000011124","Beginning stocks","Cereal grains, total","Metric tonnes","214","units","0","v1277885560","1.1.2","79373","","","","0"
"2026-02","Canada","2016A000011124","Beginning stocks","Vegetable oils, total","Metric tonnes","214","units","0","v1277885565","1.1.3","49121","","","","0"
"2026-02","Canada","2016A000011124","Beginning stocks","Other renewable fuel plant feedstocks, total","Metric tonnes","214","units","0","v1277885570","1.1.4","603","","","","0"
"2026-02","Canada","2016A000011124","Beginning stocks","Renewable fuels, total","Cubic metres","72","units","0","v1277885575","1.1.5","155566","","","","0"
"2026-02","Canada","2016A000011124","Beginning stocks","Fuel ethanol","Cubic metres","72","units","0","v1277885580","1.1.6","41340","","","","0"
"2026-02","Canada","2016A000011124","Beginning stocks","Renewable fuels except fuel ethanol","Cubic metres","72","units","0","v1277885585","1.1.7","114226","","","","0"
"2026-02","Canada","2016A000011124","Beginning stocks","Renewable fuel plant co-products, total","Metric tonnes","214","units","0","v1277885590","1.1.8","13816","","","","0"
"2026-02","Canada","2016A000011124","Beginning stocks","Distillers grains, total","Metric tonnes","214","units","0","v1277885596","1.1.9","8963","","","","0"
"2026-02","Canada","2016A000011124","Beginning stocks","Renewable fuel plant co-products except distillers grains","Metric tonnes","214","units","0","v1277885554","1.1.10","4853","","","","0"
"2026-02","Canada","2016A000011124","Receipts","Renewable fuel plant feedstocks, total","Metric tonnes","214","units","0","v1277885550","1.2.1","442132","","","","0"
"2026-02","Canada","2016A000011124","Receipts","Cereal grains, total","Metric tonnes","214","units","0","v1277885561","1.2.2","345901","","","","0"
"2026-02","Canada","2016A000011124","Receipts","Vegetable oils, total","Metric tonnes","214","units","0","v1277885566","1.2.3","94132","","","","0"
"2026-02","Canada","2016A000011124","Receipts","Other renewable fuel plant feedstocks, total","Metric tonnes","214","units","0","v1277885571","1.2.4","2099","","","","0"
"2026-02","Canada","2016A000011124","Receipts","Renewable fuel plant co-products, total","Metric tonnes","214","units","0","v1277885591","1.2.8","","..","","","0"
"2026-02","Canada","2016A000011124","Receipts","Distillers grains, total","Metric tonnes","214","units","0","v1277885597","1.2.9","","..","","","0"
"2026-02","Canada","2016A000011124","Receipts","Renewable fuel plant co-products except distillers grains","Metric tonnes","214","units","0","v1277885555","1.2.10","","..","","","0"
"2026-02","Canada","2016A000011124","Inputs","Renewable fuel plant feedstocks, total","Metric tonnes","214","units","0","v1277885551","1.3.1","467119","","","","0"
"2026-02","Canada","2016A000011124","Inputs","Cereal grains, total","Metric tonnes","214","units","0","v1277885562","1.3.2","347625","","","","0"
"2026-02","Canada","2016A000011124","Inputs","Vegetable oils, total","Metric tonnes","214","units","0","v1277885567","1.3.3","117287","","","","0"
"2026-02","Canada","2016A000011124","Inputs","Other renewable fuel plant feedstocks, total","Metric tonnes","214","units","0","v1277885572","1.3.4","2207","","","","0"
"2026-02","Canada","2016A000011124","Production","Renewable fuels, total","Cubic metres","72","units","0","v1277885576","1.4.5","272027","","","","0"
"2026-02","Canada","2016A000011124","Production","Fuel ethanol","Cubic metres","72","units","0","v1277885581","1.4.6","149839","","","","0"
"2026-02","Canada","2016A000011124","Production","Renewable fuels except fuel ethanol","Cubic metres","72","units","0","v1277885586","1.4.7","122188","","","","0"
"2026-02","Canada","2016A000011124","Production","Renewable fuel plant co-products, total","Metric tonnes","214","units","0","v1277885592","1.4.8","113501","","","","0"
"2026-02","Canada","2016A000011124","Production","Distillers grains, total","Metric tonnes","214","units","0","v1277885598","1.4.9","104090","","","","0"
"2026-02","Canada","2016A000011124","Production","Renewable fuel plant co-products except distillers grains","Metric tonnes","214","units","0","v1277885556","1.4.10","9411","","","","0"
"2026-02","Canada","2016A000011124","Shipments","Renewable fuels, total","Cubic metres","72","units","0","v1277885577","1.5.5","296556","","","","0"
"2026-02","Canada","2016A000011124","Shipments","Fuel ethanol","Cubic metres","72","units","0","v1277885582","1.5.6","150356","","","","0"
"2026-02","Canada","2016A000011124","Shipments","Renewable fuels except fuel ethanol","Cubic metres","72","units","0","v1277885587","1.5.7","146200","","","","0"
"2026-02","Canada","2016A000011124","Shipments","Renewable fuel plant co-products, total","Metric tonnes","214","units","0","v1277885593","1.5.8","114256","","","","0"
"2026-02","Canada","2016A000011124","Shipments","Distillers grains, total","Metric tonnes","214","units","0","v1277885599","1.5.9","103377","","","","0"
"2026-02","Canada","2016A000011124","Shipments","Renewable fuel plant co-products except distillers grains","Metric tonnes","214","units","0","v1277885557","1.5.10","10879","","","","0"
"2026-02","Canada","2016A000011124","Losses and adjustments","Renewable fuel plant feedstocks, total","Metric tonnes","214","units","0","v1277885552","1.6.1","-235","","","","0"
"2026-02","Canada","2016A000011124","Losses and adjustments","Cereal grains, total","Metric tonnes","214","units","0","v1277885563","1.6.2","66","","","","0"
"2026-02","Canada","2016A000011124","Losses and adjustments","Vegetable oils, total","Metric tonnes","214","units","0","v1277885568","1.6.3","-51","","","","0"
"2026-02","Canada","2016A000011124","Losses and adjustments","Other renewable fuel plant feedstocks, total","Metric tonnes","214","units","0","v1277885573","1.6.4","-250","","","","0"
"2026-02","Canada","2016A000011124","Losses and adjustments","Renewable fuels, total","Cubic metres","72","units","0","v1277885578","1.6.5","375","","","","0"
"2026-02","Canada","2016A000011124","Losses and adjustments","Fuel ethanol","Cubic metres","72","units","0","v1277885583","1.6.6","411","","","","0"
"2026-02","Canada","2016A000011124","Losses and adjustments","Renewable fuels except fuel ethanol","Cubic metres","72","units","0","v1277885588","1.6.7","-36","","","","0"
"2026-02","Canada","2016A000011124","Losses and adjustments","Renewable fuel plant co-products, total","Metric tonnes","214","units","0","v1277885594","1.6.8","-145","","","","0"
"2026-02","Canada","2016A000011124","Losses and adjustments","Distillers grains, total","Metric tonnes","214","units","0","v1277885600","1.6.9","25","","","","0"
"2026-02","Canada","2016A000011124","Losses and adjustments","Renewable fuel plant co-products except distillers grains","Metric tonnes","214","units","0","v1277885558","1.6.10","-170","","","","0"
"2026-02","Canada","2016A000011124","Ending stocks","Renewable fuel plant feedstocks, total","Metric tonnes","214","units","0","v1277885553","1.7.1","104467","","","","0"
"2026-02","Canada","2016A000011124","Ending stocks","Cereal grains, total","Metric tonnes","214","units","0","v1277885564","1.7.2","77583","","","","0"
"2026-02","Canada","2016A000011124","Ending stocks","Vegetable oils, total","Metric tonnes","214","units","0","v1277885569","1.7.3","26013","","","","0"
"2026-02","Canada","2016A000011124","Ending stocks","Other renewable fuel plant feedstocks, total","Metric tonnes","214","units","0","v1277885574","1.7.4","871","","","","0"
"2026-02","Canada","2016A000011124","Ending stocks","Renewable fuels, total","Cubic metres","72","units","0","v1277885579","1.7.5","130701","","","","0"
"2026-02","Canada","2016A000011124","Ending stocks","Fuel ethanol","Cubic metres","72","units","0","v1277885584","1.7.6","40451","","","","0"
"2026-02","Canada","2016A000011124","Ending stocks","Renewable fuels except fuel ethanol","Cubic metres","72","units","0","v1277885589","1.7.7","90250","","","","0"
"2026-02","Canada","2016A000011124","Ending stocks","Renewable fuel plant co-products, total","Metric tonnes","214","units","0","v1277885595","1.7.8","12626","","","","0"
"2026-02","Canada","2016A000011124","Ending stocks","Distillers grains, total","Metric tonnes","214","units","0","v1277885601","1.7.9","8334","","","","0"
"2026-02","Canada","2016A000011124","Ending stocks","Renewable fuel plant co-products except distillers grains","Metric tonnes","214","units","0","v1277885559","1.7.10","4292","","","","0"
"2026-03","Canada","2016A000011124","Beginning stocks","Renewable fuel plant feedstocks, total","Metric tonnes","214","units","0","v1277885549","1.1.1","104467","","","","0"
"2026-03","Canada","2016A000011124","Beginning stocks","Cereal grains, total","Metric tonnes","214","units","0","v1277885560","1.1.2","77583","","","","0"
"2026-03","Canada","2016A000011124","Beginning stocks","Vegetable oils, total","Metric tonnes","214","units","0","v1277885565","1.1.3","26013","","","","0"
"2026-03","Canada","2016A000011124","Beginning stocks","Other renewable fuel plant feedstocks, total","Metric tonnes","214","units","0","v1277885570","1.1.4","871","","","","0"
"2026-03","Canada","2016A000011124","Beginning stocks","Renewable fuels, total","Cubic metres","72","units","0","v1277885575","1.1.5","130701","","","","0"
"2026-03","Canada","2016A000011124","Beginning stocks","Fuel ethanol","Cubic metres","72","units","0","v1277885580","1.1.6","40451","","","","0"
"2026-03","Canada","2016A000011124","Beginning stocks","Renewable fuels except fuel ethanol","Cubic metres","72","units","0","v1277885585","1.1.7","90250","","","","0"
"2026-03","Canada","2016A000011124","Beginning stocks","Renewable fuel plant co-products, total","Metric tonnes","214","units","0","v1277885590","1.1.8","12626","","","","0"
"2026-03","Canada","2016A000011124","Beginning stocks","Distillers grains, total","Metric tonnes","214","units","0","v1277885596","1.1.9","8334","","","","0"
"2026-03","Canada","2016A000011124","Beginning stocks","Renewable fuel plant co-products except distillers grains","Metric tonnes","214","units","0","v1277885554","1.1.10","4292","","","","0"
"2026-03","Canada","2016A000011124","Receipts","Renewable fuel plant feedstocks, total","Metric tonnes","214","units","0","v1277885550","1.2.1","607216","","","","0"
"2026-03","Canada","2016A000011124","Receipts","Cereal grains, total","Metric tonnes","214","units","0","v1277885561","1.2.2","404748","","","","0"
"2026-03","Canada","2016A000011124","Receipts","Vegetable oils, total","Metric tonnes","214","units","0","v1277885566","1.2.3","198110","","","","0"
"2026-03","Canada","2016A000011124","Receipts","Other renewable fuel plant feedstocks, total","Metric tonnes","214","units","0","v1277885571","1.2.4","4358","","","","0"
"2026-03","Canada","2016A000011124","Receipts","Renewable fuel plant co-products, total","Metric tonnes","214","units","0","v1277885591","1.2.8","","..","","","0"
"2026-03","Canada","2016A000011124","Receipts","Distillers grains, total","Metric tonnes","214","units","0","v1277885597","1.2.9","","..","","","0"
"2026-03","Canada","2016A000011124","Receipts","Renewable fuel plant co-products except distillers grains","Metric tonnes","214","units","0","v1277885555","1.2.10","","..","","","0"
"2026-03","Canada","2016A000011124","Inputs","Renewable fuel plant feedstocks, total","Metric tonnes","214","units","0","v1277885551","1.3.1","556494","","","","0"
"2026-03","Canada","2016A000011124","Inputs","Cereal grains, total","Metric tonnes","214","units","0","v1277885562","1.3.2","394096","","","","0"
"2026-03","Canada","2016A000011124","Inputs","Vegetable oils, total","Metric tonnes","214","units","0","v1277885567","1.3.3","157906","","","","0"
"2026-03","Canada","2016A000011124","Inputs","Other renewable fuel plant feedstocks, total","Metric tonnes","214","units","0","v1277885572","1.3.4","4492","","","","0"
"2026-03","Canada","2016A000011124","Production","Renewable fuels, total","Cubic metres","72","units","0","v1277885576","1.4.5","329286","","","","0"
"2026-03","Canada","2016A000011124","Production","Fuel ethanol","Cubic metres","72","units","0","v1277885581","1.4.6","164593","","","","0"
"2026-03","Canada","2016A000011124","Production","Renewable fuels except fuel ethanol","Cubic metres","72","units","0","v1277885586","1.4.7","164693","","","","0"
"2026-03","Canada","2016A000011124","Production","Renewable fuel plant co-products, total","Metric tonnes","214","units","0","v1277885592","1.4.8","132619","","","","0"
"2026-03","Canada","2016A000011124","Production","Distillers grains, total","Metric tonnes","214","units","0","v1277885598","1.4.9","119317","","","","0"
"2026-03","Canada","2016A000011124","Production","Renewable fuel plant co-products except distillers grains","Metric tonnes","214","units","0","v1277885556","1.4.10","13302","","","","0"
"2026-03","Canada","2016A000011124","Shipments","Renewable fuels, total","Cubic metres","72","units","0","v1277885577","1.5.5","296567","","","","0"
"2026-03","Canada","2016A000011124","Shipments","Fuel ethanol","Cubic metres","72","units","0","v1277885582","1.5.6","165527","","","","0"
"2026-03","Canada","2016A000011124","Shipments","Renewable fuels except fuel ethanol","Cubic metres","72","units","0","v1277885587","1.5.7","131040","","","","0"
"2026-03","Canada","2016A000011124","Shipments","Renewable fuel plant co-products, total","Metric tonnes","214","units","0","v1277885593","1.5.8","130957","","","","0"
"2026-03","Canada","2016A000011124","Shipments","Distillers grains, total","Metric tonnes","214","units","0","v1277885599","1.5.9","116267","","","","0"
"2026-03","Canada","2016A000011124","Shipments","Renewable fuel plant co-products except distillers grains","Metric tonnes","214","units","0","v1277885557","1.5.10","14690","","","","0"
"2026-03","Canada","2016A000011124","Losses and adjustments","Renewable fuel plant feedstocks, total","Metric tonnes","214","units","0","v1277885552","1.6.1","477","","","","0"
"2026-03","Canada","2016A000011124","Losses and adjustments","Cereal grains, total","Metric tonnes","214","units","0","v1277885563","1.6.2","484","","","","0"
"2026-03","Canada","2016A000011124","Losses and adjustments","Vegetable oils, total","Metric tonnes","214","units","0","v1277885568","1.6.3","0","","","","0"
"2026-03","Canada","2016A000011124","Losses and adjustments","Other renewable fuel plant feedstocks, total","Metric tonnes","214","units","0","v1277885573","1.6.4","-7","","","","0"
"2026-03","Canada","2016A000011124","Losses and adjustments","Renewable fuels, total","Cubic metres","72","units","0","v1277885578","1.6.5","92","","","","0"
"2026-03","Canada","2016A000011124","Losses and adjustments","Fuel ethanol","Cubic metres","72","units","0","v1277885583","1.6.6","-53","","","","0"
"2026-03","Canada","2016A000011124","Losses and adjustments","Renewable fuels except fuel ethanol","Cubic metres","72","units","0","v1277885588","1.6.7","145","","","","0"
"2026-03","Canada","2016A000011124","Losses and adjustments","Renewable fuel plant co-products, total","Metric tonnes","214","units","0","v1277885594","1.6.8","-709","","","","0"
"2026-03","Canada","2016A000011124","Losses and adjustments","Distillers grains, total","Metric tonnes","214","units","0","v1277885600","1.6.9","-237","","","","0"
"2026-03","Canada","2016A000011124","Losses and adjustments","Renewable fuel plant co-products except distillers grains","Metric tonnes","214","units","0","v1277885558","1.6.10","-472","","","","0"
"2026-03","Canada","2016A000011124","Ending stocks","Renewable fuel plant feedstocks, total","Metric tonnes","214","units","0","v1277885553","1.7.1","155005","","","","0"
"2026-03","Canada","2016A000011124","Ending stocks","Cereal grains, total","Metric tonnes","214","units","0","v1277885564","1.7.2","87751","","","","0"
"2026-03","Canada","2016A000011124","Ending stocks","Vegetable oils, total","Metric tonnes","214","units","0","v1277885569","1.7.3","66217","","","","0"
"2026-03","Canada","2016A000011124","Ending stocks","Other renewable fuel plant feedstocks, total","Metric tonnes","214","units","0","v1277885574","1.7.4","1037","","","","0"
"2026-03","Canada","2016A000011124","Ending stocks","Renewable fuels, total","Cubic metres","72","units","0","v1277885579","1.7.5","163364","","","","0"
"2026-03","Canada","2016A000011124","Ending stocks","Fuel ethanol","Cubic metres","72","units","0","v1277885584","1.7.6","39606","","","","0"
"2026-03","Canada","2016A000011124","Ending stocks","Renewable fuels except fuel ethanol","Cubic metres","72","units","0","v1277885589","1.7.7","123758","","","","0"
"2026-03","Canada","2016A000011124","Ending stocks","Renewable fuel plant co-products, total","Metric tonnes","214","units","0","v1277885595","1.7.8","14843","","","","0"
"2026-03","Canada","2016A000011124","Ending stocks","Distillers grains, total","Metric tonnes","214","units","0","v1277885601","1.7.9","10185","","","","0"
"2026-03","Canada","2016A000011124","Ending stocks","Renewable fuel plant co-products except distillers grains","Metric tonnes","214","units","0","v1277885559","1.7.10","4658","","","","0"
"2026-04","Canada","2016A000011124","Beginning stocks","Renewable fuel plant feedstocks, total","Metric tonnes","214","units","0","v1277885549","1.1.1","155005","","","","0"
"2026-04","Canada","2016A000011124","Beginning stocks","Cereal grains, total","Metric tonnes","214","units","0","v1277885560","1.1.2","87751","","","","0"
"2026-04","Canada","2016A000011124","Beginning stocks","Vegetable oils, total","Metric tonnes","214","units","0","v1277885565","1.1.3","66217","","","","0"
"2026-04","Canada","2016A000011124","Beginning stocks","Other renewable fuel plant feedstocks, total","Metric tonnes","214","units","0","v1277885570","1.1.4","1037","","","","0"
"2026-04","Canada","2016A000011124","Beginning stocks","Renewable fuels, total","Cubic metres","72","units","0","v1277885575","1.1.5","163364","","","","0"
"2026-04","Canada","2016A000011124","Beginning stocks","Fuel ethanol","Cubic metres","72","units","0","v1277885580","1.1.6","39606","","","","0"
"2026-04","Canada","2016A000011124","Beginning stocks","Renewable fuels except fuel ethanol","Cubic metres","72","units","0","v1277885585","1.1.7","123758","","","","0"
"2026-04","Canada","2016A000011124","Beginning stocks","Renewable fuel plant co-products, total","Metric tonnes","214","units","0","v1277885590","1.1.8","14843","","","","0"
"2026-04","Canada","2016A000011124","Beginning stocks","Distillers grains, total","Metric tonnes","214","units","0","v1277885596","1.1.9","10185","","","","0"
"2026-04","Canada","2016A000011124","Beginning stocks","Renewable fuel plant co-products except distillers grains","Metric tonnes","214","units","0","v1277885554","1.1.10","4658","","","","0"
"2026-04","Canada","2016A000011124","Receipts","Renewable fuel plant feedstocks, total","Metric tonnes","214","units","0","v1277885550","1.2.1","533888","","","","0"
"2026-04","Canada","2016A000011124","Receipts","Cereal grains, total","Metric tonnes","214","units","0","v1277885561","1.2.2","341063","","","","0"
"2026-04","Canada","2016A000011124","Receipts","Vegetable oils, total","Metric tonnes","214","units","0","v1277885566","1.2.3","187972","","","","0"
"2026-04","Canada","2016A000011124","Receipts","Other renewable fuel plant feedstocks, total","Metric tonnes","214","units","0","v1277885571","1.2.4","4853","","","","0"
"2026-04","Canada","2016A000011124","Receipts","Renewable fuel plant co-products, total","Metric tonnes","214","units","0","v1277885591","1.2.8","","..","","","0"
"2026-04","Canada","2016A000011124","Receipts","Distillers grains, total","Metric tonnes","214","units","0","v1277885597","1.2.9","","..","","","0"
"2026-04","Canada","2016A000011124","Receipts","Renewable fuel plant co-products except distillers grains","Metric tonnes","214","units","0","v1277885555","1.2.10","","..","","","0"
"2026-04","Canada","2016A000011124","Inputs","Renewable fuel plant feedstocks, total","Metric tonnes","214","units","0","v1277885551","1.3.1","501714","","","","0"
"2026-04","Canada","2016A000011124","Inputs","Cereal grains, total","Metric tonnes","214","units","0","v1277885562","1.3.2","343716","","","","0"
"2026-04","Canada","2016A000011124","Inputs","Vegetable oils, total","Metric tonnes","214","units","0","v1277885567","1.3.3","152578","","","","0"
"2026-04","Canada","2016A000011124","Inputs","Other renewable fuel plant feedstocks, total","Metric tonnes","214","units","0","v1277885572","1.3.4","5420","","","","0"
"2026-04","Canada","2016A000011124","Production","Renewable fuels, total","Cubic metres","72","units","0","v1277885576","1.4.5","304717","","","","0"
"2026-04","Canada","2016A000011124","Production","Fuel ethanol","Cubic metres","72","units","0","v1277885581","1.4.6","143195","","","","0"
"2026-04","Canada","2016A000011124","Production","Renewable fuels except fuel ethanol","Cubic metres","72","units","0","v1277885586","1.4.7","161522","","","","0"
"2026-04","Canada","2016A000011124","Production","Renewable fuel plant co-products, total","Metric tonnes","214","units","0","v1277885592","1.4.8","118218","","","","0"
"2026-04","Canada","2016A000011124","Production","Distillers grains, total","Metric tonnes","214","units","0","v1277885598","1.4.9","105155","","","","0"
"2026-04","Canada","2016A000011124","Production","Renewable fuel plant co-products except distillers grains","Metric tonnes","214","units","0","v1277885556","1.4.10","13063","","","","0"
"2026-04","Canada","2016A000011124","Shipments","Renewable fuels, total","Cubic metres","72","units","0","v1277885577","1.5.5","290191","","","","0"
"2026-04","Canada","2016A000011124","Shipments","Fuel ethanol","Cubic metres","72","units","0","v1277885582","1.5.6","145018","","","","0"
"2026-04","Canada","2016A000011124","Shipments","Renewable fuels except fuel ethanol","Cubic metres","72","units","0","v1277885587","1.5.7","145173","","","","0"
"2026-04","Canada","2016A000011124","Shipments","Renewable fuel plant co-products, total","Metric tonnes","214","units","0","v1277885593","1.5.8","125722","","","","0"
"2026-04","Canada","2016A000011124","Shipments","Distillers grains, total","Metric tonnes","214","units","0","v1277885599","1.5.9","110504","","","","0"
"2026-04","Canada","2016A000011124","Shipments","Renewable fuel plant co-products except distillers grains","Metric tonnes","214","units","0","v1277885557","1.5.10","15218","","","","0"
"2026-04","Canada","2016A000011124","Losses and adjustments","Renewable fuel plant feedstocks, total","Metric tonnes","214","units","0","v1277885552","1.6.1","176","","","","0"
"2026-04","Canada","2016A000011124","Losses and adjustments","Cereal grains, total","Metric tonnes","214","units","0","v1277885563","1.6.2","176","","","","0"
"2026-04","Canada","2016A000011124","Losses and adjustments","Vegetable oils, total","Metric tonnes","214","units","0","v1277885568","1.6.3","1","","","","0"
"2026-04","Canada","2016A000011124","Losses and adjustments","Other renewable fuel plant feedstocks, total","Metric tonnes","214","units","0","v1277885573","1.6.4","-1","","","","0"
"2026-04","Canada","2016A000011124","Losses and adjustments","Renewable fuels, total","Cubic metres","72","units","0","v1277885578","1.6.5","164","","","","0"
"2026-04","Canada","2016A000011124","Losses and adjustments","Fuel ethanol","Cubic metres","72","units","0","v1277885583","1.6.6","-84","","","","0"
"2026-04","Canada","2016A000011124","Losses and adjustments","Renewable fuels except fuel ethanol","Cubic metres","72","units","0","v1277885588","1.6.7","248","","","","0"
"2026-04","Canada","2016A000011124","Losses and adjustments","Renewable fuel plant co-products, total","Metric tonnes","214","units","0","v1277885594","1.6.8","-619","","","","0"
"2026-04","Canada","2016A000011124","Losses and adjustments","Distillers grains, total","Metric tonnes","214","units","0","v1277885600","1.6.9","-39","","","","0"
"2026-04","Canada","2016A000011124","Losses and adjustments","Renewable fuel plant co-products except distillers grains","Metric tonnes","214","units","0","v1277885558","1.6.10","-580","","","","0"
"2026-04","Canada","2016A000011124","Ending stocks","Renewable fuel plant feedstocks, total","Metric tonnes","214","units","0","v1277885553","1.7.1","187409","","","","0"
"2026-04","Canada","2016A000011124","Ending stocks","Cereal grains, total","Metric tonnes","214","units","0","v1277885564","1.7.2","84922","","","","0"
"2026-04","Canada","2016A000011124","Ending stocks","Vegetable oils, total","Metric tonnes","214","units","0","v1277885569","1.7.3","101599","","","","0"
"2026-04","Canada","2016A000011124","Ending stocks","Other renewable fuel plant feedstocks, total","Metric tonnes","214","units","0","v1277885574","1.7.4","888","","","","0"
"2026-04","Canada","2016A000011124","Ending stocks","Renewable fuels, total","Cubic metres","72","units","0","v1277885579","1.7.5","177726","","","","0"
"2026-04","Canada","2016A000011124","Ending stocks","Fuel ethanol","Cubic metres","72","units","0","v1277885584","1.7.6","37867","","","","0"
"2026-04","Canada","2016A000011124","Ending stocks","Renewable fuels except fuel ethanol","Cubic metres","72","units","0","v1277885589","1.7.7","139859","","","","0"
"2026-04","Canada","2016A000011124","Ending stocks","Renewable fuel plant co-products, total","Metric tonnes","214","units","0","v1277885595","1.7.8","7950","","","","0"
"2026-04","Canada","2016A000011124","Ending stocks","Distillers grains, total","Metric tonnes","214","units","0","v1277885601","1.7.9","3609","","","","0"
"2026-04","Canada","2016A000011124","Ending stocks","Renewable fuel plant co-products except distillers grains","Metric tonnes","214","units","0","v1277885559","1.7.10","4341","","","","0"
"2026-05","Canada","2016A000011124","Beginning stocks","Renewable fuel plant feedstocks, total","Metric tonnes","214","units","0","v1277885549","1.1.1","187409","","","","0"
"2026-05","Canada","2016A000011124","Beginning stocks","Cereal grains, total","Metric tonnes","214","units","0","v1277885560","1.1.2","84922","","","","0"
"2026-05","Canada","2016A000011124","Beginning stocks","Vegetable oils, total","Metric tonnes","214","units","0","v1277885565","1.1.3","101599","","","","0"
"2026-05","Canada","2016A000011124","Beginning stocks","Other renewable fuel plant feedstocks, total","Metric tonnes","214","units","0","v1277885570","1.1.4","888","","","","0"
"2026-05","Canada","2016A000011124","Beginning stocks","Renewable fuels, total","Cubic metres","72","units","0","v1277885575","1.1.5","177726","","","","0"
"2026-05","Canada","2016A000011124","Beginning stocks","Fuel ethanol","Cubic metres","72","units","0","v1277885580","1.1.6","37867","","","","0"
"2026-05","Canada","2016A000011124","Beginning stocks","Renewable fuels except fuel ethanol","Cubic metres","72","units","0","v1277885585","1.1.7","139859","","","","0"
"2026-05","Canada","2016A000011124","Beginning stocks","Renewable fuel plant co-products, total","Metric tonnes","214","units","0","v1277885590","1.1.8","7950","","","","0"
"2026-05","Canada","2016A000011124","Beginning stocks","Distillers grains, total","Metric tonnes","214","units","0","v1277885596","1.1.9","3609","","","","0"
"2026-05","Canada","2016A000011124","Beginning stocks","Renewable fuel plant co-products except distillers grains","Metric tonnes","214","units","0","v1277885554","1.1.10","4341","","","","0"
"2026-05","Canada","2016A000011124","Receipts","Renewable fuel plant feedstocks, total","Metric tonnes","214","units","0","v1277885550","1.2.1","536875","","","","0"
"2026-05","Canada","2016A000011124","Receipts","Cereal grains, total","Metric tonnes","214","units","0","v1277885561","1.2.2","374856","","","","0"
"2026-05","Canada","2016A000011124","Receipts","Vegetable oils, total","Metric tonnes","214","units","0","v1277885566","1.2.3","157197","","","","0"
"2026-05","Canada","2016A000011124","Receipts","Other renewable fuel plant feedstocks, total","Metric tonnes","214","units","0","v1277885571","1.2.4","4822","","","","0"
"2026-05","Canada","2016A000011124","Receipts","Renewable fuel plant co-products, total","Metric tonnes","214","units","0","v1277885591","1.2.8","","..","","","0"
"2026-05","Canada","2016A000011124","Receipts","Distillers grains, total","Metric tonnes","214","units","0","v1277885597","1.2.9","","..","","","0"
"2026-05","Canada","2016A000011124","Receipts","Renewable fuel plant co-products except distillers grains","Metric tonnes","214","units","0","v1277885555","1.2.10","","..","","","0"
"2026-05","Canada","2016A000011124","Inputs","Renewable fuel plant feedstocks, total","Metric tonnes","214","units","0","v1277885551","1.3.1","547094","","","","0"
"2026-05","Canada","2016A000011124","Inputs","Cereal grains, total","Metric tonnes","214","units","0","v1277885562","1.3.2","374386","","","","0"
"2026-05","Canada","2016A000011124","Inputs","Vegetable oils, total","Metric tonnes","214","units","0","v1277885567","1.3.3","167515","","","","0"
"2026-05","Canada","2016A000011124","Inputs","Other renewable fuel plant feedstocks, total","Metric tonnes","214","units","0","v1277885572","1.3.4","5193","","","","0"
"2026-05","Canada","2016A000011124","Production","Renewable fuels, total","Cubic metres","72","units","0","v1277885576","1.4.5","334090","","","","0"
"2026-05","Canada","2016A000011124","Production","Fuel ethanol","Cubic metres","72","units","0","v1277885581","1.4.6","156262","","","","0"
"2026-05","Canada","2016A000011124","Production","Renewable fuels except fuel ethanol","Cubic metres","72","units","0","v1277885586","1.4.7","177828","","","","0"
"2026-05","Canada","2016A000011124","Production","Renewable fuel plant co-products, total","Metric tonnes","214","units","0","v1277885592","1.4.8","129252","","","","0"
"2026-05","Canada","2016A000011124","Production","Distillers grains, total","Metric tonnes","214","units","0","v1277885598","1.4.9","115100","","","","0"
"2026-05","Canada","2016A000011124","Production","Renewable fuel plant co-products except distillers grains","Metric tonnes","214","units","0","v1277885556","1.4.10","14152","","","","0"
"2026-05","Canada","2016A000011124","Shipments","Renewable fuels, total","Cubic metres","72","units","0","v1277885577","1.5.5","305115","","","","0"
"2026-05","Canada","2016A000011124","Shipments","Fuel ethanol","Cubic metres","72","units","0","v1277885582","1.5.6","153996","","","","0"
"2026-05","Canada","2016A000011124","Shipments","Renewable fuels except fuel ethanol","Cubic metres","72","units","0","v1277885587","1.5.7","151119","","","","0"
"2026-05","Canada","2016A000011124","Shipments","Renewable fuel plant co-products, total","Metric tonnes","214","units","0","v1277885593","1.5.8","120934","","","","0"
"2026-05","Canada","2016A000011124","Shipments","Distillers grains, total","Metric tonnes","214","units","0","v1277885599","1.5.9","105483","","","","0"
"2026-05","Canada","2016A000011124","Shipments","Renewable fuel plant co-products except distillers grains","Metric tonnes","214","units","0","v1277885557","1.5.10","15451","","","","0"
"2026-05","Canada","2016A000011124","Losses and adjustments","Renewable fuel plant feedstocks, total","Metric tonnes","214","units","0","v1277885552","1.6.1","-223","","","","0"
"2026-05","Canada","2016A000011124","Losses and adjustments","Cereal grains, total","Metric tonnes","214","units","0","v1277885563","1.6.2","-215","","","","0"
"2026-05","Canada","2016A000011124","Losses and adjustments","Vegetable oils, total","Metric tonnes","214","units","0","v1277885568","1.6.3","0","","","","0"
"2026-05","Canada","2016A000011124","Losses and adjustments","Other renewable fuel plant feedstocks, total","Metric tonnes","214","units","0","v1277885573","1.6.4","-8","","","","0"
"2026-05","Canada","2016A000011124","Losses and adjustments","Renewable fuels, total","Cubic metres","72","units","0","v1277885578","1.6.5","-297","","","","0"
"2026-05","Canada","2016A000011124","Losses and adjustments","Fuel ethanol","Cubic metres","72","units","0","v1277885583","1.6.6","-82","","","","0"
"2026-05","Canada","2016A000011124","Losses and adjustments","Renewable fuels except fuel ethanol","Cubic metres","72","units","0","v1277885588","1.6.7","-215","","","","0"
"2026-05","Canada","2016A000011124","Losses and adjustments","Renewable fuel plant co-products, total","Metric tonnes","214","units","0","v1277885594","1.6.8","-391","","","","0"
"2026-05","Canada","2016A000011124","Losses and adjustments","Distillers grains, total","Metric tonnes","214","units","0","v1277885600","1.6.9","-35","","","","0"
"2026-05","Canada","2016A000011124","Losses and adjustments","Renewable fuel plant co-products except distillers grains","Metric tonnes","214","units","0","v1277885558","1.6.10","-356","","","","0"
"2026-05","Canada","2016A000011124","Ending stocks","Renewable fuel plant feedstocks, total","Metric tonnes","214","units","0","v1277885553","1.7.1","177727","","","","0"
"2026-05","Canada","2016A000011124","Ending stocks","Cereal grains, total","Metric tonnes","214","units","0","v1277885564","1.7.2","85607","","","","0"
"2026-05","Canada","2016A000011124","Ending stocks","Vegetable oils, total","Metric tonnes","214","units","0","v1277885569","1.7.3","91266","","","","0"
"2026-05","Canada","2016A000011124","Ending stocks","Other renewable fuel plant feedstocks, total","Metric tonnes","214","units","0","v1277885574","1.7.4","854","","","","0"
"2026-05","Canada","2016A000011124","Ending stocks","Renewable fuels, total","Cubic metres","72","units","0","v1277885579","1.7.5","207037","","","","0"
"2026-05","Canada","2016A000011124","Ending stocks","Fuel ethanol","Cubic metres","72","units","0","v1277885584","1.7.6","40254","","","","0"
"2026-05","Canada","2016A000011124","Ending stocks","Renewable fuels except fuel ethanol","Cubic metres","72","units","0","v1277885589","1.7.7","166783","","","","0"
"2026-05","Canada","2016A000011124","Ending stocks","Renewable fuel plant co-products, total","Metric tonnes","214","units","0","v1277885595","1.7.8","17029","","","","0"
"2026-05","Canada","2016A000011124","Ending stocks","Distillers grains, total","Metric tonnes","214","units","0","v1277885601","1.7.9","12385","","","","0"
"2026-05","Canada","2016A000011124","Ending stocks","Renewable fuel plant co-products except distillers grains","Metric tonnes","214","units","0","v1277885559","1.7.10","4644","","","","0"
"2026-06","Canada","2016A000011124","Beginning stocks","Renewable fuel plant feedstocks, total","Metric tonnes","214","units","0","v1277885549","1.1.1","177727","","","","0"
"2026-06","Canada","2016A000011124","Beginning stocks","Cereal grains, total","Metric tonnes","214","units","0","v1277885560","1.1.2","85607","","","","0"
"2026-06","Canada","2016A000011124","Beginning stocks","Vegetable oils, total","Metric tonnes","214","units","0","v1277885565","1.1.3","91266","","","","0"
"2026-06","Canada","2016A000011124","Beginning stocks","Other renewable fuel plant feedstocks, total","Metric tonnes","214","units","0","v1277885570","1.1.4","854","","","","0"
"2026-06","Canada","2016A000011124","Beginning stocks","Renewable fuels, total","Cubic metres","72","units","0","v1277885575","1.1.5","207037","","","","0"
"2026-06","Canada","2016A000011124","Beginning stocks","Fuel ethanol","Cubic metres","72","units","0","v1277885580","1.1.6","40254","","","","0"
"2026-06","Canada","2016A000011124","Beginning stocks","Renewable fuels except fuel ethanol","Cubic metres","72","units","0","v1277885585","1.1.7","166783","","","","0"
"2026-06","Canada","2016A000011124","Beginning stocks","Renewable fuel plant co-products, total","Metric tonnes","214","units","0","v1277885590","1.1.8","17029","","","","0"
"2026-06","Canada","2016A000011124","Beginning stocks","Distillers grains, total","Metric tonnes","214","units","0","v1277885596","1.1.9","12385","","","","0"
"2026-06","Canada","2016A000011124","Beginning stocks","Renewable fuel plant co-products except distillers grains","Metric tonnes","214","units","0","v1277885554","1.1.10","4644","","","","0"
"2026-06","Canada","2016A000011124","Receipts","Renewable fuel plant feedstocks, total","Metric tonnes","214","units","0","v1277885550","1.2.1","557087","","","","0"
"2026-06","Canada","2016A000011124","Receipts","Cereal grains, total","Metric tonnes","214","units","0","v1277885561","1.2.2","424684","","","","0"
"2026-06","Canada","2016A000011124","Receipts","Vegetable oils, total","Metric tonnes","214","units","0","v1277885566","1.2.3","126510","","","","0"
"2026-06","Canada","2016A000011124","Receipts","Other renewable fuel plant feedstocks, total","Metric tonnes","214","units","0","v1277885571","1.2.4","5893","","","","0"
"2026-06","Canada","2016A000011124","Receipts","Renewable fuel plant co-products, total","Metric tonnes","214","units","0","v1277885591","1.2.8","","..","","","0"
"2026-06","Canada","2016A000011124","Receipts","Distillers grains, total","Metric tonnes","214","units","0","v1277885597","1.2.9","","..","","","0"
"2026-06","Canada","2016A000011124","Receipts","Renewable fuel plant co-products except distillers grains","Metric tonnes","214","units","0","v1277885555","1.2.10","","..","","","0"
"2026-06","Canada","2016A000011124","Inputs","Renewable fuel plant feedstocks, total","Metric tonnes","214","units","0","v1277885551","1.3.1","493718","","","","0"
"2026-06","Canada","2016A000011124","Inputs","Cereal grains, total","Metric tonnes","214","units","0","v1277885562","1.3.2","379858","","","","0"
"2026-06","Canada","2016A000011124","Inputs","Vegetable oils, total","Metric tonnes","214","units","0","v1277885567","1.3.3","107957","","","","0"
"2026-06","Canada","2016A000011124","Inputs","Other renewable fuel plant feedstocks, total","Metric tonnes","214","units","0","v1277885572","1.3.4","5903","","","","0"
"2026-06","Canada","2016A000011124","Production","Renewable fuels, total","Cubic metres","72","units","0","v1277885576","1.4.5","264627","","","","0"
"2026-06","Canada","2016A000011124","Production","Fuel ethanol","Cubic metres","72","units","0","v1277885581","1.4.6","156482","","","","0"
"2026-06","Canada","2016A000011124","Production","Renewable fuels except fuel ethanol","Cubic metres","72","units","0","v1277885586","1.4.7","108145","","","","0"
"2026-06","Canada","2016A000011124","Production","Renewable fuel plant co-products, total","Metric tonnes","214","units","0","v1277885592","1.4.8","128288","","","","0"
"2026-06","Canada","2016A000011124","Production","Distillers grains, total","Metric tonnes","214","units","0","v1277885598","1.4.9","110886","","","","0"
"2026-06","Canada","2016A000011124","Production","Renewable fuel plant co-products except distillers grains","Metric tonnes","214","units","0","v1277885556","1.4.10","17402","","","","0"
"2026-06","Canada","2016A000011124","Shipments","Renewable fuels, total","Cubic metres","72","units","0","v1277885577","1.5.5","322315","","","","0"
"2026-06","Canada","2016A000011124","Shipments","Fuel ethanol","Cubic metres","72","units","0","v1277885582","1.5.6","159017","","","","0"
"2026-06","Canada","2016A000011124","Shipments","Renewable fuels except fuel ethanol","Cubic metres","72","units","0","v1277885587","1.5.7","163298","","","","0"
"2026-06","Canada","2016A000011124","Shipments","Renewable fuel plant co-products, total","Metric tonnes","214","units","0","v1277885593","1.5.8","133402","","","","0"
"2026-06","Canada","2016A000011124","Shipments","Distillers grains, total","Metric tonnes","214","units","0","v1277885599","1.5.9","112984","","","","0"
"2026-06","Canada","2016A000011124","Shipments","Renewable fuel plant co-products except distillers grains","Metric tonnes","214","units","0","v1277885557","1.5.10","20418","","","","0"
"2026-06","Canada","2016A000011124","Losses and adjustments","Renewable fuel plant feedstocks, total","Metric tonnes","214","units","0","v1277885552","1.6.1","258","","","","0"
"2026-06","Canada","2016A000011124","Losses and adjustments","Cereal grains, total","Metric tonnes","214","units","0","v1277885563","1.6.2","144","","","","0"
"2026-06","Canada","2016A000011124","Losses and adjustments","Vegetable oils, total","Metric tonnes","214","units","0","v1277885568","1.6.3","67","","","","0"
"2026-06","Canada","2016A000011124","Losses and adjustments","Other renewable fuel plant feedstocks, total","Metric tonnes","214","units","0","v1277885573","1.6.4","47","","","","0"
"2026-06","Canada","2016A000011124","Losses and adjustments","Renewable fuels, total","Cubic metres","72","units","0","v1277885578","1.6.5","555","","","","0"
"2026-06","Canada","2016A000011124","Losses and adjustments","Fuel ethanol","Cubic metres","72","units","0","v1277885583","1.6.6","379","","","","0"
"2026-06","Canada","2016A000011124","Losses and adjustments","Renewable fuels except fuel ethanol","Cubic metres","72","units","0","v1277885588","1.6.7","176","","","","0"
"2026-06","Canada","2016A000011124","Losses and adjustments","Renewable fuel plant co-products, total","Metric tonnes","214","units","0","v1277885594","1.6.8","-38","","","","0"
"2026-06","Canada","2016A000011124","Losses and adjustments","Distillers grains, total","Metric tonnes","214","units","0","v1277885600","1.6.9","664","","","","0"
"2026-06","Canada","2016A000011124","Losses and adjustments","Renewable fuel plant co-products except distillers grains","Metric tonnes","214","units","0","v1277885558","1.6.10","-702","","","","0"
"2026-06","Canada","2016A000011124","Ending stocks","Renewable fuel plant feedstocks, total","Metric tonnes","214","units","0","v1277885553","1.7.1","241230","","","","0"
"2026-06","Canada","2016A000011124","Ending stocks","Cereal grains, total","Metric tonnes","214","units","0","v1277885564","1.7.2","130289","","","","0"
"2026-06","Canada","2016A000011124","Ending stocks","Vegetable oils, total","Metric tonnes","214","units","0","v1277885569","1.7.3","109751","","","","0"
"2026-06","Canada","2016A000011124","Ending stocks","Other renewable fuel plant feedstocks, total","Metric tonnes","214","units","0","v1277885574","1.7.4","1190","","","","0"
"2026-06","Canada","2016A000011124","Ending stocks","Renewable fuels, total","Cubic metres","72","units","0","v1277885579","1.7.5","148816","","","","0"
"2026-06","Canada","2016A000011124","Ending stocks","Fuel ethanol","Cubic metres","72","units","0","v1277885584","1.7.6","37362","","","","0"
"2026-06","Canada","2016A000011124","Ending stocks","Renewable fuels except fuel ethanol","Cubic metres","72","units","0","v1277885589","1.7.7","111454","","","","0"
"2026-06","Canada","2016A000011124","Ending stocks","Renewable fuel plant co-products, total","Metric tonnes","214","units","0","v1277885595","1.7.8","12382","","","","0"
"2026-06","Canada","2016A000011124","Ending stocks","Distillers grains, total","Metric tonnes","214","units","0","v1277885601","1.7.9","8523","","","","0"
"2026-06","Canada","2016A000011124","Ending stocks","Renewable fuel plant co-products except distillers grains","Metric tonnes","214","units","0","v1277885559","1.7.10","3859","","","","0"
